date,observed_I,S_sim,I_sim,R_sim,erro_I
2020-03-05,1.0,17366188.0,1.0,0.0,0.0
2020-03-06,1.5,17366187.99999967,0.33333300000051924,0.6666673333331282,1.1666669999994808
2020-03-07,1.6666666666666667,17366187.999999557,0.11111088888934614,0.8888895555554059,1.5555557777773206
2020-03-08,2.0,17366187.99999952,0.03703692592621011,0.9629635555555398,1.96296307407379
2020-03-09,2.2,17366187.99999951,0.012345629629780624,0.9876548641976229,2.1876543703702196
2020-03-10,3.1666666666666665,17366187.999999505,0.0041152057613900745,0.9958852921812272,3.1625514609052763
2020-03-11,4.571428571428571,17366187.999999505,0.0013717338820635745,0.9986287654322903,4.570056837546508
2020-03-12,6.714285714285714,17366187.999999505,0.00045724417011060983,0.9995432556014883,6.713828470115604
2020-03-13,8.714285714285714,17366187.999999505,0.0001524145709557173,0.999848085353058,8.714133299714758
2020-03-14,11.571428571428571,17366187.999999505,5.080480618046125e-05,0.9999496951686382,11.57137776662239
2020-03-15,14.571428571428571,17366187.999999505,1.693491845857807e-05,0.999983565073295,14.571411636510113
2020-03-16,18.571428571428573,17366187.999999505,5.644967174561995e-06,0.999994855030224,18.5714229264614
2020-03-17,22.142857142857142,17366187.999999505,1.8816538432012047e-06,0.999998618345437,22.142855261203298
2020-03-18,29.285714285714285,17366187.999999505,6.272173205167643e-07,0.999999872782587,29.285713658496963
2020-03-19,36.142857142857146,17366187.999999505,2.0907223110014026e-07,1.0000002909278853,36.14285693378491
2020-03-20,49.142857142857146,17366187.999999505,6.969067400941159e-08,1.000000430309512,49.142857073166475
2020-03-21,62.57142857142857,17366187.999999505,2.323020143961538e-08,1.000000476770008,62.57142854819837
2020-03-22,85.28571428571429,17366187.999999505,7.743392736483373e-09,1.0000004922568244,85.2857142779709
2020-03-23,113.57142857142856,17366187.999999505,2.581128331034232e-09,1.0000004974190915,113.57142856884742
2020-03-24,151.42857142857142,17366187.999999505,8.603752499699742e-10,1.0000004991398455,151.42857142771103
2020-03-25,194.0,17366187.999999505,2.867914631986882e-10,1.0000004997134295,193.9999999997132
2020-03-26,243.57142857142856,17366187.999999505,9.559705880255721e-11,1.000000499904624,243.57142857133294
2020-03-27,297.1428571428572,17366187.999999505,3.1865654401882444e-11,1.0000004999683554,297.14285714282533
2020-03-28,358.2857142857143,17366187.999999505,1.0621874178759227e-11,1.0000004999895993,358.28571428570365
2020-03-29,415.2857142857143,17366187.999999505,3.5406211856338646e-12,1.0000004999966805,415.28571428571075
2020-03-30,473.7142857142857,17366187.999999505,1.1802058816727314e-12,1.0000004999990408,473.71428571428453
2020-03-31,528.8571428571429,17366187.999999505,3.9340156715622937e-13,1.0000004999998275,528.8571428571425
2020-04-01,592.0,17366187.999999505,1.3113372458509167e-13,1.0000005000000898,591.9999999999999
2020-04-02,669.0,17366187.999999505,4.3711197817190456e-14,1.0000005000001773,669.0
2020-04-03,746.7142857142857,17366187.999999505,1.4570384702020233e-14,1.0000005000002063,746.7142857142857
2020-04-04,838.5714285714286,17366187.999999505,4.856790043886075e-15,1.0000005000002161,838.5714285714286
2020-04-05,945.2857142857144,17366187.999999505,1.618928395701199e-15,1.0000005000002194,945.2857142857144
2020-04-06,1052.571428571429,17366187.999999505,5.396422589251084e-16,1.0000005000002206,1052.571428571429
2020-04-07,1183.142857142857,17366187.999999505,1.7988057309456335e-16,1.000000500000221,1183.142857142857
2020-04-08,1304.0,17366187.999999505,5.99601310714235e-17,1.0000005000002212,1304.0
2020-04-09,1441.2857142857142,17366187.999999505,1.9986690370461934e-17,1.0000005000002212,1441.2857142857142
2020-04-10,1590.2857142857142,17366187.999999505,6.662223461267566e-18,1.0000005000002212,1590.2857142857142
2020-04-11,1735.571428571429,17366187.999999505,2.2207389330181598e-18,1.0000005000002212,1735.571428571429
2020-04-12,1893.4285714285716,17366187.999999505,7.402455707608955e-19,1.0000005000002212,1893.4285714285716
2020-04-13,2091.0,17366187.999999505,2.4674827683882596e-19,1.0000005000002212,2091.0
2020-04-14,2279.1428571428573,17366187.999999505,8.224934336364451e-20,1.0000005000002212,2279.1428571428573
2020-04-15,2417.1428571428573,17366187.999999505,2.7416420371476417e-20,1.0000005000002212,2417.1428571428573
2020-04-16,2541.285714285714,17366187.999999505,9.138797651699586e-21,1.0000005000002212,2541.285714285714
2020-04-17,2694.0,17366187.999999505,3.0462628376387227e-21,1.0000005000002212,2694.0
2020-04-18,2848.5714285714284,17366187.999999505,1.01541993046021e-21,1.0000005000002212,2848.5714285714284
2020-04-19,2964.285714285714,17366187.999999505,3.384729716806203e-22,1.0000005000002212,2964.285714285714
2020-04-20,3012.285714285714,17366187.999999505,1.1282421106939195e-22,1.0000005000002212,3012.285714285714
2020-04-21,3062.285714285714,17366187.999999505,3.760803274845221e-23,1.0000005000002212,3062.285714285714
2020-04-22,3158.285714285714,17366187.999999505,1.253599838015935e-23,1.0000005000002212,3158.285714285714
2020-04-23,3297.428571428572,17366187.999999505,4.178661948060166e-24,1.0000005000002212,3297.428571428572
2020-04-24,3305.428571428572,17366187.999999505,1.3928859231349095e-24,1.0000005000002212,3305.428571428572
2020-04-25,3274.428571428572,17366187.999999505,4.642948434170519e-25,1.0000005000002212,3274.428571428572
2020-04-26,3285.5714285714284,17366187.999999505,1.547647930409773e-25,1.0000005000002212,3285.5714285714284
2020-04-27,3358.285714285714,17366187.999999505,5.1588212758808406e-26,1.0000005000002212,3358.285714285714
2020-04-28,3429.5714285714284,17366187.999999505,1.7196053723558666e-26,1.0000005000002212,3429.5714285714284
2020-04-29,3541.8571428571427,17366187.999999505,5.732012175843911e-27,1.0000005000002212,3541.8571428571427
2020-04-30,3515.1428571428573,17366187.999999505,1.9106688146135546e-27,1.0000005000002212,3515.1428571428573
2020-05-01,3563.714285714286,17366187.999999505,6.368889679825719e-28,1.0000005000002212,3563.714285714286
2020-05-02,3619.571428571429,17366187.999999505,2.1229611036486534e-28,1.0000005000002212,3619.571428571429
2020-05-03,3693.0,17366187.999999505,7.076529935636186e-29,1.0000005000002212,3693.0
2020-05-04,3800.857142857143,17366187.999999505,2.3588409530390907e-29,1.0000005000002212,3800.857142857143
2020-05-05,3835.714285714286,17366187.999999505,7.862795314006041e-30,1.0000005000002212,3835.714285714286
2020-05-06,3795.285714285714,17366187.999999505,2.6209291504076583e-30,1.0000005000002212,3795.285714285714
2020-05-07,3827.714285714286,17366187.999999505,8.736421764941965e-31,1.0000005000002212,3827.714285714286
2020-05-08,4075.714285714286,17366187.999999505,2.912137676177936e-31,1.0000005000002212,4075.714285714286
2020-05-09,4230.571428571428,17366187.999999505,9.707115880149318e-32,1.0000005000002212,4230.571428571428
2020-05-10,4342.0,17366187.999999505,3.2357020576828526e-32,1.0000005000002212,4342.0
2020-05-11,4362.428571428572,17366187.999999505,1.0785662739952788e-32,1.0000005000002212,4362.428571428572
2020-05-12,4280.428571428572,17366187.999999505,3.595217318102283e-33,1.0000005000002212,4280.428571428572
2020-05-13,4133.428571428572,17366187.999999505,1.1984045742968552e-33,1.0000005000002212,4133.428571428572
2020-05-14,3934.571428571429,17366187.999999505,3.99467791964716e-34,1.0000005000002212,3934.571428571429
2020-05-15,3571.8571428571427,17366187.999999505,1.3315579749918203e-34,1.0000005000002212,3571.8571428571427
2020-05-16,3127.0,17366187.999999505,4.4385221447863995e-35,1.0000005000002212,3127.0
2020-05-17,2748.428571428572,17366187.999999505,1.4795059020903897e-35,1.0000005000002212,2748.428571428572
2020-05-18,2368.0,17366187.999999505,4.931681408622638e-36,1.0000005000002212,2368.0
2020-05-19,2130.714285714286,17366187.999999505,1.6438921589829696e-36,1.0000005000002212,2130.714285714286
2020-05-20,1984.571428571429,17366187.999999505,5.479635050311238e-37,1.0000005000002212,1984.571428571429
2020-05-21,1903.4285714285716,17366187.999999505,1.8265431902282406e-37,1.0000005000002212,1903.4285714285716
2020-05-22,1772.142857142857,17366187.999999505,6.088471212292984e-38,1.0000005000002212,1772.142857142857
2020-05-23,1926.142857142857,17366187.999999505,2.0294883746104192e-38,1.0000005000002212,1926.142857142857
2020-05-24,1964.142857142857,17366187.999999505,6.764954483750684e-39,1.0000005000002212,1964.142857142857
2020-05-25,2187.428571428572,17366187.999999505,2.254982572935579e-39,1.0000005000002212,2187.428571428572
2020-05-26,2466.8571428571427,17366187.999999505,7.516601059855061e-40,1.0000005000002212,2466.8571428571427
2020-05-27,3055.5714285714284,17366187.999999505,2.5055311810885684e-40,1.0000005000002212,3055.5714285714284
2020-05-28,3950.142857142857,17366187.999999505,8.351762251870968e-41,1.0000005000002212,3950.142857142857
2020-05-29,4939.571428571428,17366187.999999505,2.7839179667072415e-41,1.0000005000002212,4939.571428571428
2020-05-30,5963.142857142857,17366187.999999505,9.279717275978703e-42,1.0000005000002212,5963.142857142857
2020-05-31,6974.142857142857,17366187.999999505,3.093235998758628e-42,1.0000005000002212,6974.142857142857
2020-06-01,7731.0,17366187.999999505,1.0310776351758158e-42,1.0000005000002212,7731.0
2020-06-02,8513.714285714286,17366187.999999505,3.4369220136659556e-43,1.0000005000002212,8513.714285714286
2020-06-03,9304.142857142857,17366187.999999505,1.1456395255830987e-43,1.0000005000002212,9304.142857142857
2020-06-04,9474.142857142857,17366187.999999505,3.81879459981786e-44,1.0000005000002212,9474.142857142857
2020-06-05,9583.285714285714,17366187.999999505,1.2729302603430694e-44,1.0000005000002212,9583.285714285714
2020-06-06,9503.0,17366187.999999505,4.243096624715973e-45,1.0000005000002212,9503.0
2020-06-07,9530.714285714286,17366187.999999505,1.4143641272086526e-45,1.0000005000002212,9530.714285714286
2020-06-08,9610.714285714286,17366187.999999505,4.71454237615576e-46,1.0000005000002212,9610.714285714286
2020-06-09,9652.285714285714,17366187.999999505,1.5715125538735758e-46,1.0000005000002212,9652.285714285714
2020-06-10,9353.714285714286,17366187.999999505,5.238369941211569e-47,1.0000005000002212,9353.714285714286
2020-06-11,9228.142857142857,17366187.999999505,1.7461215676165958e-47,1.0000005000002212,9228.142857142857
2020-06-12,9110.285714285714,17366187.999999505,5.820399404992493e-48,1.0000005000002212,9110.285714285714
2020-06-13,9075.714285714286,17366187.999999505,1.940131194867385e-48,1.0000005000002212,9075.714285714286
2020-06-14,8872.857142857143,17366187.999999505,6.4670975157973745e-49,1.0000005000002212,8872.857142857143
2020-06-15,8713.142857142857,17366187.999999505,2.155697016236644e-49,1.0000005000002212,8713.142857142857
2020-06-16,8829.42857142857,17366187.999999505,7.185649535143285e-50,1.0000005000002212,8829.42857142857
2020-06-17,8824.285714285714,17366187.999999505,2.3952141165016483e-50,1.0000005000002212,8824.285714285714
2020-06-18,8837.285714285714,17366187.999999505,7.984039070970874e-51,1.0000005000002212,8837.285714285714
2020-06-19,9651.42857142857,17366187.999999505,2.66134369564808e-51,1.0000005000002212,9651.42857142857
2020-06-20,9929.285714285714,17366187.999999505,8.871136781028436e-52,1.0000005000002212,9929.285714285714
2020-06-21,10265.57142857143,17366187.999999505,2.9570426366351584e-52,1.0000005000002212,10265.57142857143
2020-06-22,10575.285714285714,17366187.999999505,9.856798931990427e-53,1.0000005000002212,10575.285714285714
2020-06-23,11016.285714285714,17366187.999999505,3.2855963584022827e-53,1.0000005000002212,11016.285714285714
2020-06-24,11178.0,17366187.999999505,1.0951976909370144e-53,1.0000005000002212,11178.0
2020-06-25,11500.714285714286,17366187.999999505,3.6506553191367645e-54,1.0000005000002212,11500.714285714286
2020-06-26,11027.0,17366187.999999505,1.2168838894957102e-54,1.0000005000002212,11027.0
2020-06-27,10943.57142857143,17366187.999999505,4.056275575379053e-55,1.0000005000002212,10943.57142857143
2020-06-28,10934.42857142857,17366187.999999505,1.3520905063699325e-55,1.0000005000002212,10934.42857142857
2020-06-29,10870.285714285714,17366187.999999505,4.506963847605108e-56,1.0000005000002212,10870.285714285714
2020-06-30,10257.142857142857,17366187.999999505,1.5023197802160934e-56,1.0000005000002212,10257.142857142857
2020-07-01,10207.714285714286,17366187.999999505,5.00772759299551e-57,1.0000005000002212,10207.714285714286
2020-07-02,10308.57142857143,17366187.999999505,1.6692408617585727e-57,1.0000005000002212,10308.57142857143
2020-07-03,10145.142857142857,17366187.999999505,5.564130641734369e-58,1.0000005000002212,10145.142857142857
2020-07-04,10113.857142857143,17366187.999999505,1.8547083592041312e-58,1.0000005000002212,10113.857142857143
2020-07-05,10475.714285714286,17366187.999999505,6.18235501499554e-59,1.0000005000002212,10475.714285714286
2020-07-06,10440.42857142857,17366187.999999505,2.0607829442167183e-59,1.0000005000002212,10440.42857142857
2020-07-07,10803.714285714286,17366187.999999505,6.869269611456613e-60,1.0000005000002212,10803.714285714286
2020-07-08,10814.57142857143,17366187.999999505,2.2897542473992339e-60,1.0000005000002212,10814.57142857143
2020-07-09,10888.142857142857,17366187.999999505,7.632506525495177e-61,1.0000005000002212,10888.142857142857
2020-07-10,10901.857142857143,17366187.999999505,2.5441662976668464e-61,1.0000005000002212,10901.857142857143
2020-07-11,10787.142857142857,17366187.999999505,8.480545845015038e-62,1.0000005000002212,10787.142857142857
2020-07-12,10116.0,17366187.999999505,2.8268457881608e-62,1.0000005000002212,10116.0
2020-07-13,10080.857142857143,17366187.999999505,9.422809871064716e-63,1.0000005000002212,10080.857142857143
2020-07-14,9679.714285714286,17366187.999999505,3.1409334827565076e-63,1.0000005000002212,9679.714285714286
2020-07-15,9424.42857142857,17366187.999999505,1.0469767806093057e-63,1.0000005000002212,9424.42857142857
2020-07-16,8909.42857142857,17366187.999999505,3.4899191121138524e-64,1.0000005000002212,8909.42857142857
2020-07-17,8637.714285714286,17366187.999999505,1.1633052074000584e-64,1.0000005000002212,8637.714285714286
2020-07-18,8480.857142857143,17366187.999999505,3.877680146988876e-65,1.0000005000002212,8480.857142857143
2020-07-19,8615.142857142857,17366187.999999505,1.2925587564382565e-65,1.0000005000002212,8615.142857142857
2020-07-20,8781.57142857143,17366187.999999505,4.3085248796050433e-66,1.0000005000002212,8781.57142857143
2020-07-21,8681.42857142857,17366187.999999505,1.436173523695625e-66,1.0000005000002212,8681.42857142857
2020-07-22,8800.857142857143,17366187.999999505,4.787240291747795e-67,1.0000005000002212,8800.857142857143
2020-07-23,8907.285714285714,17366187.999999505,1.5957451681716534e-67,1.0000005000002212,8907.285714285714
2020-07-24,9177.285714285714,17366187.999999505,5.319145241429903e-68,1.0000005000002212,9177.285714285714
2020-07-25,9397.857142857143,17366187.999999505,1.7730466407643152e-68,1.0000005000002212,9397.857142857143
2020-07-26,9386.857142857143,17366187.999999505,5.910149559068121e-69,1.0000005000002212,9386.857142857143
2020-07-27,9224.0,17366187.999999505,1.970047882975923e-69,1.0000005000002212,9224.0
2020-07-28,9441.57142857143,17366187.999999505,6.566819709770363e-70,1.0000005000002212,9441.57142857143
2020-07-29,9552.142857142857,17366187.999999505,2.188937714320294e-70,1.0000005000002212,9552.142857142857
2020-07-30,9724.857142857143,17366187.999999505,7.296451751286635e-71,1.0000005000002212,9724.857142857143
2020-07-31,9811.285714285714,17366187.999999505,2.432148151615416e-71,1.0000005000002212,9811.285714285714
2020-08-01,9908.57142857143,17366187.999999505,8.107152398236845e-72,1.0000005000002212,9908.57142857143
2020-08-02,10017.142857142857,17366187.999999505,2.702381430365691e-72,1.0000005000002212,10017.142857142857
2020-08-03,10046.285714285714,17366187.999999505,9.007929093294898e-73,1.0000005000002212,10046.285714285714
2020-08-04,9268.42857142857,17366187.999999505,3.002640028459945e-73,1.0000005000002212,9268.42857142857
2020-08-05,8540.857142857143,17366187.999999505,1.0008790086081975e-73,1.0000005000002212,8540.857142857143
2020-08-06,7752.857142857143,17366187.999999505,3.33626002576916e-74,1.0000005000002212,7752.857142857143
2020-08-07,6935.428571428572,17366187.999999505,1.1120855631714438e-74,1.0000005000002212,6935.428571428572
2020-08-08,6185.0,17366187.999999505,3.7069481702920437e-75,1.0000005000002212,6185.0
2020-08-09,5551.714285714285,17366187.999999505,1.2356481544498829e-75,1.0000005000002212,5551.714285714285
2020-08-10,4833.0,17366187.999999505,4.118823062678844e-76,1.0000005000002212,4833.0
2020-08-11,4911.857142857143,17366187.999999505,1.3729396479540659e-76,1.0000005000002212,4911.857142857143
2020-08-12,4992.285714285715,17366187.999999505,4.576460916721855e-77,1.0000005000002212,4992.285714285715
2020-08-13,5171.285714285715,17366187.999999505,1.525485446756022e-77,1.0000005000002212,5171.285714285715
2020-08-14,5286.714285714285,17366187.999999505,5.084946404243172e-78,1.0000005000002212,5286.714285714285
2020-08-15,5270.0,17366187.999999505,1.694980439768229e-78,1.0000005000002212,5270.0
2020-08-16,5208.857142857143,17366187.999999505,5.64992914930143e-79,1.0000005000002212,5208.857142857143
2020-08-17,5230.428571428572,17366187.999999505,1.883307833127027e-79,1.0000005000002212,5230.428571428572
2020-08-18,5298.857142857143,17366187.999999505,6.2776864994070884e-80,1.0000005000002212,5298.857142857143
2020-08-19,5319.714285714285,17366187.999999505,2.0925600739101218e-80,1.0000005000002212,5319.714285714285
2020-08-20,5339.285714285715,17366187.999999505,6.975193271177692e-81,1.0000005000002212,5339.285714285715
2020-08-21,5373.428571428572,17366187.999999505,2.3250620986650955e-81,1.0000005000002212,5373.428571428572
2020-08-22,5587.857142857143,17366187.999999505,7.750199245355398e-82,1.0000005000002212,5587.857142857143
2020-08-23,5867.142857142857,17366187.999999505,2.5833971650560755e-82,1.0000005000002212,5867.142857142857
2020-08-24,5963.714285714285,17366187.999999505,8.611315272209782e-83,1.0000005000002212,5963.714285714285
2020-08-25,6015.714285714285,17366187.999999505,2.8704355536359737e-83,1.0000005000002212,6015.714285714285
2020-08-26,6050.285714285715,17366187.999999505,9.568108944016308e-84,1.0000005000002212,6050.285714285715
2020-08-27,6042.0,17366187.999999505,3.189366458640756e-84,1.0000005000002212,6042.0
2020-08-28,6072.428571428572,17366187.999999505,1.0631210897597556e-84,1.0000005000002212,6072.428571428572
2020-08-29,6018.428571428572,17366187.999999505,3.543733422134405e-85,1.0000005000002212,6018.428571428572
2020-08-30,5823.428571428572,17366187.999999505,1.1812432928021672e-85,1.0000005000002212,5823.428571428572
2020-08-31,5813.857142857143,17366187.999999505,3.937473705202381e-86,1.0000005000002212,5813.857142857143
2020-09-01,5831.428571428572,17366187.999999505,1.31248992257827e-86,1.0000005000002212,5831.428571428572
2020-09-02,5801.285714285715,17366187.999999505,4.374962033634641e-87,1.0000005000002212,5801.285714285715
2020-09-03,5764.285714285715,17366187.999999505,1.4583192195598067e-87,1.0000005000002212,5764.285714285715
2020-09-04,5728.714285714285,17366187.999999505,4.8610592041428635e-88,1.0000005000002212,5728.714285714285
2020-09-05,5639.0,17366187.999999505,1.6203514476970774e-88,1.0000005000002212,5639.0
2020-09-06,5628.857142857143,17366187.999999505,5.401166091160512e-89,1.0000005000002212,5628.857142857143
2020-09-07,5680.142857142857,17366187.999999505,1.8003868966676116e-89,1.0000005000002212,5680.142857142857
2020-09-08,5496.857142857143,17366187.999999505,6.001283654278401e-90,1.0000005000002212,5496.857142857143
2020-09-09,5288.571428571428,17366187.999999505,2.0004258843346977e-90,1.0000005000002212,5288.571428571428
2020-09-10,5016.571428571428,17366187.999999505,6.668079613039766e-91,1.0000005000002212,5016.571428571428
2020-09-11,4975.285714285715,17366187.999999505,2.2226909816568472e-91,1.0000005000002212,4975.285714285715
2020-09-12,4936.428571428572,17366187.999999505,7.40896252989776e-92,1.0000005000002212,4936.428571428572
2020-09-13,4925.285714285715,17366187.999999505,2.4696517069822574e-92,1.0000005000002212,4925.285714285715
2020-09-14,4848.0,17366187.999999505,8.232164124447994e-93,1.0000005000002212,4848.0
2020-09-15,5152.571428571428,17366187.999999505,2.7440519640988964e-93,1.0000005000002212,5152.571428571428
2020-09-16,5268.0,17366187.999999505,9.146830733504024e-94,1.0000005000002212,5268.0
2020-09-17,5344.142857142857,17366187.999999505,3.048940528895845e-94,1.0000005000002212,5344.142857142857
2020-09-18,5307.714285714285,17366187.999999505,1.016312493320022e-94,1.0000005000002212,5307.714285714285
2020-09-19,5333.571428571428,17366187.999999505,3.387704923363707e-95,1.0000005000002212,5333.571428571428
2020-09-20,5308.571428571428,17366187.999999505,1.1292338452213534e-95,1.0000005000002212,5308.571428571428
2020-09-21,5796.142857142857,17366187.999999505,3.764109053297557e-96,1.0000005000002212,5796.142857142857
2020-09-22,5591.0,17366187.999999505,1.2547017630647893e-96,1.0000005000002212,5591.0
2020-09-23,5589.571428571428,17366187.999999505,4.182335027883269e-97,1.0000005000002212,5589.571428571428
2020-09-24,5711.571428571428,17366187.999999505,1.394110281851585e-97,1.0000005000002212,5711.571428571428
2020-09-25,5668.571428571428,17366187.999999505,4.647029625811581e-98,1.0000005000002212,5668.571428571428
2020-09-26,5530.0,17366187.999999505,1.5490083262630647e-98,1.0000005000002212,5530.0
2020-09-27,5492.428571428572,17366187.999999505,5.163355924190506e-99,1.0000005000002212,5492.428571428572
2020-09-28,4926.285714285715,17366187.999999505,1.7211169202808737e-99,1.0000005000002212,4926.285714285715
2020-09-29,4910.571428571428,17366187.999999505,5.737050663888783e-100,1.0000005000002212,4910.571428571428
2020-09-30,4868.857142857143,17366187.999999505,1.9123483089490182e-100,1.0000005000002212,4868.857142857143
2020-10-01,4778.0,17366187.999999505,6.374487988678961e-101,1.0000005000002212,4778.0
2020-10-02,4845.0,17366187.999999505,2.1248272047336338e-101,1.0000005000002212,4845.0
2020-10-03,4971.571428571428,17366187.999999505,7.082750266365795e-102,1.0000005000002212,4971.571428571428
2020-10-04,4961.285714285715,17366187.999999505,2.3609143945421866e-102,1.0000005000002212,4961.285714285715
2020-10-05,5030.142857142857,17366187.999999505,7.869706778771565e-103,1.0000005000002212,5030.142857142857
2020-10-06,5319.0,17366187.999999505,2.623232969692349e-103,1.0000005000002212,5319.0
2020-10-07,5404.571428571428,17366187.999999505,8.744101154878217e-104,1.0000005000002212,5404.571428571428
2020-10-08,5513.0,17366187.999999505,2.914697470263561e-104,1.0000005000002212,5513.0
2020-10-09,5509.857142857143,17366187.999999505,9.715648518568768e-105,1.0000005000002212,5509.857142857143
2020-10-10,5497.0,17366187.999999505,3.2385462676451285e-105,1.0000005000002212,5497.0
2020-10-11,5573.857142857143,17366187.999999505,1.0795143430346352e-105,1.0000005000002212,5573.857142857143
2020-10-12,5484.428571428572,17366187.999999505,3.5983775450732464e-106,1.0000005000002212,5484.428571428572
2020-10-13,5137.428571428572,17366187.999999505,1.1994579822337692e-106,1.0000005000002212,5137.428571428572
2020-10-14,4924.714285714285,17366187.999999505,3.998189275925519e-107,1.0000005000002212,4924.714285714285
2020-10-15,4593.571428571428,17366187.999999505,1.3327284259141571e-107,1.0000005000002212,4593.571428571428
2020-10-16,4698.571428571428,17366187.999999505,4.442423643959357e-108,1.0000005000002212,4698.571428571428
2020-10-17,4518.714285714285,17366187.999999505,1.4808064005142108e-108,1.0000005000002212,4518.714285714285
2020-10-18,4330.428571428572,17366187.999999505,4.936016399033724e-109,1.0000005000002212,4330.428571428572
2020-10-19,4279.142857142857,17366187.999999505,1.6453371543416714e-109,1.0000005000002212,4279.142857142857
2020-10-20,4198.142857142857,17366187.999999505,5.484451696690266e-110,1.0000005000002212,4198.142857142857
2020-10-21,4253.714285714285,17366187.999999505,1.828148737415705e-110,1.0000005000002212,4253.714285714285
2020-10-22,4397.142857142857,17366187.999999505,6.093823030899384e-111,1.0000005000002212,4397.142857142857
2020-10-23,4128.285714285715,17366187.999999505,2.0312723123619485e-111,1.0000005000002212,4128.285714285715
2020-10-24,4243.571428571428,17366187.999999505,6.770900936976001e-112,1.0000005000002212,4243.571428571428
2020-10-25,4269.571428571428,17366187.999999505,2.256964722028537e-112,1.0000005000002212,4269.571428571428
2020-10-26,4276.142857142857,17366187.999999505,7.523208216891099e-113,1.0000005000002212,4276.142857142857
2020-10-27,4395.857142857143,17366187.999999505,2.5077335645648655e-113,1.0000005000002212,4395.857142857143
2020-10-28,4523.285714285715,17366187.999999505,8.359103522784025e-114,1.0000005000002212,4523.285714285715
2020-10-29,4671.571428571428,17366187.999999505,2.7863650545645073e-114,1.0000005000002212,4671.571428571428
2020-10-30,4793.571428571428,17366187.999999505,9.28787422734598e-115,1.0000005000002212,4793.571428571428
2020-10-31,4827.285714285715,17366187.999999505,3.0959549798287405e-115,1.0000005000002212,4827.285714285715
2020-11-01,4899.857142857143,17366187.999999505,1.0319839612928615e-115,1.0000005000002212,4899.857142857143
2020-11-02,4948.571428571428,17366187.999999505,3.439943097701692e-116,1.0000005000002212,4948.571428571428
2020-11-03,4830.571428571428,17366187.999999505,1.1466465525879837e-116,1.0000005000002212,4830.571428571428
2020-11-04,4562.857142857143,17366187.999999505,3.822151353144057e-117,1.0000005000002212,4562.857142857143
2020-11-05,4358.0,17366187.999999505,1.2740491769995523e-117,1.0000005000002212,4358.0
2020-11-06,4158.857142857143,17366187.999999505,4.246826343174531e-118,1.0000005000002212,4158.857142857143
2020-11-07,3940.0,17366187.999999505,1.4156073654516013e-118,1.0000005000002212,3940.0
2020-11-08,3881.142857142857,17366187.999999505,4.7186864994881354e-119,1.0000005000002212,3881.142857142857
2020-11-09,3834.571428571429,17366187.999999505,1.572893926936329e-119,1.0000005000002212,3834.571428571429
2020-11-10,3900.714285714286,17366187.999999505,5.2429745134828405e-120,1.0000005000002212,3900.714285714286
2020-11-11,4108.714285714285,17366187.999999505,1.747656423505498e-120,1.0000005000002212,4108.714285714285
2020-11-12,4234.0,17366187.999999505,5.8255155861726555e-121,1.0000005000002212,4234.0
2020-11-13,4308.428571428572,17366187.999999505,1.9418365868887146e-121,1.0000005000002212,4308.428571428572
2020-11-14,4937.0,17366187.999999505,6.472782150183841e-122,1.0000005000002212,4937.0
2020-11-15,5472.571428571428,17366187.999999505,2.1575918924705912e-122,1.0000005000002212,5472.571428571428
2020-11-16,5568.571428571428,17366187.999999505,7.1919657829402e-123,1.0000005000002212,5568.571428571428
2020-11-17,5718.857142857143,17366187.999999505,2.3973195303285393e-123,1.0000005000002212,5718.857142857143
2020-11-18,5915.142857142857,17366187.999999505,7.991057110042481e-124,1.0000005000002212,5915.142857142857
2020-11-19,6142.0,17366187.999999505,2.6636830396659403e-124,1.0000005000002212,6142.0
2020-11-20,6477.714285714285,17366187.999999505,8.878934586623499e-125,1.0000005000002212,6477.714285714285
2020-11-21,6358.0,17366187.999999505,2.9596419025675806e-125,1.0000005000002212,6358.0
2020-11-22,6181.0,17366187.999999505,9.865463143100958e-126,1.0000005000002212,6181.0
2020-11-23,6259.571428571428,17366187.999999505,3.288484425884393e-126,1.0000005000002212,6259.571428571428
2020-11-24,6269.571428571428,17366187.999999505,1.0961603791350297e-126,1.0000005000002212,6269.571428571428
2020-11-25,6309.428571428572,17366187.999999505,3.65386427658786e-127,1.0000005000002212,6309.428571428572
2020-11-26,6336.142857142857,17366187.999999505,1.2179535409097584e-127,1.0000005000002212,6336.142857142857
2020-11-27,6257.428571428572,17366187.999999505,4.059841076527049e-128,1.0000005000002212,6257.428571428572
2020-11-28,6891.857142857143,17366187.999999505,1.3532790055640985e-128,1.0000005000002212,6891.857142857143
2020-11-29,7616.857142857143,17366187.999999505,4.510925507624001e-129,1.0000005000002212,7616.857142857143
2020-11-30,7820.857142857143,17366187.999999505,1.503640332235173e-129,1.0000005000002212,7820.857142857143
2020-12-01,8100.0,17366187.999999505,5.012129428657276e-130,1.0000005000002212,8100.0
2020-12-02,8380.285714285714,17366187.999999505,1.670708138845218e-130,1.0000005000002212,8380.285714285714
2020-12-03,8742.42857142857,17366187.999999505,5.569021560465605e-131,1.0000005000002212,8742.42857142857
2020-12-04,9145.57142857143,17366187.999999505,1.8563386638175734e-131,1.0000005000002212,9145.57142857143
2020-12-05,8747.285714285714,17366187.999999505,6.187789358272672e-132,1.0000005000002212,8747.285714285714
2020-12-06,8165.571428571428,17366187.999999505,2.0625943901643173e-132,1.0000005000002212,8165.571428571428
2020-12-07,8180.571428571428,17366187.999999505,6.875307758577136e-133,1.0000005000002212,8180.571428571428
2020-12-08,8133.857142857143,17366187.999999505,2.291766961093363e-133,1.0000005000002212,8133.857142857143
2020-12-09,8452.142857142857,17366187.999999505,7.639215564433238e-134,1.0000005000002212,8452.142857142857
2020-12-10,8280.285714285714,17366187.999999505,2.5464026417431913e-134,1.0000005000002212,8280.285714285714
2020-12-11,8159.428571428572,17366187.999999505,8.488000317815051e-135,1.0000005000002212,8159.428571428572
2020-12-12,8565.714285714286,17366187.999999505,2.829330609942651e-135,1.0000005000002212,8565.714285714286
2020-12-13,8518.142857142857,17366187.999999505,9.431092602054831e-136,1.0000005000002212,8518.142857142857
2020-12-14,8527.857142857143,17366187.999999505,3.14369439032564e-136,1.0000005000002212,8527.857142857143
2020-12-15,8367.714285714286,17366187.999999505,1.0478970822120486e-136,1.0000005000002212,8367.714285714286
2020-12-16,7829.857142857143,17366187.999999505,3.492986781055328e-137,1.0000005000002212,7829.857142857143
2020-12-17,7685.285714285715,17366187.999999505,1.1643277626913292e-137,1.0000005000002212,7685.285714285715
2020-12-18,7985.428571428572,17366187.999999505,3.881088661217935e-138,1.0000005000002212,7985.428571428572
2020-12-19,7261.428571428572,17366187.999999505,1.2936949267117732e-138,1.0000005000002212,7261.428571428572
2020-12-20,7547.142857142857,17366187.999999505,4.312312110062873e-139,1.0000005000002212,7547.142857142857
2020-12-21,7409.571428571428,17366187.999999505,1.4374359325858267e-139,1.0000005000002212,7409.571428571428
2020-12-22,7447.714285714285,17366187.999999505,4.791448317173777e-140,1.0000005000002212,7447.714285714285
2020-12-23,7810.0,17366187.999999505,1.5971478419109745e-140,1.0000005000002212,7810.0
2020-12-24,8756.57142857143,17366187.999999505,5.323820815885401e-141,1.0000005000002212,8756.57142857143
2020-12-25,9285.42857142857,17366187.999999505,1.774605164024292e-141,1.0000005000002212,9285.42857142857
2020-12-26,9136.42857142857,17366187.999999505,5.915344631406307e-142,1.0000005000002212,9136.42857142857
2020-12-27,8472.0,17366187.999999505,1.9717795720236307e-142,1.0000005000002212,8472.0
2020-12-28,8261.714285714286,17366187.999999505,6.572592000823766e-143,1.0000005000002212,8261.714285714286
2020-12-29,8068.714285714285,17366187.999999505,2.1908618094140013e-143,1.0000005000002212,8068.714285714285
2020-12-30,7472.428571428572,17366187.999999505,7.302865395185347e-144,1.0000005000002212,7472.428571428572
2020-12-31,7246.142857142857,17366187.999999505,2.4342860307771086e-144,1.0000005000002212,7246.142857142857
2021-01-01,7040.142857142857,17366187.999999505,8.114278654982896e-145,1.0000005000002212,7040.142857142857
2021-01-02,6959.714285714285,17366187.999999505,2.704756846905628e-145,1.0000005000002212,6959.714285714285
2021-01-03,6836.0,17366187.999999505,9.01584714050998e-146,1.0000005000002212,6836.0
2021-01-04,7187.0,17366187.999999505,3.005279374892295e-146,1.0000005000002212,7187.0
2021-01-05,7222.428571428572,17366187.999999505,1.001758789872534e-146,1.0000005000002212,7222.428571428572
2021-01-06,7327.142857142857,17366187.999999505,3.3391926270510136e-147,1.0000005000002212,7327.142857142857
2021-01-07,7104.714285714285,17366187.999999505,1.1130630959545295e-147,1.0000005000002212,7104.714285714285
2021-01-08,6210.714285714285,17366187.999999505,3.710206609643892e-148,1.0000005000002212,6210.714285714285
2021-01-09,6513.142857142857,17366187.999999505,1.236734299814354e-148,1.0000005000002212,6513.142857142857
2021-01-10,6838.714285714285,17366187.999999505,4.122443543606603e-149,1.0000005000002212,6838.714285714285
2021-01-11,6665.714285714285,17366187.999999505,1.3741464737231603e-149,1.0000005000002212,6665.714285714285
2021-01-12,7215.571428571428,17366187.999999505,4.5804836652627553e-150,1.0000005000002212,7215.571428571428
2021-01-13,7357.428571428572,17366187.999999505,1.526826361595408e-150,1.0000005000002212,7357.428571428572
2021-01-14,6938.571428571428,17366187.999999505,5.089416115904748e-151,1.0000005000002212,6938.571428571428
2021-01-15,7145.571428571428,17366187.999999505,1.69647034216552e-151,1.0000005000002212,7145.571428571428
2021-01-16,7283.0,17366187.999999505,5.654895485659399e-152,1.0000005000002212,7283.0
2021-01-17,7637.428571428572,17366187.999999505,1.88496327692424e-152,1.0000005000002212,7637.428571428572
2021-01-18,7887.142857142857,17366187.999999505,6.283204639879664e-153,1.0000005000002212,7887.142857142857
2021-01-19,6576.0,17366187.999999505,2.0943994522282706e-153,1.0000005000002212,6576.0
2021-01-20,6154.0,17366187.999999505,6.981324526106933e-154,1.0000005000002212,6154.0
2021-01-21,6072.571428571428,17366187.999999505,2.3271058482644272e-154,1.0000005000002212,6072.571428571428
2021-01-22,5847.714285714285,17366187.999999505,7.757011737207348e-155,1.0000005000002212,5847.714285714285
2021-01-23,6325.0,17366187.999999505,2.585667993402565e-155,1.0000005000002212,6325.0
2021-01-24,5930.428571428572,17366187.999999505,8.618884692461998e-156,1.0000005000002212,5930.428571428572
2021-01-25,5597.142857142857,17366187.999999505,2.8729586911969103e-156,1.0000005000002212,5597.142857142857
2021-01-26,6350.142857142857,17366187.999999505,9.576519394142316e-157,1.0000005000002212,6350.142857142857
2021-01-27,6557.428571428572,17366187.999999505,3.1921699392126147e-157,1.0000005000002212,6557.428571428572
2021-01-28,6362.428571428572,17366187.999999505,1.0640555823492165e-157,1.0000005000002212,6362.428571428572
2021-01-29,6281.571428571428,17366187.999999505,3.546848394317638e-158,1.0000005000002212,6281.571428571428
2021-01-30,5474.428571428572,17366187.999999505,1.1822816158249228e-158,1.0000005000002212,5474.428571428572
2021-01-31,5319.714285714285,17366187.999999505,3.940934778483829e-159,1.0000005000002212,5319.714285714285
2021-02-01,5262.0,17366187.999999505,1.313643612518397e-159,1.0000005000002212,5262.0
2021-02-02,5201.285714285715,17366187.999999505,4.378807662922769e-160,1.0000005000002212,5201.285714285715
2021-02-03,5145.285714285715,17366187.999999505,1.4596010947073094e-160,1.0000005000002212,5145.285714285715
2021-02-04,5061.571428571428,17366187.999999505,4.865332117028296e-161,1.0000005000002212,5061.571428571428
2021-02-05,4960.142857142857,17366187.999999505,1.6217757505679196e-161,1.0000005000002212,4960.142857142857
2021-02-06,5223.571428571428,17366187.999999505,5.405913762648983e-162,1.0000005000002212,5223.571428571428
2021-02-07,5599.285714285715,17366187.999999505,1.8019694522478804e-162,1.0000005000002212,5599.285714285715
2021-02-08,6284.285714285715,17366187.999999505,6.006558834270785e-163,1.0000005000002212,6284.285714285715
2021-02-09,6116.428571428572,17366187.999999505,2.0021842759071027e-163,1.0000005000002212,6116.428571428572
2021-02-10,6034.285714285715,17366187.999999505,6.6739409124198184e-164,1.0000005000002212,6034.285714285715
2021-02-11,6231.428571428572,17366187.999999505,2.2246447461631008e-164,1.0000005000002212,6231.428571428572
2021-02-12,6142.0,17366187.999999505,7.415475071739399e-165,1.0000005000002212,6142.0
2021-02-13,5651.714285714285,17366187.999999505,2.4718225520919587e-165,1.0000005000002212,5651.714285714285
2021-02-14,5105.571428571428,17366187.999999505,8.23940026757752e-166,1.0000005000002212,5105.571428571428
2021-02-15,4217.142857142857,17366187.999999505,2.746464009396696e-166,1.0000005000002212,4217.142857142857
2021-02-16,4132.857142857143,17366187.999999505,9.154870876456553e-167,1.0000005000002212,4132.857142857143
2021-02-17,3908.0,17366187.999999505,3.0516205738666458e-167,1.0000005000002212,3908.0
2021-02-18,3442.8571428571427,17366187.999999505,1.0172058407502748e-167,1.0000005000002212,3442.8571428571427
2021-02-19,3560.0,17366187.999999505,3.390682745153395e-168,1.0000005000002212,3560.0
2021-02-20,3469.285714285714,17366187.999999505,1.1302264514919773e-168,1.0000005000002212,3469.285714285714
2021-02-21,3380.714285714286,17366187.999999505,3.76741773755762e-169,1.0000005000002212,3380.714285714286
2021-02-22,3459.8571428571427,17366187.999999505,1.2558046567152507e-169,1.0000005000002212,3459.8571428571427
2021-02-23,3411.285714285714,17366187.999999505,4.1860113363751684e-170,1.0000005000002212,3411.285714285714
2021-02-24,3945.857142857143,17366187.999999505,1.3953357167901176e-170,1.0000005000002212,3945.857142857143
2021-02-25,4051.142857142857,17366187.999999505,4.651114404855246e-171,1.0000005000002212,4051.142857142857
2021-02-26,3890.857142857143,17366187.999999505,1.5503699179160288e-171,1.0000005000002212,3890.857142857143
2021-02-27,4018.857142857143,17366187.999999505,5.167894558495087e-172,1.0000005000002212,4018.857142857143
2021-02-28,4153.857142857143,17366187.999999505,1.7226297968695262e-172,1.0000005000002212,4153.857142857143
2021-03-01,4163.428571428572,17366187.999999505,5.742093580808043e-173,1.0000005000002212,4163.428571428572
2021-03-02,4381.0,17366187.999999505,1.9140292795744682e-173,1.0000005000002212,4381.0
2021-03-03,4129.571428571428,17366187.999999505,6.380091218493899e-174,1.0000005000002212,4129.571428571428
2021-03-04,4327.285714285715,17366187.999999505,2.1266949461375396e-174,1.0000005000002212,4327.285714285715
2021-03-05,4526.142857142857,17366187.999999505,7.088976064819686e-175,1.0000005000002212,4526.142857142857
2021-03-06,4733.428571428572,17366187.999999505,2.3629896586182194e-175,1.0000005000002212,4733.428571428572
2021-03-07,5093.571428571428,17366187.999999505,7.876624318774137e-176,1.0000005000002212,5093.571428571428
2021-03-08,5150.0,17366187.999999505,2.6255388140540294e-176,1.0000005000002212,5150.0
2021-03-09,5248.428571428572,17366187.999999505,8.75178729506435e-177,1.0000005000002212,5248.428571428572
2021-03-10,5368.285714285715,17366187.999999505,2.9172595144302283e-177,1.0000005000002212,5368.285714285715
2021-03-11,5479.714285714285,17366187.999999505,9.72418865725086e-178,1.0000005000002212,5479.714285714285
2021-03-12,5633.714285714285,17366187.999999505,3.2413929776924504e-178,1.0000005000002212,5633.714285714285
2021-03-13,5788.428571428572,17366187.999999505,1.0804632454348405e-178,1.0000005000002212,5788.428571428572
2021-03-14,5748.857142857143,17366187.999999505,3.601540549910928e-179,1.0000005000002212,5748.857142857143
2021-03-15,6019.428571428572,17366187.999999505,1.200512316125329e-179,1.0000005000002212,6019.428571428572
2021-03-16,6145.0,17366187.999999505,4.001703718716276e-180,1.0000005000002212,6145.0
2021-03-17,6369.285714285715,17366187.999999505,1.3338999056729298e-180,1.0000005000002212,6369.285714285715
2021-03-18,6652.428571428572,17366187.999999505,4.4463285725836744e-181,1.0000005000002212,6652.428571428572
2021-03-19,6906.714285714285,17366187.999999505,1.4821080420873428e-181,1.0000005000002212,6906.714285714285
2021-03-20,7002.714285714285,17366187.999999505,4.9403551999386976e-182,1.0000005000002212,7002.714285714285
2021-03-21,7542.285714285715,17366187.999999505,1.6467834198637308e-182,1.0000005000002212,7542.285714285715
2021-03-22,7742.428571428572,17366187.999999505,5.48927257694292e-183,1.0000005000002212,7742.428571428572
2021-03-23,8063.857142857143,17366187.999999505,1.8297556958929648e-183,1.0000005000002212,8063.857142857143
2021-03-24,8272.142857142857,17366187.999999505,6.099179553800398e-184,1.0000005000002212,8272.142857142857
2021-03-25,8384.285714285714,17366187.999999505,2.0330578182101148e-184,1.0000005000002212,8384.285714285714
2021-03-26,8507.285714285714,17366187.999999505,6.776852617184877e-185,1.0000005000002212,8507.285714285714
2021-03-27,8704.57142857143,17366187.999999505,2.258948613447606e-185,1.0000005000002212,8704.57142857143
2021-03-28,8525.857142857143,17366187.999999505,7.529821181675036e-186,1.0000005000002212,8525.857142857143
2021-03-29,8614.285714285714,17366187.999999505,2.5099378839551937e-186,1.0000005000002212,8614.285714285714
2021-03-30,8681.142857142857,17366187.999999505,8.366451246737397e-187,1.0000005000002212,8681.142857142857
2021-03-31,9079.857142857143,17366187.999999505,2.788814293433061e-187,1.0000005000002212,9079.857142857143
2021-04-01,9191.57142857143,17366187.999999505,9.296038348743705e-188,1.0000005000002212,9191.57142857143
2021-04-02,9413.57142857143,17366187.999999505,3.098676350906613e-188,1.0000005000002212,9413.57142857143
2021-04-03,10157.285714285714,17366187.999999505,1.0328910840783627e-188,1.0000005000002212,10157.285714285714
2021-04-04,11076.142857142857,17366187.999999505,3.4429668372962915e-189,1.0000005000002212,11076.142857142857
2021-04-05,10935.285714285714,17366187.999999505,1.1476544647782725e-189,1.0000005000002212,10935.285714285714
2021-04-06,10683.0,17366187.999999505,3.8255110570853176e-190,1.0000005000002212,10683.0
2021-04-07,10178.42857142857,17366187.999999505,1.275169077193407e-190,1.0000005000002212,10178.42857142857
2021-04-08,10059.57142857143,17366187.999999505,4.250559340087721e-191,1.0000005000002212,10059.57142857143
2021-04-09,9764.57142857143,17366187.999999505,1.4168516965116677e-191,1.0000005000002212,9764.57142857143
2021-04-10,9439.57142857143,17366187.999999505,4.722834265540594e-192,1.0000005000002212,9439.57142857143
2021-04-11,8377.42857142857,17366187.999999505,1.5742765142378948e-192,1.0000005000002212,8377.42857142857
2021-04-12,8339.285714285714,17366187.999999505,5.247583133212776e-193,1.0000005000002212,8339.285714285714
2021-04-13,8457.857142857143,17366187.999999505,1.7491926285459397e-193,1.0000005000002212,8457.857142857143
2021-04-14,8462.714285714286,17366187.999999505,5.83063626452012e-194,1.0000005000002212,8462.714285714286
2021-04-15,8416.857142857143,17366187.999999505,1.9435434779643122e-194,1.0000005000002212,8416.857142857143
2021-04-16,8406.142857142857,17366187.999999505,6.478471781412874e-195,1.0000005000002212,8406.142857142857
2021-04-17,8095.285714285715,17366187.999999505,2.159488434317062e-195,1.0000005000002212,8095.285714285715
2021-04-18,8122.142857142857,17366187.999999505,7.198287582773309e-196,1.0000005000002212,8122.142857142857
2021-04-19,8380.57142857143,17366187.999999505,2.3994267948323134e-196,1.0000005000002212,8380.57142857143
2021-04-20,9107.0,17366187.999999505,7.998081318030853e-197,1.0000005000002212,9107.0
2021-04-21,10329.42857142857,17366187.999999505,2.666024439987331e-197,1.0000005000002212,10329.42857142857
2021-04-22,11743.285714285714,17366187.999999505,8.88673924655681e-198,1.0000005000002212,11743.285714285714
2021-04-23,11774.714285714286,17366187.999999505,2.962243453277136e-198,1.0000005000002212,11774.714285714286
2021-04-24,12005.42857142857,17366187.999999505,9.874134970127655e-199,1.0000005000002212,12005.42857142857
2021-04-25,12595.0,17366187.999999505,3.29137503200269e-199,1.0000005000002212,12595.0
2021-04-26,12290.857142857143,17366187.999999505,1.0971239135442614e-199,1.0000005000002212,12290.857142857143
2021-04-27,11557.285714285714,17366187.999999505,3.657076054740191e-200,1.0000005000002212,11557.285714285714
2021-04-28,10392.714285714286,17366187.999999505,1.2190241325566109e-200,1.0000005000002212,10392.714285714286
2021-04-29,9036.714285714286,17366187.999999505,4.063409711781258e-201,1.0000005000002212,9036.714285714286
2021-04-30,9098.142857142857,17366187.999999505,1.3544685494592916e-201,1.0000005000002212,9098.142857142857
2021-05-01,9162.42857142857,17366187.999999505,4.514890649976173e-202,1.0000005000002212,9162.42857142857
2021-05-02,8628.57142857143,17366187.999999505,1.5049620450308522e-202,1.0000005000002212,8628.57142857143
2021-05-03,8800.42857142857,17366187.999999505,5.016535133570503e-203,1.0000005000002212,8800.42857142857
2021-05-04,9537.57142857143,17366187.999999505,1.6721767056810614e-203,1.0000005000002212,9537.57142857143
2021-05-05,11191.285714285714,17366187.999999505,5.573916778356532e-204,1.0000005000002212,11191.285714285714
2021-05-06,14063.57142857143,17366187.999999505,1.857970401482812e-204,1.0000005000002212,14063.57142857143
2021-05-07,14267.142857142857,17366187.999999505,6.193228478384349e-205,1.0000005000002212,14267.142857142857
2021-05-08,14901.142857142857,17366187.999999505,2.0644074283885057e-205,1.0000005000002212,14901.142857142857
2021-05-09,15139.285714285714,17366187.999999505,6.881351213280974e-206,1.0000005000002212,15139.285714285714
2021-05-10,15314.285714285714,17366187.999999505,2.2937814439801598e-206,1.0000005000002212,15314.285714285714
2021-05-11,14906.42857142857,17366187.999999505,7.645930500674294e-207,1.0000005000002212,14906.42857142857
2021-05-12,13581.714285714286,17366187.999999505,2.548640951585235e-207,1.0000005000002212,13581.714285714286
2021-05-13,11807.285714285714,17366187.999999505,8.495461343160847e-208,1.0000005000002212,11807.285714285714
2021-05-14,13579.142857142857,17366187.999999505,2.831817615904245e-208,1.0000005000002212,13579.142857142857
2021-05-15,15254.285714285714,17366187.999999505,9.439382613636802e-209,1.0000005000002212,15254.285714285714
2021-05-16,17896.85714285714,17366187.999999505,3.1464577247562974e-209,1.0000005000002212,17896.85714285714
2021-05-17,20948.571428571428,17366187.999999505,1.0488181927678243e-209,1.0000005000002212,20948.571428571428
2021-05-18,21209.285714285717,17366187.999999505,3.4960571465042185e-210,1.0000005000002212,21209.285714285717
2021-05-19,21502.0,17366187.999999505,1.165351216817506e-210,1.0000005000002212,21502.0
2021-05-20,21116.85714285714,17366187.999999505,3.8845001715603496e-211,1.0000005000002212,21116.85714285714
2021-05-21,20401.14285714286,17366187.999999505,1.2948320956887434e-211,1.0000005000002212,20401.14285714286
2021-05-22,19252.571428571428,17366187.999999505,4.3161026695288836e-212,1.0000005000002212,19252.571428571428
2021-05-23,18105.0,17366187.999999505,1.4386994511443125e-212,1.0000005000002212,18105.0
2021-05-24,17246.571428571428,17366187.999999505,4.7956600414903414e-213,1.0000005000002212,17246.571428571428
2021-05-25,19638.714285714286,17366187.999999505,1.5985517486125906e-213,1.0000005000002212,19638.714285714286
2021-05-26,20253.42857142857,17366187.999999505,5.328500500211108e-214,1.0000005000002212,20253.42857142857
2021-05-27,20385.42857142857,17366187.999999505,1.7761650572396358e-214,1.0000005000002212,20385.42857142857
2021-05-28,19692.571428571428,17366187.999999505,5.920544270257818e-215,1.0000005000002212,19692.571428571428
2021-05-29,18751.714285714286,17366187.999999505,1.9735127832409223e-215,1.0000005000002212,18751.714285714286
2021-05-30,18398.285714285717,17366187.999999505,6.57836936577071e-216,1.0000005000002212,18398.285714285717
2021-05-31,16738.0,17366187.999999505,2.1927875958038634e-216,1.0000005000002212,16738.0
2021-06-01,14544.57142857143,17366187.999999505,7.309284676732278e-217,1.0000005000002212,14544.57142857143
2021-06-02,14708.714285714286,17366187.999999505,2.4364257891529953e-217,1.0000005000002212,14708.714285714286
2021-06-03,14633.0,17366187.999999505,8.121411175770001e-218,1.0000005000002212,14633.0
2021-06-04,14556.857142857143,17366187.999999505,2.7071343514571593e-218,1.0000005000002212,14556.857142857143
2021-06-05,14447.285714285714,17366187.999999505,9.023772147756748e-219,1.0000005000002212,14447.285714285714
2021-06-06,13526.0,17366187.999999505,3.007921041332885e-219,1.0000005000002212,13526.0
2021-06-07,13403.0,17366187.999999505,1.0026393444721767e-219,1.0000005000002212,13403.0
2021-06-08,13012.0,17366187.999999505,3.342127806114647e-220,1.0000005000002212,13012.0
2021-06-09,12012.714285714286,17366187.999999505,1.114041487997349e-220,1.0000005000002212,12012.714285714286
2021-06-10,12141.142857142857,17366187.999999505,3.7134679131919874e-221,1.0000005000002212,12141.142857142857
2021-06-11,13070.857142857143,17366187.999999505,1.2378213999099525e-221,1.0000005000002212,13070.857142857143
2021-06-12,12902.714285714286,17366187.999999505,4.1260672069682705e-222,1.0000005000002212,12902.714285714286
2021-06-13,12708.142857142857,17366187.999999505,1.3753543603024966e-222,1.0000005000002212,12708.142857142857
2021-06-14,12470.0,17366187.999999505,4.584509949834262e-223,1.0000005000002212,12470.0
2021-06-15,12542.714285714286,17366187.999999505,1.5281684551104842e-223,1.0000005000002212,12542.714285714286
2021-06-16,12509.857142857143,17366187.999999505,5.093889756481364e-224,1.0000005000002212,12509.857142857143
2021-06-17,12613.142857142857,17366187.999999505,1.6979615541998471e-224,1.0000005000002212,12613.142857142857
2021-06-18,12407.142857142857,17366187.999999505,5.659866187469792e-225,1.0000005000002212,12407.142857142857
2021-06-19,12490.857142857143,17366187.999999505,1.8866201758708073e-225,1.0000005000002212,12490.857142857143
2021-06-20,12747.57142857143,17366187.999999505,6.2887276308452336e-226,1.0000005000002212,12747.57142857143
2021-06-21,12648.714285714286,17366187.999999505,2.0962404473758004e-226,1.0000005000002212,12648.714285714286
2021-06-22,12529.142857142857,17366187.999999505,6.98746117046206e-227,1.0000005000002212,12529.142857142857
2021-06-23,13010.57142857143,17366187.999999505,2.3291513943372583e-227,1.0000005000002212,13010.57142857143
2021-06-24,13291.42857142857,17366187.999999505,7.763830217298307e-228,1.0000005000002212,13291.42857142857
2021-06-25,12294.42857142857,17366187.999999505,2.5879408178267274e-228,1.0000005000002212,12294.42857142857
2021-06-26,12330.0,17366187.999999505,8.626460766299802e-229,1.0000005000002212,12330.0
2021-06-27,12396.857142857143,17366187.999999505,2.87548404661749e-229,1.0000005000002212,12396.857142857143
2021-06-28,12337.57142857143,17366187.999999505,9.584937237126405e-230,1.0000005000002212,12337.57142857143
2021-06-29,12302.285714285714,17366187.999999505,3.1949758840680326e-230,1.0000005000002212,12302.285714285714
2021-06-30,11573.285714285714,17366187.999999505,1.0649908963657085e-230,1.0000005000002212,11573.285714285714
2021-07-01,10375.57142857143,17366187.999999505,3.549966104588238e-231,1.0000005000002212,10375.57142857143
2021-07-02,10535.42857142857,17366187.999999505,1.1833208515425548e-231,1.0000005000002212,10535.42857142857
2021-07-03,10818.57142857143,17366187.999999505,3.9443988940784875e-232,1.0000005000002212,10818.57142857143
2021-07-04,10283.0,17366187.999999505,1.3147983165619127e-232,1.0000005000002212,10283.0
2021-07-05,10099.142857142857,17366187.999999505,4.382656672552149e-233,1.0000005000002212,10099.142857142857
2021-07-06,9894.857142857143,17366187.999999505,1.4608840966341e-233,1.0000005000002212,9894.857142857143
2021-07-07,10100.0,17366187.999999505,4.86960878584093e-234,1.0000005000002212,10100.0
2021-07-08,10589.285714285714,17366187.999999505,1.6232013054132434e-234,1.0000005000002212,10589.285714285714
2021-07-09,11130.42857142857,17366187.999999505,5.4106656073815536e-235,1.0000005000002212,11130.42857142857
2021-07-10,10490.142857142857,17366187.999999505,1.8035533989081244e-235,1.0000005000002212,10490.142857142857
2021-07-11,10523.57142857143,17366187.999999505,6.011838651191784e-236,1.0000005000002212,10523.57142857143
2021-07-12,10780.857142857143,17366187.999999505,2.003944213120833e-236,1.0000005000002212,10780.857142857143
2021-07-13,10790.57142857143,17366187.999999505,6.679807363932469e-237,1.0000005000002212,10790.57142857143
2021-07-14,10534.142857142857,17366187.999999505,2.2266002280451695e-237,1.0000005000002212,10534.142857142857
2021-07-15,10871.57142857143,17366187.999999505,7.421993338161364e-238,1.0000005000002212,10871.57142857143
2021-07-16,10080.714285714286,17366187.999999505,2.4739953053931963e-238,1.0000005000002212,10080.714285714286
2021-07-17,10631.42857142857,17366187.999999505,8.246642771339149e-239,1.0000005000002212,10631.42857142857
2021-07-18,11395.142857142857,17366187.999999505,2.7488781749030748e-239,1.0000005000002212,11395.142857142857
2021-07-19,11322.285714285714,17366187.999999505,9.16291808676394e-240,1.0000005000002212,11322.285714285714
2021-07-20,11350.0,17366187.999999505,3.0543029746200425e-240,1.0000005000002212,11350.0
2021-07-21,11794.57142857143,17366187.999999505,1.0180999734406087e-240,1.0000005000002212,11794.57142857143
2021-07-22,11124.0,17366187.999999505,3.39366318447407e-241,1.0000005000002212,11124.0
2021-07-23,11239.0,17366187.999999505,1.1312199302720573e-241,1.0000005000002212,11239.0
2021-07-24,11076.42857142857,17366187.999999505,3.77072933017963e-242,1.0000005000002212,11076.42857142857
2021-07-25,10626.42857142857,17366187.999999505,1.2569085198187246e-242,1.0000005000002212,10626.42857142857
2021-07-26,10570.0,17366187.999999505,4.1896908763738744e-243,1.0000005000002212,10570.0
2021-07-27,11128.857142857143,17366187.999999505,1.3965622288965085e-243,1.0000005000002212,11128.857142857143
2021-07-28,11737.285714285714,17366187.999999505,4.655202774454851e-244,1.0000005000002212,11737.285714285714
2021-07-29,12750.142857142857,17366187.999999505,1.551732706419775e-244,1.0000005000002212,12750.142857142857
2021-07-30,14402.57142857143,17366187.999999505,5.172437182298285e-245,1.0000005000002212,14402.57142857143
2021-07-31,16210.42857142857,17366187.999999505,1.7241440032897192e-245,1.0000005000002212,16210.42857142857
2021-08-01,18237.285714285717,17366187.999999505,5.747140930494671e-246,1.0000005000002212,18237.285714285717
2021-08-02,20757.14285714286,17366187.999999505,1.915711727787565e-246,1.0000005000002212,20757.14285714286
2021-08-03,23233.0,17366187.999999505,6.385699373596074e-247,1.0000005000002212,23233.0
2021-08-04,25797.0,17366187.999999505,2.1285643293022152e-247,1.0000005000002212,25797.0
2021-08-05,25592.0,17366187.999999505,7.095207335804007e-248,1.0000005000002212,25592.0
2021-08-06,24943.0,17366187.999999505,2.365066746869242e-248,1.0000005000002212,24943.0
2021-08-07,25662.714285714286,17366187.999999505,7.883547939353929e-249,1.0000005000002212,25662.714285714286
2021-08-08,26554.285714285717,17366187.999999505,2.6278466852727557e-249,1.0000005000002212,26554.285714285717
2021-08-09,27462.42857142857,17366187.999999505,8.759480191433879e-250,1.0000005000002212,27462.42857142857
2021-08-10,25349.85714285714,17366187.999999505,2.919823810655777e-250,1.0000005000002212,25349.85714285714
2021-08-11,23189.571428571428,17366187.999999505,9.732736302788382e-251,1.0000005000002212,23189.571428571428
2021-08-12,24270.285714285717,17366187.999999505,3.2442421900224133e-251,1.0000005000002212,24270.285714285717
2021-08-13,25697.285714285717,17366187.999999505,1.0814129819284257e-251,1.0000005000002212,25697.285714285717
2021-08-14,25914.714285714286,17366187.999999505,3.6047063350570937e-252,1.0000005000002212,25914.714285714286
2021-08-15,25907.714285714286,17366187.999999505,1.2015675767854578e-252,1.0000005000002212,25907.714285714286
2021-08-16,26074.14285714286,17366187.999999505,4.0052212507325075e-253,1.0000005000002212,26074.14285714286
2021-08-17,29471.42857142857,17366187.999999505,1.3350724151724983e-253,1.0000005000002212,29471.42857142857
2021-08-18,29864.571428571428,17366187.999999505,4.450236933673876e-254,1.0000005000002212,29864.571428571428
2021-08-19,30264.0,17366187.999999505,1.4834108278146243e-254,1.0000005000002212,30264.0
2021-08-20,30656.42857142857,17366187.999999505,4.944697814687024e-255,1.0000005000002212,30656.42857142857
2021-08-21,30765.714285714286,17366187.999999505,1.6482309566656367e-255,1.0000005000002212,30765.714285714286
2021-08-22,31175.714285714286,17366187.999999505,5.494097694790826e-256,1.0000005000002212,31175.714285714286
2021-08-23,28792.714285714286,17366187.999999505,1.8313640669005632e-256,1.0000005000002212,28792.714285714286
2021-08-24,25794.714285714286,17366187.999999505,6.1045407851311654e-257,1.0000005000002212,25794.714285714286
2021-08-25,25258.285714285717,17366187.999999505,2.0348448935332962e-257,1.0000005000002212,25258.285714285717
2021-08-26,24540.571428571428,17366187.999999505,6.7828095289719075e-258,1.0000005000002212,24540.571428571428
2021-08-27,23556.42857142857,17366187.999999505,2.2609342487243147e-258,1.0000005000002212,23556.42857142857
2021-08-28,22623.0,17366187.999999505,7.53643995931196e-259,1.0000005000002212,22623.0
2021-08-29,21462.714285714286,17366187.999999505,2.512144140961248e-259,1.0000005000002212,21462.714285714286
2021-08-30,22797.85714285714,17366187.999999505,8.373805429403402e-260,1.0000005000002212,22797.85714285714
2021-08-31,24402.42857142857,17366187.999999505,2.791265685203672e-260,1.0000005000002212,24402.42857142857
2021-09-01,25118.714285714286,17366187.999999505,9.304209646474451e-261,1.0000005000002212,25118.714285714286
2021-09-02,25636.85714285714,17366187.999999505,3.1014001140931004e-261,1.0000005000002212,25636.85714285714
2021-09-03,25434.85714285714,17366187.999999505,1.0337990042326053e-261,1.0000005000002212,25434.85714285714
2021-09-04,25229.714285714286,17366187.999999505,3.445993234784039e-262,1.0000005000002212,25229.714285714286
2021-09-05,25060.0,17366187.999999505,1.1486632629320572e-262,1.0000005000002212,25060.0
2021-09-06,24890.0,17366187.999999505,3.8288737142352784e-263,1.0000005000002212,24890.0
2021-09-07,24668.42857142857,17366187.999999505,1.2762899617891761e-263,1.0000005000002212,24668.42857142857
2021-09-08,25371.14285714286,17366187.999999505,4.254295618337341e-264,1.0000005000002212,25371.14285714286
2021-09-09,28305.14285714286,17366187.999999505,1.4180971213494493e-264,1.0000005000002212,28305.14285714286
2021-09-10,31646.85714285714,17366187.999999505,4.726985677515123e-265,1.0000005000002212,31646.85714285714
2021-09-11,29325.0,17366187.999999505,1.5756603168456026e-265,1.0000005000002212,29325.0
2021-09-12,26899.714285714286,17366187.999999505,5.2521958039591316e-266,1.0000005000002212,26899.714285714286
2021-09-13,24428.0,17366187.999999505,1.750730183923837e-266,1.0000005000002212,24428.0
2021-09-14,21495.571428571428,17366187.999999505,5.835761443987935e-267,1.0000005000002212,21495.571428571428
2021-09-15,18535.285714285717,17366187.999999505,1.94525186941186e-267,1.0000005000002212,18535.285714285717
2021-09-16,13185.714285714286,17366187.999999505,6.484166413876736e-268,1.0000005000002212,13185.714285714286
2021-09-17,7856.285714285715,17366187.999999505,2.1613866432401408e-268,1.0000005000002212,7856.285714285715
2021-09-18,22891.14285714286,17366187.999999505,7.20461493952288e-269,1.0000005000002212,22891.14285714286
2021-09-19,38148.142857142855,17366187.999999505,2.4015359116397208e-269,1.0000005000002212,38148.142857142855
2021-09-20,53491.142857142855,17366187.999999505,8.005111700358503e-270,1.0000005000002212,53491.142857142855
2021-09-21,69421.85714285714,17366187.999999505,2.668367898419758e-270,1.0000005000002212,69421.85714285714
2021-09-22,85529.42857142857,17366187.999999505,8.894550766853387e-271,1.0000005000002212,85529.42857142857
2021-09-23,85584.0,17366187.999999505,2.964847290772158e-271,1.0000005000002212,85584.0
2021-09-24,85300.57142857143,17366187.999999505,9.88281441976495e-272,1.0000005000002212,85300.57142857143
2021-09-25,70120.85714285714,17366187.999999505,3.2942681789886415e-272,1.0000005000002212,70120.85714285714
2021-09-26,54869.71428571428,17366187.999999505,1.0980882949085307e-272,1.0000005000002212,54869.71428571428
2021-09-27,39591.142857142855,17366187.999999505,3.6602906560731537e-273,1.0000005000002212,39591.142857142855
2021-09-28,23390.42857142857,17366187.999999505,1.220095665262733e-273,1.0000005000002212,23390.42857142857
2021-09-29,7089.571428571428,17366187.999999505,4.0669814838965604e-274,1.0000005000002212,7089.571428571428
2021-09-30,7032.857142857143,17366187.999999505,1.3556591389738034e-274,1.0000005000002212,7032.857142857143
2021-10-01,7646.0,17366187.999999505,4.518859277722586e-275,1.0000005000002212,7646.0
2021-10-02,7314.0,17366187.999999505,1.5062849196234496e-275,1.0000005000002212,7314.0
2021-10-03,6835.428571428572,17366187.999999505,5.020944711136256e-276,1.0000005000002212,6835.428571428572
2021-10-04,6479.714285714285,17366187.999999505,1.6736465633997875e-276,1.0000005000002212,6479.714285714285
2021-10-05,6935.0,17366187.999999505,5.578816299186101e-277,1.0000005000002212,6935.0
2021-10-06,7562.285714285715,17366187.999999505,1.8596035734594977e-277,1.0000005000002212,7562.285714285715
2021-10-07,6949.285714285715,17366187.999999505,6.198672379529405e-278,1.0000005000002212,6949.285714285715
2021-10-08,6422.428571428572,17366187.999999505,2.066222060288894e-278,1.0000005000002212,6422.428571428572
2021-10-09,6277.285714285715,17366187.999999505,6.8873999802335085e-279,1.0000005000002212,6277.285714285715
2021-10-10,6283.571428571428,17366187.999999505,2.2957976976147526e-279,1.0000005000002212,6283.571428571428
2021-10-11,6199.428571428572,17366187.999999505,7.652651339402105e-280,1.0000005000002212,6199.428571428572
2021-10-12,5882.714285714285,17366187.999999505,2.550881228920896e-280,1.0000005000002212,5882.714285714285
2021-10-13,5384.571428571428,17366187.999999505,8.502928926812137e-281,1.0000005000002212,5384.571428571428
2021-10-14,5255.571428571428,17366187.999999505,2.834306807965486e-281,1.0000005000002212,5255.571428571428
2021-10-15,4860.571428571428,17366187.999999505,9.447679912210305e-282,1.0000005000002212,4860.571428571428
2021-10-16,5011.571428571428,17366187.999999505,3.149223488181703e-282,1.0000005000002212,5011.571428571428
2021-10-17,5008.428571428572,17366187.999999505,1.0497401129877066e-282,1.0000005000002212,5008.428571428572
2021-10-18,5110.571428571428,17366187.999999505,3.499130210830763e-283,1.0000005000002212,5110.571428571428
2021-10-19,4982.285714285715,17366187.999999505,1.1663755705686678e-283,1.0000005000002212,4982.285714285715
2021-10-20,5006.285714285715,17366187.999999505,3.8879146806497125e-284,1.0000005000002212,5006.285714285715
2021-10-21,5912.285714285715,17366187.999999505,1.2959702642470297e-284,1.0000005000002212,5912.285714285715
2021-10-22,5631.428571428572,17366187.999999505,4.319896560929281e-285,1.0000005000002212,5631.428571428572
2021-10-23,5482.142857142857,17366187.999999505,1.4399640803464834e-285,1.0000005000002212,5482.142857142857
2021-10-24,5316.0,17366187.999999505,4.799875467948819e-286,1.0000005000002212,5316.0
2021-10-25,4966.142857142857,17366187.999999505,1.5999568893602754e-286,1.0000005000002212,4966.142857142857
2021-10-26,4879.142857142857,17366187.999999505,5.333184298019598e-287,1.0000005000002212,4879.142857142857
2021-10-27,4862.428571428572,17366187.999999505,1.7777263216145357e-287,1.0000005000002212,4862.428571428572
2021-10-28,4749.857142857143,17366187.999999505,5.925748479636612e-288,1.0000005000002212,4749.857142857143
2021-10-29,4795.285714285715,17366187.999999505,1.975247517965788e-288,1.0000005000002212,4795.285714285715
2021-10-30,4673.142857142857,17366187.999999505,6.584151809071157e-289,1.0000005000002212,4673.142857142857
2021-10-31,4677.571428571428,17366187.999999505,2.1947150749765343e-289,1.0000005000002212,4677.571428571428
2021-11-01,4676.571428571428,17366187.999999505,7.315709600882928e-290,1.0000005000002212,4676.571428571428
2021-11-02,4356.714285714285,17366187.999999505,2.438567428394908e-290,1.0000005000002212,4356.714285714285
2021-11-03,3774.142857142857,17366187.999999505,8.12854996610426e-291,1.0000005000002212,3774.142857142857
2021-11-04,3122.0,17366187.999999505,2.709513945855652e-291,1.0000005000002212,3122.0
2021-11-05,3481.5714285714284,17366187.999999505,9.031704121153086e-292,1.0000005000002212,3481.5714285714284
2021-11-06,3957.0,17366187.999999505,3.010565029821011e-292,1.0000005000002212,3957.0
2021-11-07,4352.857142857143,17366187.999999505,1.0035206730868906e-292,1.0000005000002212,4352.857142857143
2021-11-08,4779.857142857143,17366187.999999505,3.345065565225936e-293,1.0000005000002212,4779.857142857143
2021-11-09,5569.142857142857,17366187.999999505,1.1150207400551939e-293,1.0000005000002212,5569.142857142857
2021-11-10,6502.285714285715,17366187.999999505,3.716732083453968e-294,1.0000005000002212,6502.285714285715
2021-11-11,7412.0,17366187.999999505,1.2389094555758918e-294,1.0000005000002212,7412.0
2021-11-12,8301.285714285714,17366187.999999505,4.129694055561221e-295,1.0000005000002212,8301.285714285714
2021-11-13,9154.57142857143,17366187.999999505,1.3765633086245328e-295,1.0000005000002212,9154.57142857143
2021-11-14,9972.57142857143,17366187.999999505,4.5885397735445595e-296,1.0000005000002212,9972.57142857143
2021-11-15,10789.42857142857,17366187.999999505,1.5295117283373117e-296,1.0000005000002212,10789.42857142857
2021-11-16,11509.714285714286,17366187.999999505,5.098367329426554e-297,1.0000005000002212,11509.714285714286
2021-11-17,12179.142857142857,17366187.999999505,1.6994540770223886e-297,1.0000005000002212,12179.142857142857
2021-11-18,12822.57142857143,17366187.999999505,5.664841258569863e-298,1.0000005000002212,12822.57142857143
2021-11-19,13457.857142857143,17366187.999999505,1.88827853124581e-298,1.0000005000002212,13457.857142857143
2021-11-20,14072.714285714286,17366187.999999505,6.2942554765674e-299,1.0000005000002212,14072.714285714286
2021-11-21,14774.714285714286,17366187.999999505,2.0980830607739097e-299,1.0000005000002212,14774.714285714286
2021-11-22,15447.857142857143,17366187.999999505,6.99360320898039e-300,1.0000005000002212,15447.857142857143
2021-11-23,16182.57142857143,17366187.999999505,2.3311987384626914e-300,1.0000005000002212,16182.57142857143
2021-11-24,16927.14285714286,17366187.999999505,7.77065469089195e-301,1.0000005000002212,16927.14285714286
2021-11-25,17717.571428571428,17366187.999999505,2.5902156400831216e-301,1.0000005000002212,17717.571428571428
2021-11-26,18488.285714285717,17366187.999999505,8.634043499571719e-302,1.0000005000002212,18488.285714285717
2021-11-27,19259.85714285714,17366187.999999505,2.8780116218472217e-302,1.0000005000002212,19259.85714285714
2021-11-28,19942.0,17366187.999999505,9.593362479466942e-303,1.0000005000002212,19942.0
2021-11-29,20620.285714285717,17366187.999999505,3.197784295373136e-303,1.0000005000002212,20620.285714285717
2021-11-30,21340.571428571428,17366187.999999505,1.0659270325312738e-303,1.0000005000002212,21340.571428571428
2021-12-01,18828.285714285717,17366187.999999505,3.5530865553530037e-304,1.0000005000002212,18828.285714285717
2021-12-02,16271.0,17366187.999999505,1.1843610007573277e-304,1.0000005000002212,16271.0
2021-12-03,13713.57142857143,17366187.999999505,3.947866054660573e-305,1.0000005000002212,13713.57142857143
2021-12-04,11111.57142857143,17366187.999999505,1.3159540356002228e-305,1.0000005000002212,11111.57142857143
2021-12-05,8563.285714285714,17366187.999999505,4.3865090654941244e-306,1.0000005000002212,8563.285714285714
2021-12-06,6032.0,17366187.999999505,1.462168226330631e-306,1.0000005000002212,6032.0
2021-12-07,3416.5714285714284,17366187.999999505,4.873889213882275e-307,1.0000005000002212,3416.5714285714284
2021-12-08,3977.571428571429,17366187.999999505,1.624628113333551e-307,1.0000005000002212,3977.571428571429
2021-12-09,4504.857142857143,17366187.999999505,5.415421629026561e-308,1.0000005000002212,4504.857142857143
2021-12-10,4910.0,17366187.999999505,1.8051387378711224e-308,1.0000005000002212,4910.0
2021-12-11,5252.142857142857,17366187.999999505,6.017123109117324e-309,1.0000005000002212,5252.142857142857
2021-12-12,5528.714285714285,17366187.999999505,2.005705697334527e-309,1.0000005000002212,5528.714285714285
2021-12-13,5783.857142857143,17366187.999999505,6.6856789721065e-310,1.0000005000002212,5783.857142857143
2021-12-14,5967.142857142857,17366187.999999505,2.22855742881267e-310,1.0000005000002212,5967.142857142857
2021-12-15,6052.857142857143,17366187.999999505,7.4285173341956e-311,1.0000005000002212,6052.857142857143
2021-12-16,6067.142857142857,17366187.999999505,2.4761699685633e-311,1.0000005000002212,6067.142857142857
2021-12-17,6075.0,17366187.999999505,8.253891641327e-312,1.0000005000002212,6075.0
2021-12-18,6075.0,17366187.999999505,2.751294462486e-312,1.0000005000002212,6075.0
2021-12-19,6075.0,17366187.999999505,9.17097237066e-313,1.0000005000002212,6075.0
2021-12-20,6075.0,17366187.999999505,3.05698773324e-313,1.0000005000002212,6075.0
2021-12-21,6075.0,17366187.999999505,1.0189948921e-313,1.0000005000002212,6075.0
2021-12-22,6075.0,17366187.999999505,3.3966462436e-314,1.0000005000002212,6075.0
2021-12-23,6075.0,17366187.999999505,1.132214282e-314,1.0000005000002212,6075.0
2021-12-24,6082.428571428572,17366187.999999505,3.774043834e-315,1.0000005000002212,6082.428571428572
2021-12-25,6243.428571428572,17366187.999999505,1.25801335e-315,1.0000005000002212,6243.428571428572
2021-12-26,6411.142857142857,17366187.999999505,4.19337367e-316,1.0000005000002212,6411.142857142857
2021-12-27,6593.714285714285,17366187.999999505,1.3977898e-316,1.0000005000002212,6593.714285714285
2021-12-28,6817.285714285715,17366187.999999505,4.659295e-317,1.0000005000002212,6817.285714285715
2021-12-29,7123.428571428572,17366187.999999505,1.553097e-317,1.0000005000002212,7123.428571428572
2021-12-30,7431.428571428572,17366187.999999505,5.17699e-318,1.0000005000002212,7431.428571428572
2021-12-31,6763.142857142857,17366187.999999505,1.725663e-318,1.0000005000002212,6763.142857142857
2022-01-01,5944.571428571428,17366187.999999505,5.7522e-319,1.0000005000002212,5944.571428571428
2022-01-02,5129.714285714285,17366187.999999505,1.9174e-319,1.0000005000002212,5129.714285714285
2022-01-03,4862.571428571428,17366187.999999505,6.391e-320,1.0000005000002212,4862.571428571428
2022-01-04,4911.428571428572,17366187.999999505,2.1304e-320,1.0000005000002212,4911.428571428572
2022-01-05,5373.0,17366187.999999505,7.1e-321,1.0000005000002212,5373.0
2022-01-06,6612.714285714285,17366187.999999505,2.367e-321,1.0000005000002212,6612.714285714285
2022-01-07,9798.142857142857,17366187.999999505,7.9e-322,1.0000005000002212,9798.142857142857
2022-01-08,14023.0,17366187.999999505,2.6e-322,1.0000005000002212,14023.0
2022-01-09,18730.14285714286,17366187.999999505,9e-323,1.0000005000002212,18730.14285714286
2022-01-10,23009.285714285717,17366187.999999505,3e-323,1.0000005000002212,23009.285714285717
2022-01-11,28427.85714285714,17366187.999999505,1e-323,1.0000005000002212,28427.85714285714
2022-01-12,35064.57142857143,17366187.999999505,5e-324,1.0000005000002212,35064.57142857143
2022-01-13,42753.42857142857,17366187.999999505,0.0,1.0000005000002212,42753.42857142857
2022-01-14,51766.57142857143,17366187.999999505,0.0,1.0000005000002212,51766.57142857143
2022-01-15,59792.0,17366187.999999505,0.0,1.0000005000002212,59792.0
2022-01-16,67867.57142857143,17366187.999999505,0.0,1.0000005000002212,67867.57142857143
2022-01-17,76070.14285714286,17366187.999999505,0.0,1.0000005000002212,76070.14285714286
2022-01-18,81188.14285714286,17366187.999999505,0.0,1.0000005000002212,81188.14285714286
2022-01-19,94480.71428571428,17366187.999999505,0.0,1.0000005000002212,94480.71428571428
2022-01-20,109139.42857142857,17366187.999999505,0.0,1.0000005000002212,109139.42857142857
2022-01-21,124498.28571428572,17366187.999999505,0.0,1.0000005000002212,124498.28571428572
2022-01-22,144097.42857142858,17366187.999999505,0.0,1.0000005000002212,144097.42857142858
2022-01-23,164306.0,17366187.999999505,0.0,1.0000005000002212,164306.0
2022-01-24,184697.7142857143,17366187.999999505,0.0,1.0000005000002212,184697.7142857143
2022-01-25,210183.42857142855,17366187.999999505,0.0,1.0000005000002212,210183.42857142855
2022-01-26,229119.7142857143,17366187.999999505,0.0,1.0000005000002212,229119.7142857143
2022-01-27,249816.85714285716,17366187.999999505,0.0,1.0000005000002212,249816.85714285716
2022-01-28,271467.28571428574,17366187.999999505,0.0,1.0000005000002212,271467.28571428574
2022-01-29,292273.8571428572,17366187.999999505,0.0,1.0000005000002212,292273.8571428572
2022-01-30,312710.8571428572,17366187.999999505,0.0,1.0000005000002212,312710.8571428572
2022-01-31,333238.8571428572,17366187.999999505,0.0,1.0000005000002212,333238.8571428572
2022-02-01,352490.28571428574,17366187.999999505,0.0,1.0000005000002212,352490.28571428574
2022-02-02,370996.28571428574,17366187.999999505,0.0,1.0000005000002212,370996.28571428574
2022-02-03,388622.7142857143,17366187.999999505,0.0,1.0000005000002212,388622.7142857143
2022-02-04,404765.28571428574,17366187.999999505,0.0,1.0000005000002212,404765.28571428574
2022-02-05,419729.5714285714,17366187.999999505,0.0,1.0000005000002212,419729.5714285714
2022-02-06,434188.7142857143,17366187.999999505,0.0,1.0000005000002212,434188.7142857143
2022-02-07,448398.4285714286,17366187.999999505,0.0,1.0000005000002212,448398.4285714286
2022-02-08,462302.28571428574,17366187.999999505,0.0,1.0000005000002212,462302.28571428574
2022-02-09,475245.8571428572,17366187.999999505,0.0,1.0000005000002212,475245.8571428572
2022-02-10,485747.4285714286,17366187.999999505,0.0,1.0000005000002212,485747.4285714286
2022-02-11,495396.8571428572,17366187.999999505,0.0,1.0000005000002212,495396.8571428572
2022-02-12,504166.0,17366187.999999505,0.0,1.0000005000002212,504166.0
2022-02-13,513177.5714285714,17366187.999999505,0.0,1.0000005000002212,513177.5714285714
2022-02-14,522157.1428571429,17366187.999999505,0.0,1.0000005000002212,522157.1428571429
2022-02-15,455534.0,17366187.999999505,0.0,1.0000005000002212,455534.0
2022-02-16,388586.1428571429,17366187.999999505,0.0,1.0000005000002212,388586.1428571429
2022-02-17,321160.71428571426,17366187.999999505,0.0,1.0000005000002212,321160.71428571426
2022-02-18,252631.7142857143,17366187.999999505,0.0,1.0000005000002212,252631.7142857143
2022-02-19,184168.7142857143,17366187.999999505,0.0,1.0000005000002212,184168.7142857143
2022-02-20,115440.14285714286,17366187.999999505,0.0,1.0000005000002212,115440.14285714286
2022-02-21,46625.857142857145,17366187.999999505,0.0,1.0000005000002212,46625.857142857145
2022-02-22,45854.71428571428,17366187.999999505,0.0,1.0000005000002212,45854.71428571428
2022-02-23,45257.142857142855,17366187.999999505,0.0,1.0000005000002212,45257.142857142855
2022-02-24,44234.142857142855,17366187.999999505,0.0,1.0000005000002212,44234.142857142855
2022-02-25,43554.857142857145,17366187.999999505,0.0,1.0000005000002212,43554.857142857145
2022-02-26,42091.71428571428,17366187.999999505,0.0,1.0000005000002212,42091.71428571428
2022-02-27,40556.28571428572,17366187.999999505,0.0,1.0000005000002212,40556.28571428572
2022-02-28,38929.142857142855,17366187.999999505,0.0,1.0000005000002212,38929.142857142855
2022-03-01,43092.28571428572,17366187.999999505,0.0,1.0000005000002212,43092.28571428572
2022-03-02,45892.142857142855,17366187.999999505,0.0,1.0000005000002212,45892.142857142855
2022-03-03,42888.857142857145,17366187.999999505,0.0,1.0000005000002212,42888.857142857145
2022-03-04,39799.857142857145,17366187.999999505,0.0,1.0000005000002212,39799.857142857145
2022-03-05,36661.857142857145,17366187.999999505,0.0,1.0000005000002212,36661.857142857145
2022-03-06,33391.57142857143,17366187.999999505,0.0,1.0000005000002212,33391.57142857143
2022-03-07,30083.85714285714,17366187.999999505,0.0,1.0000005000002212,30083.85714285714
2022-03-08,27432.42857142857,17366187.999999505,0.0,1.0000005000002212,27432.42857142857
2022-03-09,25346.0,17366187.999999505,0.0,1.0000005000002212,25346.0
2022-03-10,29070.0,17366187.999999505,0.0,1.0000005000002212,29070.0
2022-03-11,27765.0,17366187.999999505,0.0,1.0000005000002212,27765.0
2022-03-12,26425.42857142857,17366187.999999505,0.0,1.0000005000002212,26425.42857142857
2022-03-13,25139.85714285714,17366187.999999505,0.0,1.0000005000002212,25139.85714285714
2022-03-14,23865.571428571428,17366187.999999505,0.0,1.0000005000002212,23865.571428571428
2022-03-15,22503.0,17366187.999999505,0.0,1.0000005000002212,22503.0
2022-03-16,20979.85714285714,17366187.999999505,0.0,1.0000005000002212,20979.85714285714
2022-03-17,19313.714285714286,17366187.999999505,0.0,1.0000005000002212,19313.714285714286
2022-03-18,22529.285714285717,17366187.999999505,0.0,1.0000005000002212,22529.285714285717
2022-03-19,25672.714285714286,17366187.999999505,0.0,1.0000005000002212,25672.714285714286
2022-03-20,28766.0,17366187.999999505,0.0,1.0000005000002212,28766.0
2022-03-21,31927.14285714286,17366187.999999505,0.0,1.0000005000002212,31927.14285714286
2022-03-22,34912.0,17366187.999999505,0.0,1.0000005000002212,34912.0
2022-03-23,38040.57142857143,17366187.999999505,0.0,1.0000005000002212,38040.57142857143
2022-03-24,41073.57142857143,17366187.999999505,0.0,1.0000005000002212,41073.57142857143
2022-03-25,43944.857142857145,17366187.999999505,0.0,1.0000005000002212,43944.857142857145
2022-03-26,46786.42857142857,17366187.999999505,0.0,1.0000005000002212,46786.42857142857
2022-03-27,49592.0,17366187.999999505,0.0,1.0000005000002212,49592.0
2022-03-28,52419.28571428572,17366187.999999505,0.0,1.0000005000002212,52419.28571428572
2022-03-29,55123.57142857143,17366187.999999505,0.0,1.0000005000002212,55123.57142857143
2022-03-30,57598.28571428572,17366187.999999505,0.0,1.0000005000002212,57598.28571428572
2022-03-31,60122.71428571428,17366187.999999505,0.0,1.0000005000002212,60122.71428571428
2022-04-01,62577.42857142857,17366187.999999505,0.0,1.0000005000002212,62577.42857142857
2022-04-02,64542.57142857143,17366187.999999505,0.0,1.0000005000002212,64542.57142857143
2022-04-03,66490.0,17366187.999999505,0.0,1.0000005000002212,66490.0
2022-04-04,68928.57142857143,17366187.999999505,0.0,1.0000005000002212,68928.57142857143
2022-04-05,71308.0,17366187.999999505,0.0,1.0000005000002212,71308.0
2022-04-06,73646.28571428571,17366187.999999505,0.0,1.0000005000002212,73646.28571428571
2022-04-07,75836.42857142857,17366187.999999505,0.0,1.0000005000002212,75836.42857142857
2022-04-08,78068.42857142857,17366187.999999505,0.0,1.0000005000002212,78068.42857142857
2022-04-09,80300.42857142857,17366187.999999505,0.0,1.0000005000002212,80300.42857142857
2022-04-10,82532.42857142857,17366187.999999505,0.0,1.0000005000002212,82532.42857142857
2022-04-11,84621.14285714286,17366187.999999505,0.0,1.0000005000002212,84621.14285714286
2022-04-12,86720.0,17366187.999999505,0.0,1.0000005000002212,86720.0
2022-04-13,88813.0,17366187.999999505,0.0,1.0000005000002212,88813.0
2022-04-14,90501.14285714286,17366187.999999505,0.0,1.0000005000002212,90501.14285714286
2022-04-15,91753.14285714286,17366187.999999505,0.0,1.0000005000002212,91753.14285714286
2022-04-16,93005.14285714286,17366187.999999505,0.0,1.0000005000002212,93005.14285714286
2022-04-17,94257.14285714286,17366187.999999505,0.0,1.0000005000002212,94257.14285714286
2022-04-18,95266.57142857143,17366187.999999505,0.0,1.0000005000002212,95266.57142857143
2022-04-19,96068.71428571428,17366187.999999505,0.0,1.0000005000002212,96068.71428571428
2022-04-20,97817.57142857143,17366187.999999505,0.0,1.0000005000002212,97817.57142857143
2022-04-21,99566.42857142857,17366187.999999505,0.0,1.0000005000002212,99566.42857142857
2022-04-22,101639.85714285714,17366187.999999505,0.0,1.0000005000002212,101639.85714285714
2022-04-23,103713.28571428572,17366187.999999505,0.0,1.0000005000002212,103713.28571428572
2022-04-24,105786.71428571428,17366187.999999505,0.0,1.0000005000002212,105786.71428571428
2022-04-25,107797.42857142857,17366187.999999505,0.0,1.0000005000002212,107797.42857142857
2022-04-26,109938.85714285714,17366187.999999505,0.0,1.0000005000002212,109938.85714285714
2022-04-27,111064.71428571428,17366187.999999505,0.0,1.0000005000002212,111064.71428571428
2022-04-28,112446.42857142857,17366187.999999505,0.0,1.0000005000002212,112446.42857142857
2022-04-29,113646.28571428572,17366187.999999505,0.0,1.0000005000002212,113646.28571428572
2022-04-30,114846.14285714286,17366187.999999505,0.0,1.0000005000002212,114846.14285714286
2022-05-01,116046.0,17366187.999999505,0.0,1.0000005000002212,116046.0
2022-05-02,117392.14285714286,17366187.999999505,0.0,1.0000005000002212,117392.14285714286
2022-05-03,118651.28571428572,17366187.999999505,0.0,1.0000005000002212,118651.28571428572
2022-05-04,119821.0,17366187.999999505,0.0,1.0000005000002212,119821.0
2022-05-05,121192.85714285714,17366187.999999505,0.0,1.0000005000002212,121192.85714285714
2022-05-06,122577.0,17366187.999999505,0.0,1.0000005000002212,122577.0
2022-05-07,123961.14285714286,17366187.999999505,0.0,1.0000005000002212,123961.14285714286
2022-05-08,125345.28571428572,17366187.999999505,0.0,1.0000005000002212,125345.28571428572
2022-05-09,126890.28571428572,17366187.999999505,0.0,1.0000005000002212,126890.28571428572
2022-05-10,128516.42857142857,17366187.999999505,0.0,1.0000005000002212,128516.42857142857
2022-05-11,130223.57142857143,17366187.999999505,0.0,1.0000005000002212,130223.57142857143
2022-05-12,131763.0,17366187.999999505,0.0,1.0000005000002212,131763.0
2022-05-13,133474.14285714287,17366187.999999505,0.0,1.0000005000002212,133474.14285714287
2022-05-14,135185.2857142857,17366187.999999505,0.0,1.0000005000002212,135185.2857142857
2022-05-15,136896.42857142858,17366187.999999505,0.0,1.0000005000002212,136896.42857142858
2022-05-16,138574.2857142857,17366187.999999505,0.0,1.0000005000002212,138574.2857142857
2022-05-17,140278.2857142857,17366187.999999505,0.0,1.0000005000002212,140278.2857142857
2022-05-18,141728.2857142857,17366187.999999505,0.0,1.0000005000002212,141728.2857142857
2022-05-19,142908.2857142857,17366187.999999505,0.0,1.0000005000002212,142908.2857142857
2022-05-20,143787.0,17366187.999999505,0.0,1.0000005000002212,143787.0
2022-05-21,144665.7142857143,17366187.999999505,0.0,1.0000005000002212,144665.7142857143
2022-05-22,145544.42857142858,17366187.999999505,0.0,1.0000005000002212,145544.42857142858
2022-05-23,146417.2857142857,17366187.999999505,0.0,1.0000005000002212,146417.2857142857
2022-05-24,147331.14285714287,17366187.999999505,0.0,1.0000005000002212,147331.14285714287
2022-05-25,148651.2857142857,17366187.999999505,0.0,1.0000005000002212,148651.2857142857
2022-05-26,150511.2857142857,17366187.999999505,0.0,1.0000005000002212,150511.2857142857
2022-05-27,152735.2857142857,17366187.999999505,0.0,1.0000005000002212,152735.2857142857
2022-05-28,154959.2857142857,17366187.999999505,0.0,1.0000005000002212,154959.2857142857
2022-05-29,157183.2857142857,17366187.999999505,0.0,1.0000005000002212,157183.2857142857
2022-05-30,159710.85714285713,17366187.999999505,0.0,1.0000005000002212,159710.85714285713
2022-05-31,162415.85714285713,17366187.999999505,0.0,1.0000005000002212,162415.85714285713
2022-06-01,165362.0,17366187.999999505,0.0,1.0000005000002212,165362.0
2022-06-02,168524.7142857143,17366187.999999505,0.0,1.0000005000002212,168524.7142857143
2022-06-03,171944.85714285713,17366187.999999505,0.0,1.0000005000002212,171944.85714285713
2022-06-04,175365.0,17366187.999999505,0.0,1.0000005000002212,175365.0
2022-06-05,178785.14285714287,17366187.999999505,0.0,1.0000005000002212,178785.14285714287
2022-06-06,182792.57142857145,17366187.999999505,0.0,1.0000005000002212,182792.57142857145
2022-06-07,187078.2857142857,17366187.999999505,0.0,1.0000005000002212,187078.2857142857
2022-06-08,191474.57142857145,17366187.999999505,0.0,1.0000005000002212,191474.57142857145
2022-06-09,195736.0,17366187.999999505,0.0,1.0000005000002212,195736.0
2022-06-10,200719.57142857145,17366187.999999505,0.0,1.0000005000002212,200719.57142857145
2022-06-11,205703.14285714287,17366187.999999505,0.0,1.0000005000002212,205703.14285714287
2022-06-12,210686.7142857143,17366187.999999505,0.0,1.0000005000002212,210686.7142857143
2022-06-13,215150.85714285716,17366187.999999505,0.0,1.0000005000002212,215150.85714285716
2022-06-14,220238.2857142857,17366187.999999505,0.0,1.0000005000002212,220238.2857142857
2022-06-15,225549.14285714287,17366187.999999505,0.0,1.0000005000002212,225549.14285714287
2022-06-16,230218.14285714287,17366187.999999505,0.0,1.0000005000002212,230218.14285714287
2022-06-17,234687.42857142855,17366187.999999505,0.0,1.0000005000002212,234687.42857142855
2022-06-18,239156.7142857143,17366187.999999505,0.0,1.0000005000002212,239156.7142857143
2022-06-19,243626.0,17366187.999999505,0.0,1.0000005000002212,243626.0
2022-06-20,248509.57142857145,17366187.999999505,0.0,1.0000005000002212,248509.57142857145
2022-06-21,253235.14285714287,17366187.999999505,0.0,1.0000005000002212,253235.14285714287
2022-06-22,258088.42857142855,17366187.999999505,0.0,1.0000005000002212,258088.42857142855
2022-06-23,264161.71428571426,17366187.999999505,0.0,1.0000005000002212,264161.71428571426
2022-06-24,270101.4285714286,17366187.999999505,0.0,1.0000005000002212,270101.4285714286
2022-06-25,276041.14285714284,17366187.999999505,0.0,1.0000005000002212,276041.14285714284
2022-06-26,281980.8571428572,17366187.999999505,0.0,1.0000005000002212,281980.8571428572
2022-06-27,287994.14285714284,17366187.999999505,0.0,1.0000005000002212,287994.14285714284
2022-06-28,293854.71428571426,17366187.999999505,0.0,1.0000005000002212,293854.71428571426
2022-06-29,299681.5714285714,17366187.999999505,0.0,1.0000005000002212,299681.5714285714
2022-06-30,305320.28571428574,17366187.999999505,0.0,1.0000005000002212,305320.28571428574
2022-07-01,310903.71428571426,17366187.999999505,0.0,1.0000005000002212,310903.71428571426
2022-07-02,316487.14285714284,17366187.999999505,0.0,1.0000005000002212,316487.14285714284
2022-07-03,322070.5714285714,17366187.999999505,0.0,1.0000005000002212,322070.5714285714
2022-07-04,327060.28571428574,17366187.999999505,0.0,1.0000005000002212,327060.28571428574
2022-07-05,332150.4285714286,17366187.999999505,0.0,1.0000005000002212,332150.4285714286
2022-07-06,336989.14285714284,17366187.999999505,0.0,1.0000005000002212,336989.14285714284
2022-07-07,341590.71428571426,17366187.999999505,0.0,1.0000005000002212,341590.71428571426
2022-07-08,346015.4285714286,17366187.999999505,0.0,1.0000005000002212,346015.4285714286
2022-07-09,350440.14285714284,17366187.999999505,0.0,1.0000005000002212,350440.14285714284
2022-07-10,354864.8571428572,17366187.999999505,0.0,1.0000005000002212,354864.8571428572
2022-07-11,359547.0,17366187.999999505,0.0,1.0000005000002212,359547.0
2022-07-12,363290.1428571429,17366187.999999505,0.0,1.0000005000002212,363290.1428571429
2022-07-13,367289.7142857143,17366187.999999505,0.0,1.0000005000002212,367289.7142857143
2022-07-14,371115.7142857143,17366187.999999505,0.0,1.0000005000002212,371115.7142857143
2022-07-15,374714.5714285714,17366187.999999505,0.0,1.0000005000002212,374714.5714285714
2022-07-16,378313.4285714286,17366187.999999505,0.0,1.0000005000002212,378313.4285714286
2022-07-17,381912.28571428574,17366187.999999505,0.0,1.0000005000002212,381912.28571428574
2022-07-18,385197.28571428574,17366187.999999505,0.0,1.0000005000002212,385197.28571428574
2022-07-19,388759.7142857143,17366187.999999505,0.0,1.0000005000002212,388759.7142857143
2022-07-20,391702.0,17366187.999999505,0.0,1.0000005000002212,391702.0
2022-07-21,394452.1428571429,17366187.999999505,0.0,1.0000005000002212,394452.1428571429
2022-07-22,397069.0,17366187.999999505,0.0,1.0000005000002212,397069.0
2022-07-23,399685.8571428572,17366187.999999505,0.0,1.0000005000002212,399685.8571428572
2022-07-24,402302.7142857143,17366187.999999505,0.0,1.0000005000002212,402302.7142857143
2022-07-25,404799.7142857143,17366187.999999505,0.0,1.0000005000002212,404799.7142857143
2022-07-26,407134.7142857143,17366187.999999505,0.0,1.0000005000002212,407134.7142857143
2022-07-27,409384.5714285714,17366187.999999505,0.0,1.0000005000002212,409384.5714285714
2022-07-28,411547.1428571429,17366187.999999505,0.0,1.0000005000002212,411547.1428571429
2022-07-29,413637.28571428574,17366187.999999505,0.0,1.0000005000002212,413637.28571428574
2022-07-30,415727.4285714286,17366187.999999505,0.0,1.0000005000002212,415727.4285714286
2022-07-31,417817.5714285714,17366187.999999505,0.0,1.0000005000002212,417817.5714285714
2022-08-01,419747.5714285714,17366187.999999505,0.0,1.0000005000002212,419747.5714285714
2022-08-02,421572.7142857143,17366187.999999505,0.0,1.0000005000002212,421572.7142857143
2022-08-03,423293.0,17366187.999999505,0.0,1.0000005000002212,423293.0
2022-08-04,425074.1428571429,17366187.999999505,0.0,1.0000005000002212,425074.1428571429
2022-08-05,426841.28571428574,17366187.999999505,0.0,1.0000005000002212,426841.28571428574
2022-08-06,428608.4285714286,17366187.999999505,0.0,1.0000005000002212,428608.4285714286
2022-08-07,430375.5714285714,17366187.999999505,0.0,1.0000005000002212,430375.5714285714
2022-08-08,432146.28571428574,17366187.999999505,0.0,1.0000005000002212,432146.28571428574
2022-08-09,433945.1428571429,17366187.999999505,0.0,1.0000005000002212,433945.1428571429
2022-08-10,435734.7142857143,17366187.999999505,0.0,1.0000005000002212,435734.7142857143
2022-08-11,437224.1428571429,17366187.999999505,0.0,1.0000005000002212,437224.1428571429
2022-08-12,438812.4285714286,17366187.999999505,0.0,1.0000005000002212,438812.4285714286
2022-08-13,440400.7142857143,17366187.999999505,0.0,1.0000005000002212,440400.7142857143
2022-08-14,441989.0,17366187.999999505,0.0,1.0000005000002212,441989.0
2022-08-15,443478.7142857143,17366187.999999505,0.0,1.0000005000002212,443478.7142857143
2022-08-16,444821.1428571429,17366187.999999505,0.0,1.0000005000002212,444821.1428571429
2022-08-17,446011.4285714286,17366187.999999505,0.0,1.0000005000002212,446011.4285714286
2022-08-18,447304.5714285714,17366187.999999505,0.0,1.0000005000002212,447304.5714285714
2022-08-19,448323.7142857143,17366187.999999505,0.0,1.0000005000002212,448323.7142857143
2022-08-20,449342.8571428572,17366187.999999505,0.0,1.0000005000002212,449342.8571428572
2022-08-21,450362.0,17366187.999999505,0.0,1.0000005000002212,450362.0
2022-08-22,451292.5714285714,17366187.999999505,0.0,1.0000005000002212,451292.5714285714
2022-08-23,452199.1428571429,17366187.999999505,0.0,1.0000005000002212,452199.1428571429
2022-08-24,453114.0,17366187.999999505,0.0,1.0000005000002212,453114.0
2022-08-25,453830.0,17366187.999999505,0.0,1.0000005000002212,453830.0
2022-08-26,454677.8571428572,17366187.999999505,0.0,1.0000005000002212,454677.8571428572
2022-08-27,455525.7142857143,17366187.999999505,0.0,1.0000005000002212,455525.7142857143
2022-08-28,456373.5714285714,17366187.999999505,0.0,1.0000005000002212,456373.5714285714
2022-08-29,458082.4285714286,17366187.999999505,0.0,1.0000005000002212,458082.4285714286
2022-08-30,459873.28571428574,17366187.999999505,0.0,1.0000005000002212,459873.28571428574
2022-08-31,461492.5714285714,17366187.999999505,0.0,1.0000005000002212,461492.5714285714
2022-09-01,463455.0,17366187.999999505,0.0,1.0000005000002212,463455.0
2022-09-02,465219.1428571429,17366187.999999505,0.0,1.0000005000002212,465219.1428571429
2022-09-03,466983.28571428574,17366187.999999505,0.0,1.0000005000002212,466983.28571428574
2022-09-04,468747.4285714286,17366187.999999505,0.0,1.0000005000002212,468747.4285714286
2022-09-05,469698.28571428574,17366187.999999505,0.0,1.0000005000002212,469698.28571428574
2022-09-06,470617.8571428572,17366187.999999505,0.0,1.0000005000002212,470617.8571428572
2022-09-07,471533.1428571429,17366187.999999505,0.0,1.0000005000002212,471533.1428571429
2022-09-08,472260.8571428572,17366187.999999505,0.0,1.0000005000002212,472260.8571428572
2022-09-09,473080.0,17366187.999999505,0.0,1.0000005000002212,473080.0
2022-09-10,473899.1428571429,17366187.999999505,0.0,1.0000005000002212,473899.1428571429
2022-09-11,474718.28571428574,17366187.999999505,0.0,1.0000005000002212,474718.28571428574
2022-09-12,475500.0,17366187.999999505,0.0,1.0000005000002212,475500.0
2022-09-13,476245.8571428572,17366187.999999505,0.0,1.0000005000002212,476245.8571428572
2022-09-14,477162.7142857143,17366187.999999505,0.0,1.0000005000002212,477162.7142857143
2022-09-15,478088.28571428574,17366187.999999505,0.0,1.0000005000002212,478088.28571428574
2022-09-16,478938.0,17366187.999999505,0.0,1.0000005000002212,478938.0
2022-09-17,479787.7142857143,17366187.999999505,0.0,1.0000005000002212,479787.7142857143
2022-09-18,480637.4285714286,17366187.999999505,0.0,1.0000005000002212,480637.4285714286
2022-09-19,481485.28571428574,17366187.999999505,0.0,1.0000005000002212,481485.28571428574
2022-09-20,482190.7142857143,17366187.999999505,0.0,1.0000005000002212,482190.7142857143
2022-09-21,482762.7142857143,17366187.999999505,0.0,1.0000005000002212,482762.7142857143
2022-09-22,483218.0,17366187.999999505,0.0,1.0000005000002212,483218.0
2022-09-23,483573.7142857143,17366187.999999505,0.0,1.0000005000002212,483573.7142857143
2022-09-24,483929.4285714286,17366187.999999505,0.0,1.0000005000002212,483929.4285714286
2022-09-25,484285.1428571429,17366187.999999505,0.0,1.0000005000002212,484285.1428571429
2022-09-26,484921.7142857143,17366187.999999505,0.0,1.0000005000002212,484921.7142857143
2022-09-27,485680.8571428572,17366187.999999505,0.0,1.0000005000002212,485680.8571428572
2022-09-28,486402.4285714286,17366187.999999505,0.0,1.0000005000002212,486402.4285714286
2022-09-29,487330.8571428572,17366187.999999505,0.0,1.0000005000002212,487330.8571428572
2022-09-30,488325.8571428572,17366187.999999505,0.0,1.0000005000002212,488325.8571428572
2022-10-01,489320.8571428572,17366187.999999505,0.0,1.0000005000002212,489320.8571428572
2022-10-02,490315.8571428572,17366187.999999505,0.0,1.0000005000002212,490315.8571428572
2022-10-03,491205.0,17366187.999999505,0.0,1.0000005000002212,491205.0
2022-10-04,492094.1428571429,17366187.999999505,0.0,1.0000005000002212,492094.1428571429
2022-10-05,493127.8571428572,17366187.999999505,0.0,1.0000005000002212,493127.8571428572
2022-10-06,493916.4285714286,17366187.999999505,0.0,1.0000005000002212,493916.4285714286
2022-10-07,494774.4285714286,17366187.999999505,0.0,1.0000005000002212,494774.4285714286
2022-10-08,495632.4285714286,17366187.999999505,0.0,1.0000005000002212,495632.4285714286
2022-10-09,496490.4285714286,17366187.999999505,0.0,1.0000005000002212,496490.4285714286
2022-10-10,497137.4285714286,17366187.999999505,0.0,1.0000005000002212,497137.4285714286
2022-10-11,497747.8571428572,17366187.999999505,0.0,1.0000005000002212,497747.8571428572
2022-10-12,498213.7142857143,17366187.999999505,0.0,1.0000005000002212,498213.7142857143
2022-10-13,498824.5714285714,17366187.999999505,0.0,1.0000005000002212,498824.5714285714
2022-10-14,499398.4285714286,17366187.999999505,0.0,1.0000005000002212,499398.4285714286
2022-10-15,499972.28571428574,17366187.999999505,0.0,1.0000005000002212,499972.28571428574
2022-10-16,500546.1428571429,17366187.999999505,0.0,1.0000005000002212,500546.1428571429
2022-10-17,500977.1428571429,17366187.999999505,0.0,1.0000005000002212,500977.1428571429
2022-10-18,501319.1428571429,17366187.999999505,0.0,1.0000005000002212,501319.1428571429
2022-10-19,501990.8571428572,17366187.999999505,0.0,1.0000005000002212,501990.8571428572
2022-10-20,502619.28571428574,17366187.999999505,0.0,1.0000005000002212,502619.28571428574
2022-10-21,503145.5714285714,17366187.999999505,0.0,1.0000005000002212,503145.5714285714
2022-10-22,503671.8571428572,17366187.999999505,0.0,1.0000005000002212,503671.8571428572
2022-10-23,504198.1428571429,17366187.999999505,0.0,1.0000005000002212,504198.1428571429
2022-10-24,504935.7142857143,17366187.999999505,0.0,1.0000005000002212,504935.7142857143
2022-10-25,505697.1428571429,17366187.999999505,0.0,1.0000005000002212,505697.1428571429
2022-10-26,506333.1428571429,17366187.999999505,0.0,1.0000005000002212,506333.1428571429
2022-10-27,506989.4285714286,17366187.999999505,0.0,1.0000005000002212,506989.4285714286
2022-10-28,507686.7142857143,17366187.999999505,0.0,1.0000005000002212,507686.7142857143
2022-10-29,508384.0,17366187.999999505,0.0,1.0000005000002212,508384.0
2022-10-30,509081.28571428574,17366187.999999505,0.0,1.0000005000002212,509081.28571428574
2022-10-31,509651.5714285714,17366187.999999505,0.0,1.0000005000002212,509651.5714285714
2022-11-01,510445.0,17366187.999999505,0.0,1.0000005000002212,510445.0
2022-11-02,511034.1428571429,17366187.999999505,0.0,1.0000005000002212,511034.1428571429
2022-11-03,511698.8571428572,17366187.999999505,0.0,1.0000005000002212,511698.8571428572
2022-11-04,512318.8571428572,17366187.999999505,0.0,1.0000005000002212,512318.8571428572
2022-11-05,512938.8571428572,17366187.999999505,0.0,1.0000005000002212,512938.8571428572
2022-11-06,513558.8571428572,17366187.999999505,0.0,1.0000005000002212,513558.8571428572
2022-11-07,514206.0,17366187.999999505,0.0,1.0000005000002212,514206.0
2022-11-08,515092.8571428572,17366187.999999505,0.0,1.0000005000002212,515092.8571428572
2022-11-09,516276.0,17366187.999999505,0.0,1.0000005000002212,516276.0
2022-11-10,517899.4285714286,17366187.999999505,0.0,1.0000005000002212,517899.4285714286
2022-11-11,520581.1428571429,17366187.999999505,0.0,1.0000005000002212,520581.1428571429
2022-11-12,523262.8571428572,17366187.999999505,0.0,1.0000005000002212,523262.8571428572
2022-11-13,525944.5714285715,17366187.999999505,0.0,1.0000005000002212,525944.5714285715
2022-11-14,528687.7142857143,17366187.999999505,0.0,1.0000005000002212,528687.7142857143
2022-11-15,530919.0,17366187.999999505,0.0,1.0000005000002212,530919.0
2022-11-16,534109.8571428572,17366187.999999505,0.0,1.0000005000002212,534109.8571428572
2022-11-17,538315.2857142857,17366187.999999505,0.0,1.0000005000002212,538315.2857142857
2022-11-18,542956.0,17366187.999999505,0.0,1.0000005000002212,542956.0
2022-11-19,547596.7142857143,17366187.999999505,0.0,1.0000005000002212,547596.7142857143
2022-11-20,552237.4285714285,17366187.999999505,0.0,1.0000005000002212,552237.4285714285
2022-11-21,558246.8571428572,17366187.999999505,0.0,1.0000005000002212,558246.8571428572
2022-11-22,564449.8571428572,17366187.999999505,0.0,1.0000005000002212,564449.8571428572
2022-11-23,570295.0,17366187.999999505,0.0,1.0000005000002212,570295.0
2022-11-24,574472.0,17366187.999999505,0.0,1.0000005000002212,574472.0
2022-11-25,578752.5714285715,17366187.999999505,0.0,1.0000005000002212,578752.5714285715
2022-11-26,583033.1428571428,17366187.999999505,0.0,1.0000005000002212,583033.1428571428
2022-11-27,587313.7142857143,17366187.999999505,0.0,1.0000005000002212,587313.7142857143
2022-11-28,590026.7142857143,17366187.999999505,0.0,1.0000005000002212,590026.7142857143
2022-11-29,594259.0,17366187.999999505,0.0,1.0000005000002212,594259.0
2022-11-30,598261.0,17366187.999999505,0.0,1.0000005000002212,598261.0
2022-12-01,602699.7142857143,17366187.999999505,0.0,1.0000005000002212,602699.7142857143
2022-12-02,606268.1428571428,17366187.999999505,0.0,1.0000005000002212,606268.1428571428
2022-12-03,609836.5714285715,17366187.999999505,0.0,1.0000005000002212,609836.5714285715
2022-12-04,613405.0,17366187.999999505,0.0,1.0000005000002212,613405.0
2022-12-05,617355.0,17366187.999999505,0.0,1.0000005000002212,617355.0
2022-12-06,620216.5714285715,17366187.999999505,0.0,1.0000005000002212,620216.5714285715
2022-12-07,622778.1428571428,17366187.999999505,0.0,1.0000005000002212,622778.1428571428
2022-12-08,625705.1428571428,17366187.999999505,0.0,1.0000005000002212,625705.1428571428
2022-12-09,627881.0,17366187.999999505,0.0,1.0000005000002212,627881.0
2022-12-10,630056.8571428572,17366187.999999505,0.0,1.0000005000002212,630056.8571428572
2022-12-11,632232.7142857143,17366187.999999505,0.0,1.0000005000002212,632232.7142857143
2022-12-12,634698.1428571428,17366187.999999505,0.0,1.0000005000002212,634698.1428571428
2022-12-13,637063.4285714285,17366187.999999505,0.0,1.0000005000002212,637063.4285714285
2022-12-14,639275.5714285715,17366187.999999505,0.0,1.0000005000002212,639275.5714285715
2022-12-15,641274.2857142857,17366187.999999505,0.0,1.0000005000002212,641274.2857142857
2022-12-16,643677.0,17366187.999999505,0.0,1.0000005000002212,643677.0
2022-12-17,646079.7142857143,17366187.999999505,0.0,1.0000005000002212,646079.7142857143
2022-12-18,648482.4285714285,17366187.999999505,0.0,1.0000005000002212,648482.4285714285
2022-12-19,650714.1428571428,17366187.999999505,0.0,1.0000005000002212,650714.1428571428
2022-12-20,652745.0,17366187.999999505,0.0,1.0000005000002212,652745.0
2022-12-21,654923.2857142857,17366187.999999505,0.0,1.0000005000002212,654923.2857142857
2022-12-22,656876.7142857143,17366187.999999505,0.0,1.0000005000002212,656876.7142857143
2022-12-23,658786.2857142857,17366187.999999505,0.0,1.0000005000002212,658786.2857142857
2022-12-24,660695.8571428572,17366187.999999505,0.0,1.0000005000002212,660695.8571428572
2022-12-25,662605.4285714285,17366187.999999505,0.0,1.0000005000002212,662605.4285714285
2022-12-26,664294.5714285715,17366187.999999505,0.0,1.0000005000002212,664294.5714285715
2022-12-27,665981.1428571428,17366187.999999505,0.0,1.0000005000002212,665981.1428571428
2022-12-28,667647.2857142857,17366187.999999505,0.0,1.0000005000002212,667647.2857142857
2022-12-29,669216.1428571428,17366187.999999505,0.0,1.0000005000002212,669216.1428571428
2022-12-30,670638.1428571428,17366187.999999505,0.0,1.0000005000002212,670638.1428571428
2022-12-31,672060.1428571428,17366187.999999505,0.0,1.0000005000002212,672060.1428571428
2023-01-01,673482.1428571428,17366187.999999505,0.0,1.0000005000002212,673482.1428571428
2023-01-02,674737.7142857143,17366187.999999505,0.0,1.0000005000002212,674737.7142857143
2023-01-03,675770.5714285715,17366187.999999505,0.0,1.0000005000002212,675770.5714285715
2023-01-04,676906.7142857143,17366187.999999505,0.0,1.0000005000002212,676906.7142857143
2023-01-05,677851.2857142857,17366187.999999505,0.0,1.0000005000002212,677851.2857142857
2023-01-06,678945.2857142857,17366187.999999505,0.0,1.0000005000002212,678945.2857142857
2023-01-07,680039.2857142857,17366187.999999505,0.0,1.0000005000002212,680039.2857142857
2023-01-08,681133.2857142857,17366187.999999505,0.0,1.0000005000002212,681133.2857142857
2023-01-09,682204.1428571428,17366187.999999505,0.0,1.0000005000002212,682204.1428571428
2023-01-10,683538.7142857143,17366187.999999505,0.0,1.0000005000002212,683538.7142857143
2023-01-11,684577.5714285715,17366187.999999505,0.0,1.0000005000002212,684577.5714285715
2023-01-12,685706.8571428572,17366187.999999505,0.0,1.0000005000002212,685706.8571428572
2023-01-13,686637.7142857143,17366187.999999505,0.0,1.0000005000002212,686637.7142857143
2023-01-14,687568.5714285715,17366187.999999505,0.0,1.0000005000002212,687568.5714285715
2023-01-15,688499.4285714285,17366187.999999505,0.0,1.0000005000002212,688499.4285714285
2023-01-16,689559.2857142857,17366187.999999505,0.0,1.0000005000002212,689559.2857142857
2023-01-17,690420.2857142857,17366187.999999505,0.0,1.0000005000002212,690420.2857142857
2023-01-18,691182.1428571428,17366187.999999505,0.0,1.0000005000002212,691182.1428571428
2023-01-19,691829.1428571428,17366187.999999505,0.0,1.0000005000002212,691829.1428571428
2023-01-20,692311.8571428572,17366187.999999505,0.0,1.0000005000002212,692311.8571428572
2023-01-21,692794.5714285715,17366187.999999505,0.0,1.0000005000002212,692794.5714285715
2023-01-22,693277.2857142857,17366187.999999505,0.0,1.0000005000002212,693277.2857142857
2023-01-23,694092.0,17366187.999999505,0.0,1.0000005000002212,694092.0
2023-01-24,694795.5714285715,17366187.999999505,0.0,1.0000005000002212,694795.5714285715
2023-01-25,695698.1428571428,17366187.999999505,0.0,1.0000005000002212,695698.1428571428
2023-01-26,696705.7142857143,17366187.999999505,0.0,1.0000005000002212,696705.7142857143
2023-01-27,697840.8571428572,17366187.999999505,0.0,1.0000005000002212,697840.8571428572
2023-01-28,698976.0,17366187.999999505,0.0,1.0000005000002212,698976.0
2023-01-29,700111.1428571428,17366187.999999505,0.0,1.0000005000002212,700111.1428571428
2023-01-30,700845.7142857143,17366187.999999505,0.0,1.0000005000002212,700845.7142857143
2023-01-31,701645.1428571428,17366187.999999505,0.0,1.0000005000002212,701645.1428571428
2023-02-01,702304.7142857143,17366187.999999505,0.0,1.0000005000002212,702304.7142857143
2023-02-02,702925.0,17366187.999999505,0.0,1.0000005000002212,702925.0
2023-02-03,703522.5714285715,17366187.999999505,0.0,1.0000005000002212,703522.5714285715
2023-02-04,704120.1428571428,17366187.999999505,0.0,1.0000005000002212,704120.1428571428
2023-02-05,704717.7142857143,17366187.999999505,0.0,1.0000005000002212,704717.7142857143
2023-02-06,705289.5714285715,17366187.999999505,0.0,1.0000005000002212,705289.5714285715
2023-02-07,705901.4285714285,17366187.999999505,0.0,1.0000005000002212,705901.4285714285
2023-02-08,706434.8571428572,17366187.999999505,0.0,1.0000005000002212,706434.8571428572
2023-02-09,706899.7142857143,17366187.999999505,0.0,1.0000005000002212,706899.7142857143
2023-02-10,707472.1428571428,17366187.999999505,0.0,1.0000005000002212,707472.1428571428
2023-02-11,708044.5714285715,17366187.999999505,0.0,1.0000005000002212,708044.5714285715
2023-02-12,708617.0,17366187.999999505,0.0,1.0000005000002212,708617.0
2023-02-13,709182.7142857143,17366187.999999505,0.0,1.0000005000002212,709182.7142857143
2023-02-14,709857.2857142857,17366187.999999505,0.0,1.0000005000002212,709857.2857142857
2023-02-15,710570.0,17366187.999999505,0.0,1.0000005000002212,710570.0
2023-02-16,711458.4285714285,17366187.999999505,0.0,1.0000005000002212,711458.4285714285
2023-02-17,712228.4285714285,17366187.999999505,0.0,1.0000005000002212,712228.4285714285
2023-02-18,712998.4285714285,17366187.999999505,0.0,1.0000005000002212,712998.4285714285
2023-02-19,713768.4285714285,17366187.999999505,0.0,1.0000005000002212,713768.4285714285
2023-02-20,714420.2857142857,17366187.999999505,0.0,1.0000005000002212,714420.2857142857
2023-02-21,714806.5714285715,17366187.999999505,0.0,1.0000005000002212,714806.5714285715
2023-02-22,715124.0,17366187.999999505,0.0,1.0000005000002212,715124.0
2023-02-23,715495.8571428572,17366187.999999505,0.0,1.0000005000002212,715495.8571428572
2023-02-24,716014.4285714285,17366187.999999505,0.0,1.0000005000002212,716014.4285714285
2023-02-25,716533.0,17366187.999999505,0.0,1.0000005000002212,716533.0
2023-02-26,717051.5714285715,17366187.999999505,0.0,1.0000005000002212,717051.5714285715
2023-02-27,717769.5714285715,17366187.999999505,0.0,1.0000005000002212,717769.5714285715
2023-02-28,718817.5714285715,17366187.999999505,0.0,1.0000005000002212,718817.5714285715
2023-03-01,720086.0,17366187.999999505,0.0,1.0000005000002212,720086.0
2023-03-02,721076.5714285715,17366187.999999505,0.0,1.0000005000002212,721076.5714285715
2023-03-03,722253.5714285715,17366187.999999505,0.0,1.0000005000002212,722253.5714285715
2023-03-04,723430.5714285715,17366187.999999505,0.0,1.0000005000002212,723430.5714285715
2023-03-05,724607.5714285715,17366187.999999505,0.0,1.0000005000002212,724607.5714285715
2023-03-06,725585.1428571428,17366187.999999505,0.0,1.0000005000002212,725585.1428571428
2023-03-07,726232.7142857143,17366187.999999505,0.0,1.0000005000002212,726232.7142857143
2023-03-08,726659.8571428572,17366187.999999505,0.0,1.0000005000002212,726659.8571428572
2023-03-09,727087.0,17366187.999999505,0.0,1.0000005000002212,727087.0
2023-03-10,727328.2857142857,17366187.999999505,0.0,1.0000005000002212,727328.2857142857
2023-03-11,727569.5714285715,17366187.999999505,0.0,1.0000005000002212,727569.5714285715
2023-03-12,727810.8571428572,17366187.999999505,0.0,1.0000005000002212,727810.8571428572
2023-03-13,728052.1428571428,17366187.999999505,0.0,1.0000005000002212,728052.1428571428
2023-03-14,728293.4285714285,17366187.999999505,0.0,1.0000005000002212,728293.4285714285
2023-03-15,728534.7142857143,17366187.999999505,0.0,1.0000005000002212,728534.7142857143
2023-03-16,728776.0,17366187.999999505,0.0,1.0000005000002212,728776.0
2023-03-17,728776.0,17366187.999999505,0.0,1.0000005000002212,728776.0
2023-03-18,728776.0,17366187.999999505,0.0,1.0000005000002212,728776.0
2023-03-19,728776.0,17366187.999999505,0.0,1.0000005000002212,728776.0
2023-03-20,728776.0,17366187.999999505,0.0,1.0000005000002212,728776.0
2023-03-21,728776.0,17366187.999999505,0.0,1.0000005000002212,728776.0
2023-03-22,728776.0,17366187.999999505,0.0,1.0000005000002212,728776.0
2023-03-23,728776.0,17366187.999999505,0.0,1.0000005000002212,728776.0
