id,date,confirmed,deaths,recovered,tests,vaccines,people_vaccinated,people_fully_vaccinated,hosp,icu,vent,school_closing,workplace_closing,cancel_events,gatherings_restrictions,transport_closing,stay_home_restrictions,internal_movement_restrictions,international_movement_restrictions,information_campaigns,testing_policy,contact_tracing,facial_coverings,vaccination_policy,elderly_people_protection,government_response_index,stringency_index,containment_health_index,economic_support_index,administrative_area_level,administrative_area_level_1,administrative_area_level_2,administrative_area_level_3,latitude,longitude,population,iso_alpha_3,iso_alpha_2,iso_numeric,iso_currency,key_local,key_google_mobility,key_apple_mobility,key_jhu_csse,key_nuts,key_gadm,recovered_est,active,susceptible,active_smooth
8afaf004,2020-03-05,1,0,0.0,,,,,,,,0.0,0.0,0.0,0.0,0.0,0.0,0.0,0.0,2.0,1.0,0.0,1.0,0.0,0.0,9.9,11.11,11.31,0.0,2,Brazil,Rio de Janeiro,,-22.06694317,-42.0633655677008,17366189,BRA,BR,76,BRL,33,ChIJw4riypQYmAAR0IMFwRrDSQM,Rio de Janeiro (state),BRRJ,,BRA.19_1,0.0,1.0,17366188.0,1.0
8afaf004,2020-03-06,2,0,0.0,,,,,,,,0.0,0.0,0.0,0.0,0.0,0.0,0.0,0.0,2.0,1.0,0.0,1.0,0.0,0.0,9.9,11.11,11.31,0.0,2,Brazil,Rio de Janeiro,,-22.06694317,-42.0633655677008,17366189,BRA,BR,76,BRL,33,ChIJw4riypQYmAAR0IMFwRrDSQM,Rio de Janeiro (state),BRRJ,,BRA.19_1,0.0,2.0,17366187.0,1.5
8afaf004,2020-03-07,2,0,0.0,,,,,,,,0.0,0.0,0.0,0.0,0.0,0.0,0.0,0.0,2.0,1.0,0.0,1.0,0.0,0.0,9.9,11.11,11.31,0.0,2,Brazil,Rio de Janeiro,,-22.06694317,-42.0633655677008,17366189,BRA,BR,76,BRL,33,ChIJw4riypQYmAAR0IMFwRrDSQM,Rio de Janeiro (state),BRRJ,,BRA.19_1,0.0,2.0,17366187.0,1.6666666666666667
8afaf004,2020-03-08,3,0,0.0,,,,,,,,0.0,0.0,0.0,0.0,0.0,0.0,0.0,0.0,2.0,1.0,0.0,1.0,0.0,0.0,9.9,11.11,11.31,0.0,2,Brazil,Rio de Janeiro,,-22.06694317,-42.0633655677008,17366189,BRA,BR,76,BRL,33,ChIJw4riypQYmAAR0IMFwRrDSQM,Rio de Janeiro (state),BRRJ,,BRA.19_1,0.0,3.0,17366186.0,2.0
8afaf004,2020-03-09,3,0,0.0,,,,,,,,0.0,0.0,0.0,0.0,0.0,0.0,0.0,0.0,2.0,1.0,0.0,1.0,0.0,0.0,9.9,11.11,11.31,0.0,2,Brazil,Rio de Janeiro,,-22.06694317,-42.0633655677008,17366189,BRA,BR,76,BRL,33,ChIJw4riypQYmAAR0IMFwRrDSQM,Rio de Janeiro (state),BRRJ,,BRA.19_1,0.0,3.0,17366186.0,2.2
8afaf004,2020-03-10,8,0,0.0,,,,,,,,0.0,0.0,0.0,0.0,0.0,0.0,0.0,0.0,2.0,1.0,0.0,1.0,0.0,0.0,9.9,11.11,11.31,0.0,2,Brazil,Rio de Janeiro,,-22.06694317,-42.0633655677008,17366189,BRA,BR,76,BRL,33,ChIJw4riypQYmAAR0IMFwRrDSQM,Rio de Janeiro (state),BRRJ,,BRA.19_1,0.0,8.0,17366181.0,3.1666666666666665
8afaf004,2020-03-11,13,0,0.0,,,,,,,,0.0,0.0,0.0,0.0,0.0,0.0,0.0,0.0,2.0,1.0,0.0,1.0,0.0,0.0,9.9,11.11,11.31,0.0,2,Brazil,Rio de Janeiro,,-22.06694317,-42.0633655677008,17366189,BRA,BR,76,BRL,33,ChIJw4riypQYmAAR0IMFwRrDSQM,Rio de Janeiro (state),BRRJ,,BRA.19_1,0.0,13.0,17366176.0,4.571428571428571
8afaf004,2020-03-12,16,0,0.0,,,,,,,,0.0,0.0,0.0,0.0,0.0,0.0,0.0,0.0,2.0,1.0,0.0,1.0,0.0,0.0,9.9,11.11,11.31,0.0,2,Brazil,Rio de Janeiro,,-22.06694317,-42.0633655677008,17366189,BRA,BR,76,BRL,33,ChIJw4riypQYmAAR0IMFwRrDSQM,Rio de Janeiro (state),BRRJ,,BRA.19_1,0.0,16.0,17366173.0,6.714285714285714
8afaf004,2020-03-13,16,0,0.0,,,,,,,,3.0,2.0,2.0,4.0,0.0,-1.0,0.0,2.0,2.0,1.0,0.0,1.0,0.0,0.0,36.98,59.26,42.26,0.0,2,Brazil,Rio de Janeiro,,-22.06694317,-42.0633655677008,17366189,BRA,BR,76,BRL,33,ChIJw4riypQYmAAR0IMFwRrDSQM,Rio de Janeiro (state),BRRJ,,BRA.19_1,0.0,16.0,17366173.0,8.714285714285714
8afaf004,2020-03-14,22,0,0.0,,,,,,,,3.0,2.0,2.0,4.0,0.0,-1.0,0.0,2.0,2.0,1.0,0.0,1.0,0.0,0.0,36.98,59.26,42.26,0.0,2,Brazil,Rio de Janeiro,,-22.06694317,-42.0633655677008,17366189,BRA,BR,76,BRL,33,ChIJw4riypQYmAAR0IMFwRrDSQM,Rio de Janeiro (state),BRRJ,,BRA.19_1,0.0,22.0,17366167.0,11.571428571428571
8afaf004,2020-03-15,24,0,0.0,,,,,,,,3.0,2.0,2.0,4.0,0.0,-1.0,0.0,2.0,2.0,1.0,0.0,1.0,0.0,0.0,36.98,59.26,42.26,0.0,2,Brazil,Rio de Janeiro,,-22.06694317,-42.0633655677008,17366189,BRA,BR,76,BRL,33,ChIJw4riypQYmAAR0IMFwRrDSQM,Rio de Janeiro (state),BRRJ,,BRA.19_1,0.0,24.0,17366165.0,14.571428571428571
8afaf004,2020-03-16,31,0,0.0,,,,,,,,3.0,2.0,2.0,4.0,0.0,1.0,0.0,2.0,2.0,1.0,0.0,1.0,0.0,0.0,38.02,61.11,43.45,0.0,2,Brazil,Rio de Janeiro,,-22.06694317,-42.0633655677008,17366189,BRA,BR,76,BRL,33,ChIJw4riypQYmAAR0IMFwRrDSQM,Rio de Janeiro (state),BRRJ,,BRA.19_1,0.0,31.0,17366158.0,18.571428571428573
8afaf004,2020-03-17,33,0,0.0,,,,,,,,3.0,2.0,2.0,4.0,1.0,1.0,2.0,3.0,2.0,1.0,0.0,1.0,0.0,0.0,48.96,80.56,55.95,0.0,2,Brazil,Rio de Janeiro,,-22.06694317,-42.0633655677008,17366189,BRA,BR,76,BRL,33,ChIJw4riypQYmAAR0IMFwRrDSQM,Rio de Janeiro (state),BRRJ,,BRA.19_1,0.0,33.0,17366156.0,22.142857142857142
8afaf004,2020-03-18,63,0,0.0,,,,,,,,3.0,2.0,2.0,4.0,1.0,1.0,2.0,3.0,2.0,1.0,0.0,1.0,0.0,0.0,48.96,80.56,55.95,0.0,2,Brazil,Rio de Janeiro,,-22.06694317,-42.0633655677008,17366189,BRA,BR,76,BRL,33,ChIJw4riypQYmAAR0IMFwRrDSQM,Rio de Janeiro (state),BRRJ,,BRA.19_1,0.0,63.0,17366126.0,29.285714285714285
8afaf004,2020-03-19,66,2,0.0,,,,,,,,3.0,2.0,2.0,4.0,1.0,1.0,2.0,3.0,2.0,1.0,0.0,1.0,0.0,0.0,48.96,80.56,55.95,0.0,2,Brazil,Rio de Janeiro,,-22.06694317,-42.0633655677008,17366189,BRA,BR,76,BRL,33,ChIJw4riypQYmAAR0IMFwRrDSQM,Rio de Janeiro (state),BRRJ,,BRA.19_1,0.0,64.0,17366125.0,36.142857142857146
8afaf004,2020-03-20,109,2,0.0,,,,,,,,3.0,2.0,2.0,4.0,-2.0,1.0,2.0,3.0,2.0,1.0,0.0,1.0,0.0,0.0,50.52,83.33,57.74,0.0,2,Brazil,Rio de Janeiro,,-22.06694317,-42.0633655677008,17366189,BRA,BR,76,BRL,33,ChIJw4riypQYmAAR0IMFwRrDSQM,Rio de Janeiro (state),BRRJ,,BRA.19_1,0.0,107.0,17366082.0,49.142857142857146
8afaf004,2020-03-21,119,3,0.0,,,,,,,,3.0,2.0,2.0,4.0,-2.0,1.0,2.0,3.0,2.0,1.0,0.0,1.0,0.0,0.0,50.52,83.33,57.74,0.0,2,Brazil,Rio de Janeiro,,-22.06694317,-42.0633655677008,17366189,BRA,BR,76,BRL,33,ChIJw4riypQYmAAR0IMFwRrDSQM,Rio de Janeiro (state),BRRJ,,BRA.19_1,0.0,116.0,17366073.0,62.57142857142857
8afaf004,2020-03-22,186,3,0.0,,,,,,,,3.0,2.0,2.0,4.0,-2.0,1.0,2.0,3.0,2.0,1.0,0.0,1.0,0.0,0.0,50.52,83.33,57.74,0.0,2,Brazil,Rio de Janeiro,,-22.06694317,-42.0633655677008,17366189,BRA,BR,76,BRL,33,ChIJw4riypQYmAAR0IMFwRrDSQM,Rio de Janeiro (state),BRRJ,,BRA.19_1,0.0,183.0,17366006.0,85.28571428571429
8afaf004,2020-03-23,233,4,0.0,,,,,,,,3.0,2.0,2.0,4.0,-2.0,1.0,2.0,3.0,2.0,1.0,0.0,1.0,0.0,0.0,50.52,83.33,57.74,0.0,2,Brazil,Rio de Janeiro,,-22.06694317,-42.0633655677008,17366189,BRA,BR,76,BRL,33,ChIJw4riypQYmAAR0IMFwRrDSQM,Rio de Janeiro (state),BRRJ,,BRA.19_1,0.0,229.0,17365960.0,113.57142857142857
8afaf004,2020-03-24,305,6,1.0,,,,,,,,3.0,2.0,2.0,4.0,-2.0,1.0,2.0,3.0,2.0,1.0,0.0,1.0,0.0,0.0,50.52,83.33,57.74,0.0,2,Brazil,Rio de Janeiro,,-22.06694317,-42.0633655677008,17366189,BRA,BR,76,BRL,33,ChIJw4riypQYmAAR0IMFwRrDSQM,Rio de Janeiro (state),BRRJ,,BRA.19_1,1.0,298.0,17365890.0,151.42857142857142
8afaf004,2020-03-25,370,8,1.0,,,,,,,,3.0,2.0,2.0,4.0,-2.0,1.0,2.0,3.0,2.0,1.0,0.0,1.0,0.0,0.0,50.52,83.33,57.74,0.0,2,Brazil,Rio de Janeiro,,-22.06694317,-42.0633655677008,17366189,BRA,BR,76,BRL,33,ChIJw4riypQYmAAR0IMFwRrDSQM,Rio de Janeiro (state),BRRJ,,BRA.19_1,1.0,361.0,17365827.0,194.0
8afaf004,2020-03-26,421,9,1.0,,,,,,,,3.0,2.0,2.0,4.0,-2.0,1.0,2.0,3.0,2.0,1.0,0.0,1.0,0.0,0.0,50.52,83.33,57.74,0.0,2,Brazil,Rio de Janeiro,,-22.06694317,-42.0633655677008,17366189,BRA,BR,76,BRL,33,ChIJw4riypQYmAAR0IMFwRrDSQM,Rio de Janeiro (state),BRRJ,,BRA.19_1,1.0,411.0,17365777.0,243.57142857142858
8afaf004,2020-03-27,493,10,1.0,,,,,,,,3.0,2.0,2.0,4.0,-2.0,1.0,2.0,4.0,2.0,1.0,0.0,1.0,0.0,0.0,52.08,86.11,59.52,0.0,2,Brazil,Rio de Janeiro,,-22.06694317,-42.0633655677008,17366189,BRA,BR,76,BRL,33,ChIJw4riypQYmAAR0IMFwRrDSQM,Rio de Janeiro (state),BRRJ,,BRA.19_1,1.0,482.0,17365706.0,297.14285714285717
8afaf004,2020-03-28,558,13,1.0,,,,,,,,3.0,2.0,2.0,4.0,-2.0,1.0,2.0,4.0,2.0,1.0,0.0,1.0,0.0,0.0,52.08,86.11,59.52,0.0,2,Brazil,Rio de Janeiro,,-22.06694317,-42.0633655677008,17366189,BRA,BR,76,BRL,33,ChIJw4riypQYmAAR0IMFwRrDSQM,Rio de Janeiro (state),BRRJ,,BRA.19_1,1.0,544.0,17365644.0,358.2857142857143
8afaf004,2020-03-29,600,17,1.0,,,,,,,,3.0,2.0,2.0,4.0,-2.0,1.0,2.0,4.0,2.0,1.0,0.0,1.0,0.0,0.0,52.08,86.11,59.52,0.0,2,Brazil,Rio de Janeiro,,-22.06694317,-42.0633655677008,17366189,BRA,BR,76,BRL,33,ChIJw4riypQYmAAR0IMFwRrDSQM,Rio de Janeiro (state),BRRJ,,BRA.19_1,1.0,582.0,17365606.0,415.2857142857143
8afaf004,2020-03-30,657,18,1.0,,,,,,,,3.0,2.0,2.0,4.0,2.0,1.0,2.0,4.0,2.0,1.0,0.0,1.0,0.0,0.0,53.65,88.89,61.31,0.0,2,Brazil,Rio de Janeiro,,-22.06694317,-42.0633655677008,17366189,BRA,BR,76,BRL,33,ChIJw4riypQYmAAR0IMFwRrDSQM,Rio de Janeiro (state),BRRJ,,BRA.19_1,1.0,638.0,17365550.0,473.7142857142857
8afaf004,2020-03-31,708,23,1.0,,,,,,,,3.0,2.0,2.0,4.0,2.0,1.0,2.0,4.0,2.0,1.0,0.0,1.0,0.0,0.0,53.65,88.89,61.31,0.0,2,Brazil,Rio de Janeiro,,-22.06694317,-42.0633655677008,17366189,BRA,BR,76,BRL,33,ChIJw4riypQYmAAR0IMFwRrDSQM,Rio de Janeiro (state),BRRJ,,BRA.19_1,1.0,684.0,17365504.0,528.8571428571429
8afaf004,2020-04-01,832,28,1.0,,,,,,,,3.0,2.0,2.0,4.0,2.0,1.0,2.0,4.0,2.0,1.0,0.0,1.0,0.0,0.0,61.46,88.89,61.31,62.5,2,Brazil,Rio de Janeiro,,-22.06694317,-42.0633655677008,17366189,BRA,BR,76,BRL,33,ChIJw4riypQYmAAR0IMFwRrDSQM,Rio de Janeiro (state),BRRJ,,BRA.19_1,1.0,803.0,17365385.0,592.0
8afaf004,2020-04-02,992,41,1.0,,,,,,,,3.0,2.0,2.0,4.0,2.0,1.0,2.0,4.0,2.0,1.0,0.0,1.0,0.0,0.0,61.46,88.89,61.31,62.5,2,Brazil,Rio de Janeiro,,-22.06694317,-42.0633655677008,17366189,BRA,BR,76,BRL,33,ChIJw4riypQYmAAR0IMFwRrDSQM,Rio de Janeiro (state),BRRJ,,BRA.19_1,1.0,950.0,17365238.0,669.0
8afaf004,2020-04-03,1074,47,1.0,,,,,,,,3.0,2.0,2.0,4.0,2.0,1.0,2.0,4.0,2.0,1.0,0.0,1.0,0.0,0.0,61.46,88.89,61.31,62.5,2,Brazil,Rio de Janeiro,,-22.06694317,-42.0633655677008,17366189,BRA,BR,76,BRL,33,ChIJw4riypQYmAAR0IMFwRrDSQM,Rio de Janeiro (state),BRRJ,,BRA.19_1,1.0,1026.0,17365162.0,746.7142857142857
8afaf004,2020-04-04,1246,58,1.0,,,,,,,,3.0,2.0,2.0,4.0,2.0,1.0,2.0,4.0,2.0,1.0,0.0,1.0,0.0,0.0,61.46,88.89,61.31,62.5,2,Brazil,Rio de Janeiro,,-22.06694317,-42.0633655677008,17366189,BRA,BR,76,BRL,33,ChIJw4riypQYmAAR0IMFwRrDSQM,Rio de Janeiro (state),BRRJ,,BRA.19_1,1.0,1187.0,17365001.0,838.5714285714286
8afaf004,2020-04-05,1394,64,1.0,,,,,,,,3.0,2.0,2.0,4.0,2.0,1.0,2.0,4.0,2.0,1.0,0.0,1.0,0.0,0.0,61.46,88.89,61.31,62.5,2,Brazil,Rio de Janeiro,,-22.06694317,-42.0633655677008,17366189,BRA,BR,76,BRL,33,ChIJw4riypQYmAAR0IMFwRrDSQM,Rio de Janeiro (state),BRRJ,,BRA.19_1,1.0,1329.0,17364859.0,945.2857142857143
8afaf004,2020-04-06,1461,71,1.0,,,,,,,,3.0,2.0,2.0,4.0,2.0,1.0,2.0,4.0,2.0,1.0,0.0,1.0,0.0,0.0,61.46,88.89,61.31,62.5,2,Brazil,Rio de Janeiro,,-22.06694317,-42.0633655677008,17366189,BRA,BR,76,BRL,33,ChIJw4riypQYmAAR0IMFwRrDSQM,Rio de Janeiro (state),BRRJ,,BRA.19_1,1.0,1389.0,17364799.0,1052.5714285714287
8afaf004,2020-04-07,1688,89,1.0,,,,,,,,3.0,-2.0,2.0,4.0,2.0,1.0,2.0,4.0,2.0,1.0,0.0,1.0,0.0,0.0,60.42,87.04,60.12,62.5,2,Brazil,Rio de Janeiro,,-22.06694317,-42.0633655677008,17366189,BRA,BR,76,BRL,33,ChIJw4riypQYmAAR0IMFwRrDSQM,Rio de Janeiro (state),BRRJ,,BRA.19_1,1.0,1598.0,17364590.0,1183.142857142857
8afaf004,2020-04-08,1938,106,183.0,,,,,,,,3.0,-2.0,2.0,4.0,2.0,1.0,2.0,4.0,2.0,1.0,0.0,1.0,0.0,0.0,60.42,87.04,60.12,62.5,2,Brazil,Rio de Janeiro,,-22.06694317,-42.0633655677008,17366189,BRA,BR,76,BRL,33,ChIJw4riypQYmAAR0IMFwRrDSQM,Rio de Janeiro (state),BRRJ,,BRA.19_1,183.0,1649.0,17364357.0,1304.0
8afaf004,2020-04-09,2216,122,183.0,,,,,,,,3.0,-2.0,2.0,4.0,2.0,1.0,2.0,4.0,2.0,1.0,0.0,1.0,0.0,0.0,60.42,87.04,60.12,62.5,2,Brazil,Rio de Janeiro,,-22.06694317,-42.0633655677008,17366189,BRA,BR,76,BRL,33,ChIJw4riypQYmAAR0IMFwRrDSQM,Rio de Janeiro (state),BRRJ,,BRA.19_1,183.0,1911.0,17364095.0,1441.2857142857142
8afaf004,2020-04-10,2464,147,248.0,,,,,,,,3.0,-2.0,2.0,4.0,2.0,1.0,2.0,4.0,2.0,1.0,0.0,1.0,0.0,0.0,60.42,87.04,60.12,62.5,2,Brazil,Rio de Janeiro,,-22.06694317,-42.0633655677008,17366189,BRA,BR,76,BRL,33,ChIJw4riypQYmAAR0IMFwRrDSQM,Rio de Janeiro (state),BRRJ,,BRA.19_1,248.0,2069.0,17363872.0,1590.2857142857142
8afaf004,2020-04-11,2607,155,248.0,,,,,,,,3.0,-2.0,2.0,4.0,2.0,1.0,2.0,4.0,2.0,1.0,0.0,1.0,0.0,0.0,60.42,87.04,60.12,62.5,2,Brazil,Rio de Janeiro,,-22.06694317,-42.0633655677008,17366189,BRA,BR,76,BRL,33,ChIJw4riypQYmAAR0IMFwRrDSQM,Rio de Janeiro (state),BRRJ,,BRA.19_1,248.0,2204.0,17363737.0,1735.5714285714287
8afaf004,2020-04-12,2855,170,251.0,,,,,,,,3.0,-2.0,2.0,4.0,2.0,1.0,2.0,4.0,2.0,1.0,0.0,1.0,0.0,0.0,60.42,87.04,60.12,62.5,2,Brazil,Rio de Janeiro,,-22.06694317,-42.0633655677008,17366189,BRA,BR,76,BRL,33,ChIJw4riypQYmAAR0IMFwRrDSQM,Rio de Janeiro (state),BRRJ,,BRA.19_1,251.0,2434.0,17363504.0,1893.4285714285713
8afaf004,2020-04-13,3231,188,271.0,,,,,,,,3.0,-2.0,2.0,4.0,2.0,1.0,2.0,4.0,2.0,1.0,0.0,1.0,0.0,0.0,60.42,87.04,60.12,62.5,2,Brazil,Rio de Janeiro,,-22.06694317,-42.0633655677008,17366189,BRA,BR,76,BRL,33,ChIJw4riypQYmAAR0IMFwRrDSQM,Rio de Janeiro (state),BRRJ,,BRA.19_1,271.0,2772.0,17363146.0,2091.0
8afaf004,2020-04-14,3410,224,271.0,,,,,,,,3.0,-2.0,2.0,4.0,2.0,1.0,2.0,4.0,2.0,1.0,0.0,1.0,0.0,0.0,60.42,87.04,60.12,62.5,2,Brazil,Rio de Janeiro,,-22.06694317,-42.0633655677008,17366189,BRA,BR,76,BRL,33,ChIJw4riypQYmAAR0IMFwRrDSQM,Rio de Janeiro (state),BRRJ,,BRA.19_1,271.0,2915.0,17363003.0,2279.1428571428573
8afaf004,2020-04-15,3743,265,863.0,,,,,,,,3.0,-2.0,2.0,4.0,2.0,1.0,2.0,4.0,2.0,1.0,0.0,1.0,0.0,0.0,60.42,87.04,60.12,62.5,2,Brazil,Rio de Janeiro,,-22.06694317,-42.0633655677008,17366189,BRA,BR,76,BRL,33,ChIJw4riypQYmAAR0IMFwRrDSQM,Rio de Janeiro (state),BRRJ,,BRA.19_1,863.0,2615.0,17362711.0,2417.1428571428573
8afaf004,2020-04-16,3944,301,863.0,,,,,,,,3.0,-2.0,2.0,4.0,2.0,1.0,2.0,4.0,2.0,1.0,0.0,1.0,0.0,0.0,60.42,87.04,60.12,62.5,2,Brazil,Rio de Janeiro,,-22.06694317,-42.0633655677008,17366189,BRA,BR,76,BRL,33,ChIJw4riypQYmAAR0IMFwRrDSQM,Rio de Janeiro (state),BRRJ,,BRA.19_1,863.0,2780.0,17362546.0,2541.285714285714
8afaf004,2020-04-17,4349,341,870.0,,,,,,,,3.0,-2.0,2.0,4.0,2.0,1.0,2.0,4.0,2.0,1.0,0.0,1.0,0.0,0.0,60.42,87.04,60.12,62.5,2,Brazil,Rio de Janeiro,,-22.06694317,-42.0633655677008,17366189,BRA,BR,76,BRL,33,ChIJw4riypQYmAAR0IMFwRrDSQM,Rio de Janeiro (state),BRRJ,,BRA.19_1,870.0,3138.0,17362181.0,2694.0
8afaf004,2020-04-18,4543,387,870.0,,,,,,,,3.0,-2.0,2.0,4.0,2.0,1.0,2.0,4.0,2.0,1.0,0.0,1.0,0.0,0.0,60.42,87.04,60.12,62.5,2,Brazil,Rio de Janeiro,,-22.06694317,-42.0633655677008,17366189,BRA,BR,76,BRL,33,ChIJw4riypQYmAAR0IMFwRrDSQM,Rio de Janeiro (state),BRRJ,,BRA.19_1,870.0,3286.0,17362033.0,2848.5714285714284
8afaf004,2020-04-19,4765,402,1119.0,,,,,,,,3.0,-2.0,2.0,4.0,2.0,1.0,2.0,4.0,2.0,1.0,0.0,1.0,0.0,0.0,60.42,87.04,60.12,62.5,2,Brazil,Rio de Janeiro,,-22.06694317,-42.0633655677008,17366189,BRA,BR,76,BRL,33,ChIJw4riypQYmAAR0IMFwRrDSQM,Rio de Janeiro (state),BRRJ,,BRA.19_1,1119.0,3244.0,17361826.0,2964.285714285714
8afaf004,2020-04-20,4899,422,1369.0,,,,,,,,3.0,-2.0,2.0,4.0,2.0,1.0,2.0,4.0,2.0,1.0,0.0,1.0,0.0,0.0,60.42,87.04,60.12,62.5,2,Brazil,Rio de Janeiro,,-22.06694317,-42.0633655677008,17366189,BRA,BR,76,BRL,33,ChIJw4riypQYmAAR0IMFwRrDSQM,Rio de Janeiro (state),BRRJ,,BRA.19_1,1369.0,3108.0,17361712.0,3012.285714285714
8afaf004,2020-04-21,5306,461,1580.0,,,,,,,,3.0,-2.0,2.0,4.0,2.0,1.0,2.0,4.0,2.0,1.0,0.0,1.0,0.0,0.0,60.42,87.04,60.12,62.5,2,Brazil,Rio de Janeiro,,-22.06694317,-42.0633655677008,17366189,BRA,BR,76,BRL,33,ChIJw4riypQYmAAR0IMFwRrDSQM,Rio de Janeiro (state),BRRJ,,BRA.19_1,1580.0,3265.0,17361344.0,3062.285714285714
8afaf004,2020-04-22,5552,490,1775.0,,,,,,,,3.0,-2.0,2.0,4.0,2.0,1.0,2.0,4.0,2.0,1.0,0.0,1.0,0.0,0.0,60.42,87.04,60.12,62.5,2,Brazil,Rio de Janeiro,,-22.06694317,-42.0633655677008,17366189,BRA,BR,76,BRL,33,ChIJw4riypQYmAAR0IMFwRrDSQM,Rio de Janeiro (state),BRRJ,,BRA.19_1,1775.0,3287.0,17361127.0,3158.285714285714
8afaf004,2020-04-23,6172,530,1888.0,,,,,,,,3.0,-2.0,2.0,4.0,2.0,1.0,2.0,4.0,2.0,1.0,0.0,1.0,0.0,0.0,60.42,87.04,60.12,62.5,2,Brazil,Rio de Janeiro,,-22.06694317,-42.0633655677008,17366189,BRA,BR,76,BRL,33,ChIJw4riypQYmAAR0IMFwRrDSQM,Rio de Janeiro (state),BRRJ,,BRA.19_1,1888.0,3754.0,17360547.0,3297.4285714285716
8afaf004,2020-04-24,6282,570,2518.0,,,,,,,,3.0,-2.0,2.0,4.0,2.0,1.0,2.0,4.0,2.0,1.0,0.0,-4.0,0.0,0.0,64.32,87.04,64.58,62.5,2,Brazil,Rio de Janeiro,,-22.06694317,-42.0633655677008,17366189,BRA,BR,76,BRL,33,ChIJw4riypQYmAAR0IMFwRrDSQM,Rio de Janeiro (state),BRRJ,,BRA.19_1,2518.0,3194.0,17360477.0,3305.4285714285716
8afaf004,2020-04-25,6828,615,3144.0,,,,,,,,3.0,-2.0,2.0,4.0,2.0,1.0,2.0,4.0,2.0,1.0,0.0,-4.0,0.0,0.0,64.32,87.04,64.58,62.5,2,Brazil,Rio de Janeiro,,-22.06694317,-42.0633655677008,17366189,BRA,BR,76,BRL,33,ChIJw4riypQYmAAR0IMFwRrDSQM,Rio de Janeiro (state),BRRJ,,BRA.19_1,3144.0,3069.0,17359976.0,3274.4285714285716
8afaf004,2020-04-26,7111,645,3144.0,,,,,,,,3.0,-2.0,2.0,4.0,2.0,1.0,2.0,4.0,2.0,1.0,0.0,-4.0,0.0,0.0,64.32,87.04,64.58,62.5,2,Brazil,Rio de Janeiro,,-22.06694317,-42.0633655677008,17366189,BRA,BR,76,BRL,33,ChIJw4riypQYmAAR0IMFwRrDSQM,Rio de Janeiro (state),BRRJ,,BRA.19_1,3144.0,3322.0,17359723.0,3285.5714285714284
8afaf004,2020-04-27,7944,677,3650.0,,,,,,,,3.0,-2.0,2.0,4.0,2.0,1.0,2.0,4.0,2.0,1.0,0.0,-4.0,0.0,0.0,64.32,87.04,64.58,62.5,2,Brazil,Rio de Janeiro,,-22.06694317,-42.0633655677008,17366189,BRA,BR,76,BRL,33,ChIJw4riypQYmAAR0IMFwRrDSQM,Rio de Janeiro (state),BRRJ,,BRA.19_1,3650.0,3617.0,17358922.0,3358.285714285714
8afaf004,2020-04-28,8504,738,4002.0,,,,,,,,3.0,-2.0,2.0,4.0,2.0,1.0,2.0,4.0,2.0,1.0,0.0,-4.0,0.0,0.0,64.32,87.04,64.58,62.5,2,Brazil,Rio de Janeiro,,-22.06694317,-42.0633655677008,17366189,BRA,BR,76,BRL,33,ChIJw4riypQYmAAR0IMFwRrDSQM,Rio de Janeiro (state),BRRJ,,BRA.19_1,4002.0,3764.0,17358423.0,3429.5714285714284
8afaf004,2020-04-29,8869,794,4002.0,,,,,,,,3.0,-2.0,2.0,4.0,2.0,1.0,2.0,4.0,2.0,1.0,0.0,-4.0,0.0,0.0,64.32,87.04,64.58,62.5,2,Brazil,Rio de Janeiro,,-22.06694317,-42.0633655677008,17366189,BRA,BR,76,BRL,33,ChIJw4riypQYmAAR0IMFwRrDSQM,Rio de Janeiro (state),BRRJ,,BRA.19_1,4002.0,4073.0,17358114.0,3541.8571428571427
8afaf004,2020-04-30,9453,854,5032.0,,,,,,,,3.0,-2.0,2.0,4.0,2.0,1.0,2.0,4.0,2.0,1.0,0.0,-4.0,0.0,0.0,64.32,87.04,64.58,62.5,2,Brazil,Rio de Janeiro,,-22.06694317,-42.0633655677008,17366189,BRA,BR,76,BRL,33,ChIJw4riypQYmAAR0IMFwRrDSQM,Rio de Janeiro (state),BRRJ,,BRA.19_1,5032.0,3567.0,17357590.0,3515.1428571428573
8afaf004,2020-05-01,10166,921,5711.0,,,,,,,,3.0,-2.0,2.0,4.0,2.0,1.0,2.0,4.0,2.0,1.0,0.0,-4.0,0.0,0.0,64.32,87.04,64.58,62.5,2,Brazil,Rio de Janeiro,,-22.06694317,-42.0633655677008,17366189,BRA,BR,76,BRL,33,ChIJw4riypQYmAAR0IMFwRrDSQM,Rio de Janeiro (state),BRRJ,,BRA.19_1,5711.0,3534.0,17356944.0,3563.714285714286
8afaf004,2020-05-02,10546,971,6115.0,,,,,,,,3.0,-2.0,2.0,4.0,2.0,1.0,2.0,4.0,2.0,1.0,0.0,-4.0,0.0,0.0,64.32,87.04,64.58,62.5,2,Brazil,Rio de Janeiro,,-22.06694317,-42.0633655677008,17366189,BRA,BR,76,BRL,33,ChIJw4riypQYmAAR0IMFwRrDSQM,Rio de Janeiro (state),BRRJ,,BRA.19_1,6115.0,3460.0,17356614.0,3619.5714285714284
8afaf004,2020-05-03,11139,1019,6284.0,,,,,,,,3.0,-2.0,2.0,4.0,2.0,1.0,2.0,4.0,2.0,1.0,0.0,-4.0,0.0,0.0,64.32,87.04,64.58,62.5,2,Brazil,Rio de Janeiro,,-22.06694317,-42.0633655677008,17366189,BRA,BR,76,BRL,33,ChIJw4riypQYmAAR0IMFwRrDSQM,Rio de Janeiro (state),BRRJ,,BRA.19_1,6284.0,3836.0,17356069.0,3693.0
8afaf004,2020-05-04,11721,1065,6284.0,,,,,,,,3.0,-2.0,2.0,4.0,2.0,1.0,2.0,4.0,2.0,1.0,0.0,-4.0,0.0,0.0,64.32,87.04,64.58,62.5,2,Brazil,Rio de Janeiro,,-22.06694317,-42.0633655677008,17366189,BRA,BR,76,BRL,33,ChIJw4riypQYmAAR0IMFwRrDSQM,Rio de Janeiro (state),BRRJ,,BRA.19_1,6284.0,4372.0,17355533.0,3800.8571428571427
8afaf004,2020-05-05,12391,1123,7260.0,,,,,,,,3.0,-2.0,2.0,4.0,2.0,1.0,2.0,4.0,2.0,1.0,0.0,-4.0,0.0,0.0,64.32,87.04,64.58,62.5,2,Brazil,Rio de Janeiro,,-22.06694317,-42.0633655677008,17366189,BRA,BR,76,BRL,33,ChIJw4riypQYmAAR0IMFwRrDSQM,Rio de Janeiro (state),BRRJ,,BRA.19_1,7260.0,4008.0,17354921.0,3835.714285714286
8afaf004,2020-05-06,13295,1205,8300.0,,,,,,,,3.0,-2.0,2.0,4.0,2.0,1.0,2.0,4.0,2.0,2.0,0.0,-4.0,0.0,0.0,66.41,87.04,66.96,62.5,2,Brazil,Rio de Janeiro,,-22.06694317,-42.0633655677008,17366189,BRA,BR,76,BRL,33,ChIJw4riypQYmAAR0IMFwRrDSQM,Rio de Janeiro (state),BRRJ,,BRA.19_1,8300.0,3790.0,17354099.0,3795.285714285714
8afaf004,2020-05-07,14156,1394,8968.0,,,,,,,,3.0,-2.0,2.0,4.0,2.0,1.0,2.0,4.0,2.0,2.0,0.0,-4.0,0.0,1.0,68.49,87.04,69.35,62.5,2,Brazil,Rio de Janeiro,,-22.06694317,-42.0633655677008,17366189,BRA,BR,76,BRL,33,ChIJw4riypQYmAAR0IMFwRrDSQM,Rio de Janeiro (state),BRRJ,,BRA.19_1,8968.0,3794.0,17353427.0,3827.714285714286
8afaf004,2020-05-08,15741,1503,8968.0,,,,,,,,3.0,-2.0,2.0,4.0,2.0,1.0,2.0,4.0,2.0,2.0,0.0,-4.0,0.0,1.0,68.49,87.04,69.35,62.5,2,Brazil,Rio de Janeiro,,-22.06694317,-42.0633655677008,17366189,BRA,BR,76,BRL,33,ChIJw4riypQYmAAR0IMFwRrDSQM,Rio de Janeiro (state),BRRJ,,BRA.19_1,8968.0,5270.0,17351951.0,4075.714285714286
8afaf004,2020-05-09,16929,1653,10732.0,,,,,,,,3.0,-2.0,2.0,4.0,2.0,1.0,2.0,4.0,2.0,2.0,0.0,-4.0,0.0,1.0,68.49,87.04,69.35,62.5,2,Brazil,Rio de Janeiro,,-22.06694317,-42.0633655677008,17366189,BRA,BR,76,BRL,33,ChIJw4riypQYmAAR0IMFwRrDSQM,Rio de Janeiro (state),BRRJ,,BRA.19_1,10732.0,4544.0,17350913.0,4230.571428571428
8afaf004,2020-05-10,17062,1714,10732.0,,,,,,,,3.0,-2.0,2.0,4.0,2.0,1.0,2.0,4.0,2.0,2.0,0.0,-4.0,0.0,1.0,68.49,87.04,69.35,62.5,2,Brazil,Rio de Janeiro,,-22.06694317,-42.0633655677008,17366189,BRA,BR,76,BRL,33,ChIJw4riypQYmAAR0IMFwRrDSQM,Rio de Janeiro (state),BRRJ,,BRA.19_1,10732.0,4616.0,17350841.0,4342.0
8afaf004,2020-05-11,17939,1770,11654.0,,,,,,,,3.0,-2.0,2.0,4.0,2.0,-2.0,2.0,4.0,2.0,2.0,0.0,-4.0,0.0,1.0,69.53,88.89,70.54,62.5,2,Brazil,Rio de Janeiro,,-22.06694317,-42.0633655677008,17366189,BRA,BR,76,BRL,33,ChIJw4riypQYmAAR0IMFwRrDSQM,Rio de Janeiro (state),BRRJ,,BRA.19_1,11654.0,4515.0,17350020.0,4362.428571428572
8afaf004,2020-05-12,18486,1928,13124.0,,,,,,,,3.0,-2.0,2.0,4.0,2.0,-2.0,2.0,4.0,2.0,2.0,0.0,-4.0,0.0,1.0,69.53,88.89,70.54,62.5,2,Brazil,Rio de Janeiro,,-22.06694317,-42.0633655677008,17366189,BRA,BR,76,BRL,33,ChIJw4riypQYmAAR0IMFwRrDSQM,Rio de Janeiro (state),BRRJ,,BRA.19_1,13124.0,3434.0,17349631.0,4280.428571428572
8afaf004,2020-05-13,18728,2050,13917.0,,,,,,,,3.0,-2.0,2.0,4.0,2.0,-2.0,2.0,4.0,2.0,2.0,0.0,-4.0,0.0,1.0,69.53,88.89,70.54,62.5,2,Brazil,Rio de Janeiro,,-22.06694317,-42.0633655677008,17366189,BRA,BR,76,BRL,33,ChIJw4riypQYmAAR0IMFwRrDSQM,Rio de Janeiro (state),BRRJ,,BRA.19_1,13917.0,2761.0,17349511.0,4133.428571428572
8afaf004,2020-05-14,19467,2247,14818.0,,,,,,,,3.0,-2.0,2.0,4.0,2.0,-2.0,2.0,4.0,2.0,2.0,0.0,-4.0,0.0,1.0,69.53,88.89,70.54,62.5,2,Brazil,Rio de Janeiro,,-22.06694317,-42.0633655677008,17366189,BRA,BR,76,BRL,33,ChIJw4riypQYmAAR0IMFwRrDSQM,Rio de Janeiro (state),BRRJ,,BRA.19_1,14818.0,2402.0,17348969.0,3934.5714285714284
8afaf004,2020-05-15,19987,2438,14818.0,,,,,,,,3.0,-2.0,2.0,4.0,2.0,-2.0,2.0,4.0,2.0,2.0,0.0,-4.0,0.0,1.0,69.53,88.89,70.54,62.5,2,Brazil,Rio de Janeiro,,-22.06694317,-42.0633655677008,17366189,BRA,BR,76,BRL,33,ChIJw4riypQYmAAR0IMFwRrDSQM,Rio de Janeiro (state),BRRJ,,BRA.19_1,14818.0,2731.0,17348640.0,3571.8571428571427
8afaf004,2020-05-16,21601,2614,17557.0,,,,,,,,3.0,-2.0,2.0,4.0,2.0,-2.0,2.0,4.0,2.0,2.0,0.0,-4.0,0.0,1.0,69.53,88.89,70.54,62.5,2,Brazil,Rio de Janeiro,,-22.06694317,-42.0633655677008,17366189,BRA,BR,76,BRL,33,ChIJw4riypQYmAAR0IMFwRrDSQM,Rio de Janeiro (state),BRRJ,,BRA.19_1,17557.0,1430.0,17347202.0,3127.0
8afaf004,2020-05-17,22238,2715,17557.0,,,,,,,,3.0,-2.0,2.0,4.0,2.0,-2.0,2.0,4.0,2.0,2.0,0.0,-4.0,0.0,1.0,69.53,88.89,70.54,62.5,2,Brazil,Rio de Janeiro,,-22.06694317,-42.0633655677008,17366189,BRA,BR,76,BRL,33,ChIJw4riypQYmAAR0IMFwRrDSQM,Rio de Janeiro (state),BRRJ,,BRA.19_1,17557.0,1966.0,17346666.0,2748.4285714285716
8afaf004,2020-05-18,26665,2852,21961.0,,,,,,,,3.0,-2.0,2.0,4.0,2.0,-2.0,2.0,4.0,2.0,2.0,0.0,-4.0,0.0,1.0,69.53,88.89,70.54,62.5,2,Brazil,Rio de Janeiro,,-22.06694317,-42.0633655677008,17366189,BRA,BR,76,BRL,33,ChIJw4riypQYmAAR0IMFwRrDSQM,Rio de Janeiro (state),BRRJ,,BRA.19_1,21961.0,1852.0,17342376.0,2368.0
8afaf004,2020-05-19,27805,3079,22953.0,,,,,,,,3.0,-2.0,2.0,4.0,2.0,-2.0,2.0,4.0,2.0,2.0,0.0,-4.0,0.0,1.0,69.53,88.89,70.54,62.5,2,Brazil,Rio de Janeiro,,-22.06694317,-42.0633655677008,17366189,BRA,BR,76,BRL,33,ChIJw4riypQYmAAR0IMFwRrDSQM,Rio de Janeiro (state),BRRJ,,BRA.19_1,22953.0,1773.0,17341463.0,2130.714285714286
8afaf004,2020-05-20,30372,3237,25397.0,,,,,,,,3.0,-2.0,2.0,4.0,2.0,-2.0,2.0,4.0,2.0,2.0,0.0,-4.0,0.0,1.0,69.53,88.89,70.54,62.5,2,Brazil,Rio de Janeiro,,-22.06694317,-42.0633655677008,17366189,BRA,BR,76,BRL,33,ChIJw4riypQYmAAR0IMFwRrDSQM,Rio de Janeiro (state),BRRJ,,BRA.19_1,25397.0,1738.0,17339054.0,1984.5714285714287
8afaf004,2020-05-21,32089,3412,26843.0,,,,,,,,3.0,-2.0,2.0,4.0,2.0,-2.0,2.0,4.0,2.0,2.0,0.0,4.0,0.0,1.0,70.31,88.89,71.43,62.5,2,Brazil,Rio de Janeiro,,-22.06694317,-42.0633655677008,17366189,BRA,BR,76,BRL,33,ChIJw4riypQYmAAR0IMFwRrDSQM,Rio de Janeiro (state),BRRJ,,BRA.19_1,26843.0,1834.0,17337512.0,1903.4285714285713
8afaf004,2020-05-22,33589,3657,28120.0,,,,,,,,3.0,-2.0,2.0,4.0,2.0,-2.0,2.0,4.0,2.0,2.0,0.0,4.0,0.0,1.0,70.31,88.89,71.43,62.5,2,Brazil,Rio de Janeiro,,-22.06694317,-42.0633655677008,17366189,BRA,BR,76,BRL,33,ChIJw4riypQYmAAR0IMFwRrDSQM,Rio de Janeiro (state),BRRJ,,BRA.19_1,28120.0,1812.0,17336257.0,1772.142857142857
8afaf004,2020-05-23,34533,3905,28120.0,,,,,,,,3.0,-2.0,2.0,4.0,2.0,-2.0,2.0,4.0,2.0,2.0,0.0,4.0,0.0,1.0,70.31,88.89,71.43,62.5,2,Brazil,Rio de Janeiro,,-22.06694317,-42.0633655677008,17366189,BRA,BR,76,BRL,33,ChIJw4riypQYmAAR0IMFwRrDSQM,Rio de Janeiro (state),BRRJ,,BRA.19_1,28120.0,2508.0,17335561.0,1926.142857142857
8afaf004,2020-05-24,37912,3993,31687.0,,,,,,,,3.0,-2.0,2.0,4.0,2.0,-2.0,2.0,4.0,2.0,2.0,0.0,4.0,0.0,1.0,70.31,88.89,71.43,62.5,2,Brazil,Rio de Janeiro,,-22.06694317,-42.0633655677008,17366189,BRA,BR,76,BRL,33,ChIJw4riypQYmAAR0IMFwRrDSQM,Rio de Janeiro (state),BRRJ,,BRA.19_1,31687.0,2232.0,17332270.0,1964.142857142857
8afaf004,2020-05-25,39298,4105,31778.0,,,,,,,,3.0,-2.0,2.0,4.0,2.0,-2.0,2.0,4.0,2.0,2.0,0.0,4.0,0.0,1.0,70.31,88.89,71.43,62.5,2,Brazil,Rio de Janeiro,,-22.06694317,-42.0633655677008,17366189,BRA,BR,76,BRL,33,ChIJw4riypQYmAAR0IMFwRrDSQM,Rio de Janeiro (state),BRRJ,,BRA.19_1,31778.0,3415.0,17330996.0,2187.4285714285716
8afaf004,2020-05-26,40024,4361,31934.0,,,,,,,,3.0,-2.0,2.0,4.0,2.0,-2.0,2.0,4.0,2.0,2.0,0.0,4.0,0.0,1.0,70.31,88.89,71.43,62.5,2,Brazil,Rio de Janeiro,,-22.06694317,-42.0633655677008,17366189,BRA,BR,76,BRL,33,ChIJw4riypQYmAAR0IMFwRrDSQM,Rio de Janeiro (state),BRRJ,,BRA.19_1,31934.0,3729.0,17330526.0,2466.8571428571427
8afaf004,2020-05-27,42398,4605,31934.0,,,,,,,,3.0,-2.0,2.0,4.0,2.0,-2.0,2.0,4.0,2.0,2.0,0.0,4.0,0.0,1.0,70.31,88.89,71.43,62.5,2,Brazil,Rio de Janeiro,,-22.06694317,-42.0633655677008,17366189,BRA,BR,76,BRL,33,ChIJw4riypQYmAAR0IMFwRrDSQM,Rio de Janeiro (state),BRRJ,,BRA.19_1,31934.0,5859.0,17328396.0,3055.5714285714284
8afaf004,2020-05-28,44886,4856,31934.0,,,,,,,,3.0,-2.0,2.0,4.0,2.0,-2.0,2.0,4.0,2.0,2.0,0.0,4.0,0.0,1.0,70.31,88.89,71.43,62.5,2,Brazil,Rio de Janeiro,,-22.06694317,-42.0633655677008,17366189,BRA,BR,76,BRL,33,ChIJw4riypQYmAAR0IMFwRrDSQM,Rio de Janeiro (state),BRRJ,,BRA.19_1,31934.0,8096.0,17326159.0,3950.1428571428573
8afaf004,2020-05-29,47953,5079,34136.0,,,,,,,,3.0,-2.0,2.0,4.0,2.0,-2.0,2.0,4.0,2.0,2.0,0.0,4.0,0.0,1.0,70.31,88.89,71.43,62.5,2,Brazil,Rio de Janeiro,,-22.06694317,-42.0633655677008,17366189,BRA,BR,76,BRL,33,ChIJw4riypQYmAAR0IMFwRrDSQM,Rio de Janeiro (state),BRRJ,,BRA.19_1,34136.0,8738.0,17323315.0,4939.571428571428
8afaf004,2020-05-30,52420,5277,37470.0,,,,,,,,3.0,-2.0,2.0,4.0,2.0,-2.0,2.0,4.0,2.0,2.0,0.0,4.0,0.0,1.0,70.31,88.89,71.43,62.5,2,Brazil,Rio de Janeiro,,-22.06694317,-42.0633655677008,17366189,BRA,BR,76,BRL,33,ChIJw4riypQYmAAR0IMFwRrDSQM,Rio de Janeiro (state),BRRJ,,BRA.19_1,37470.0,9673.0,17319046.0,5963.142857142857
8afaf004,2020-05-31,53388,5344,38735.0,,,,,,,,3.0,-2.0,2.0,4.0,2.0,-2.0,2.0,4.0,2.0,2.0,0.0,4.0,0.0,1.0,70.31,88.89,71.43,62.5,2,Brazil,Rio de Janeiro,,-22.06694317,-42.0633655677008,17366189,BRA,BR,76,BRL,33,ChIJw4riypQYmAAR0IMFwRrDSQM,Rio de Janeiro (state),BRRJ,,BRA.19_1,38735.0,9309.0,17318145.0,6974.142857142857
8afaf004,2020-06-01,54530,5462,40355.0,,,,,,,,3.0,-2.0,2.0,4.0,2.0,1.0,2.0,4.0,2.0,2.0,0.0,4.0,0.0,1.0,69.27,87.04,70.24,62.5,2,Brazil,Rio de Janeiro,,-22.06694317,-42.0633655677008,17366189,BRA,BR,76,BRL,33,ChIJw4riypQYmAAR0IMFwRrDSQM,Rio de Janeiro (state),BRRJ,,BRA.19_1,40355.0,8713.0,17317121.0,7731.0
8afaf004,2020-06-02,56732,5686,41838.0,,,,,,,,3.0,-2.0,2.0,4.0,2.0,1.0,2.0,4.0,2.0,2.0,0.0,4.0,0.0,1.0,69.27,87.04,70.24,62.5,2,Brazil,Rio de Janeiro,,-22.06694317,-42.0633655677008,17366189,BRA,BR,76,BRL,33,ChIJw4riypQYmAAR0IMFwRrDSQM,Rio de Janeiro (state),BRRJ,,BRA.19_1,41838.0,9208.0,17315143.0,8513.714285714286
8afaf004,2020-06-03,59240,6010,41838.0,,,,,,,,3.0,-2.0,2.0,4.0,2.0,1.0,2.0,4.0,2.0,2.0,0.0,4.0,0.0,1.0,69.27,87.04,70.24,62.5,2,Brazil,Rio de Janeiro,,-22.06694317,-42.0633655677008,17366189,BRA,BR,76,BRL,33,ChIJw4riypQYmAAR0IMFwRrDSQM,Rio de Janeiro (state),BRRJ,,BRA.19_1,41838.0,11392.0,17312959.0,9304.142857142857
8afaf004,2020-06-04,60932,6327,45319.0,,,,,,,,3.0,-2.0,2.0,4.0,2.0,1.0,2.0,4.0,2.0,2.0,0.0,4.0,0.0,1.0,69.27,87.04,70.24,62.5,2,Brazil,Rio de Janeiro,,-22.06694317,-42.0633655677008,17366189,BRA,BR,76,BRL,33,ChIJw4riypQYmAAR0IMFwRrDSQM,Rio de Janeiro (state),BRRJ,,BRA.19_1,45319.0,9286.0,17311584.0,9474.142857142857
8afaf004,2020-06-05,63066,6473,47091.0,69498.0,,,,,,,3.0,2.0,2.0,4.0,2.0,1.0,2.0,4.0,2.0,2.0,0.0,4.0,0.0,1.0,73.44,88.89,71.43,87.5,2,Brazil,Rio de Janeiro,,-22.06694317,-42.0633655677008,17366189,BRA,BR,76,BRL,33,ChIJw4riypQYmAAR0IMFwRrDSQM,Rio de Janeiro (state),BRRJ,,BRA.19_1,47091.0,9502.0,17309596.0,9583.285714285714
8afaf004,2020-06-06,64533,6639,48783.0,69498.0,,,,,,,3.0,2.0,2.0,4.0,2.0,1.0,2.0,4.0,2.0,2.0,0.0,4.0,0.0,1.0,73.44,88.89,71.43,87.5,2,Brazil,Rio de Janeiro,,-22.06694317,-42.0633655677008,17366189,BRA,BR,76,BRL,33,ChIJw4riypQYmAAR0IMFwRrDSQM,Rio de Janeiro (state),BRRJ,,BRA.19_1,48783.0,9111.0,17308295.0,9503.0
8afaf004,2020-06-07,67756,6707,51546.0,69498.0,,,,,,,3.0,2.0,2.0,4.0,2.0,1.0,2.0,4.0,2.0,2.0,0.0,4.0,0.0,1.0,73.44,88.89,71.43,87.5,2,Brazil,Rio de Janeiro,,-22.06694317,-42.0633655677008,17366189,BRA,BR,76,BRL,33,ChIJw4riypQYmAAR0IMFwRrDSQM,Rio de Janeiro (state),BRRJ,,BRA.19_1,51546.0,9503.0,17305140.0,9530.714285714286
8afaf004,2020-06-08,69499,6781,53445.0,69498.0,,,,,,,3.0,2.0,2.0,4.0,2.0,1.0,2.0,4.0,2.0,2.0,0.0,4.0,0.0,1.0,73.44,88.89,71.43,87.5,2,Brazil,Rio de Janeiro,,-22.06694317,-42.0633655677008,17366189,BRA,BR,76,BRL,33,ChIJw4riypQYmAAR0IMFwRrDSQM,Rio de Janeiro (state),BRRJ,,BRA.19_1,53445.0,9273.0,17303471.0,9610.714285714286
8afaf004,2020-06-09,72979,6928,56552.0,94048.0,,,,,,,3.0,2.0,2.0,4.0,2.0,1.0,2.0,4.0,2.0,2.0,0.0,4.0,0.0,1.0,73.44,88.89,71.43,87.5,2,Brazil,Rio de Janeiro,,-22.06694317,-42.0633655677008,17366189,BRA,BR,76,BRL,33,ChIJw4riypQYmAAR0IMFwRrDSQM,Rio de Janeiro (state),BRRJ,,BRA.19_1,56552.0,9499.0,17300138.0,9652.285714285714
8afaf004,2020-06-10,74373,7138,57933.0,94048.0,,,,,,,3.0,2.0,2.0,4.0,2.0,1.0,2.0,4.0,2.0,2.0,0.0,4.0,0.0,1.0,73.44,88.89,71.43,87.5,2,Brazil,Rio de Janeiro,,-22.06694317,-42.0633655677008,17366189,BRA,BR,76,BRL,33,ChIJw4riypQYmAAR0IMFwRrDSQM,Rio de Janeiro (state),BRRJ,,BRA.19_1,57933.0,9302.0,17298954.0,9353.714285714286
8afaf004,2020-06-11,75775,7363,60005.0,94048.0,,,,,,,3.0,2.0,2.0,4.0,2.0,1.0,2.0,4.0,2.0,2.0,0.0,4.0,0.0,1.0,73.44,88.89,71.43,87.5,2,Brazil,Rio de Janeiro,,-22.06694317,-42.0633655677008,17366189,BRA,BR,76,BRL,33,ChIJw4riypQYmAAR0IMFwRrDSQM,Rio de Janeiro (state),BRRJ,,BRA.19_1,60005.0,8407.0,17297777.0,9228.142857142857
8afaf004,2020-06-12,77784,7417,61690.0,94048.0,,,,,,,3.0,2.0,2.0,4.0,2.0,1.0,2.0,4.0,2.0,2.0,0.0,4.0,0.0,1.0,73.44,88.89,71.43,87.5,2,Brazil,Rio de Janeiro,,-22.06694317,-42.0633655677008,17366189,BRA,BR,76,BRL,33,ChIJw4riypQYmAAR0IMFwRrDSQM,Rio de Janeiro (state),BRRJ,,BRA.19_1,61690.0,8677.0,17295822.0,9110.285714285714
8afaf004,2020-06-13,78836,7592,62375.0,94181.0,,,,,,,3.0,2.0,2.0,4.0,2.0,1.0,2.0,4.0,2.0,2.0,0.0,4.0,0.0,1.0,73.44,88.89,71.43,87.5,2,Brazil,Rio de Janeiro,,-22.06694317,-42.0633655677008,17366189,BRA,BR,76,BRL,33,ChIJw4riypQYmAAR0IMFwRrDSQM,Rio de Janeiro (state),BRRJ,,BRA.19_1,62375.0,8869.0,17294945.0,9075.714285714286
8afaf004,2020-06-14,79572,7672,63817.0,94181.0,,,,,,,3.0,2.0,2.0,4.0,2.0,1.0,2.0,4.0,2.0,2.0,0.0,4.0,0.0,1.0,73.44,88.89,71.43,87.5,2,Brazil,Rio de Janeiro,,-22.06694317,-42.0633655677008,17366189,BRA,BR,76,BRL,33,ChIJw4riypQYmAAR0IMFwRrDSQM,Rio de Janeiro (state),BRRJ,,BRA.19_1,63817.0,8083.0,17294289.0,8872.857142857143
8afaf004,2020-06-15,80946,7728,65063.0,94181.0,,,,,,,3.0,2.0,2.0,4.0,2.0,1.0,2.0,4.0,2.0,2.0,0.0,4.0,0.0,1.0,73.44,88.89,71.43,87.5,2,Brazil,Rio de Janeiro,,-22.06694317,-42.0633655677008,17366189,BRA,BR,76,BRL,33,ChIJw4riypQYmAAR0IMFwRrDSQM,Rio de Janeiro (state),BRRJ,,BRA.19_1,65063.0,8155.0,17292971.0,8713.142857142857
8afaf004,2020-06-16,83343,7967,65063.0,94181.0,,,,,,,3.0,2.0,2.0,4.0,2.0,1.0,2.0,4.0,2.0,2.0,0.0,4.0,0.0,1.0,73.44,88.89,71.43,87.5,2,Brazil,Rio de Janeiro,,-22.06694317,-42.0633655677008,17366189,BRA,BR,76,BRL,33,ChIJw4riypQYmAAR0IMFwRrDSQM,Rio de Janeiro (state),BRRJ,,BRA.19_1,65063.0,10313.0,17290813.0,8829.42857142857
8afaf004,2020-06-17,86963,8138,69559.0,103790.0,,,,,,,3.0,2.0,2.0,4.0,2.0,1.0,2.0,4.0,2.0,2.0,0.0,4.0,0.0,1.0,73.44,88.89,71.43,87.5,2,Brazil,Rio de Janeiro,,-22.06694317,-42.0633655677008,17366189,BRA,BR,76,BRL,33,ChIJw4riypQYmAAR0IMFwRrDSQM,Rio de Janeiro (state),BRRJ,,BRA.19_1,69559.0,9266.0,17287364.0,8824.285714285714
8afaf004,2020-06-18,87317,8412,70407.0,103790.0,,,,,,,3.0,2.0,2.0,4.0,2.0,1.0,2.0,4.0,2.0,2.0,0.0,4.0,0.0,1.0,73.44,88.89,71.43,87.5,2,Brazil,Rio de Janeiro,,-22.06694317,-42.0633655677008,17366189,BRA,BR,76,BRL,33,ChIJw4riypQYmAAR0IMFwRrDSQM,Rio de Janeiro (state),BRRJ,,BRA.19_1,70407.0,8498.0,17287284.0,8837.285714285714
8afaf004,2020-06-19,93378,8595,70407.0,103790.0,,,,,,,3.0,2.0,2.0,4.0,-1.0,1.0,-2.0,4.0,2.0,2.0,0.0,4.0,0.0,1.0,67.19,77.78,64.29,87.5,2,Brazil,Rio de Janeiro,,-22.06694317,-42.0633655677008,17366189,BRA,BR,76,BRL,33,ChIJw4riypQYmAAR0IMFwRrDSQM,Rio de Janeiro (state),BRRJ,,BRA.19_1,70407.0,14376.0,17281406.0,9651.42857142857
8afaf004,2020-06-20,95537,8824,75899.0,103790.0,,,,,,,3.0,2.0,2.0,4.0,-1.0,1.0,-2.0,4.0,2.0,2.0,0.0,4.0,0.0,1.0,67.19,77.78,64.29,87.5,2,Brazil,Rio de Janeiro,,-22.06694317,-42.0633655677008,17366189,BRA,BR,76,BRL,33,ChIJw4riypQYmAAR0IMFwRrDSQM,Rio de Janeiro (state),BRRJ,,BRA.19_1,75899.0,10814.0,17279476.0,9929.285714285714
8afaf004,2020-06-21,96133,8875,76821.0,103790.0,,,,,,,3.0,2.0,2.0,4.0,-1.0,1.0,-2.0,4.0,2.0,2.0,0.0,4.0,0.0,1.0,67.19,77.78,64.29,87.5,2,Brazil,Rio de Janeiro,,-22.06694317,-42.0633655677008,17366189,BRA,BR,76,BRL,33,ChIJw4riypQYmAAR0IMFwRrDSQM,Rio de Janeiro (state),BRRJ,,BRA.19_1,76821.0,10437.0,17278931.0,10265.57142857143
8afaf004,2020-06-22,97572,8933,78316.0,103790.0,,,,,,,3.0,2.0,2.0,4.0,-1.0,1.0,-2.0,4.0,2.0,2.0,0.0,4.0,0.0,1.0,67.19,77.78,64.29,87.5,2,Brazil,Rio de Janeiro,,-22.06694317,-42.0633655677008,17366189,BRA,BR,76,BRL,33,ChIJw4riypQYmAAR0IMFwRrDSQM,Rio de Janeiro (state),BRRJ,,BRA.19_1,78316.0,10323.0,17277550.0,10575.285714285714
8afaf004,2020-06-23,100869,9153,78316.0,103790.0,,,,,,,3.0,2.0,2.0,4.0,-1.0,1.0,-2.0,4.0,2.0,2.0,0.0,4.0,0.0,1.0,67.19,77.78,64.29,87.5,2,Brazil,Rio de Janeiro,,-22.06694317,-42.0633655677008,17366189,BRA,BR,76,BRL,33,ChIJw4riypQYmAAR0IMFwRrDSQM,Rio de Janeiro (state),BRRJ,,BRA.19_1,78316.0,13400.0,17274473.0,11016.285714285714
8afaf004,2020-06-24,103493,9295,83800.0,103790.0,,,,,,,3.0,2.0,2.0,4.0,-1.0,1.0,-2.0,4.0,2.0,2.0,0.0,4.0,0.0,1.0,67.19,77.78,64.29,87.5,2,Brazil,Rio de Janeiro,,-22.06694317,-42.0633655677008,17366189,BRA,BR,76,BRL,33,ChIJw4riypQYmAAR0IMFwRrDSQM,Rio de Janeiro (state),BRRJ,,BRA.19_1,83800.0,10398.0,17271991.0,11178.0
8afaf004,2020-06-25,105897,9450,85690.0,103790.0,,,,,,,3.0,2.0,2.0,4.0,-1.0,1.0,-2.0,4.0,2.0,2.0,0.0,4.0,0.0,1.0,67.19,77.78,64.29,87.5,2,Brazil,Rio de Janeiro,,-22.06694317,-42.0633655677008,17366189,BRA,BR,76,BRL,33,ChIJw4riypQYmAAR0IMFwRrDSQM,Rio de Janeiro (state),BRRJ,,BRA.19_1,85690.0,10757.0,17269742.0,11500.714285714286
8afaf004,2020-06-26,108497,9587,87850.0,103790.0,,,,,,,3.0,2.0,2.0,4.0,-1.0,1.0,-2.0,4.0,2.0,2.0,0.0,4.0,0.0,1.0,67.19,77.78,64.29,87.5,2,Brazil,Rio de Janeiro,,-22.06694317,-42.0633655677008,17366189,BRA,BR,76,BRL,33,ChIJw4riypQYmAAR0IMFwRrDSQM,Rio de Janeiro (state),BRRJ,,BRA.19_1,87850.0,11060.0,17267279.0,11027.0
8afaf004,2020-06-27,108803,9789,88784.0,103790.0,,,,,,,3.0,2.0,2.0,4.0,-1.0,1.0,-2.0,4.0,2.0,2.0,0.0,4.0,0.0,1.0,67.19,77.78,64.29,87.5,2,Brazil,Rio de Janeiro,,-22.06694317,-42.0633655677008,17366189,BRA,BR,76,BRL,33,ChIJw4riypQYmAAR0IMFwRrDSQM,Rio de Janeiro (state),BRRJ,,BRA.19_1,88784.0,10230.0,17267175.0,10943.57142857143
8afaf004,2020-06-28,111298,9819,91106.0,103790.0,,,,,,,3.0,2.0,2.0,4.0,-1.0,1.0,-2.0,4.0,2.0,2.0,0.0,4.0,0.0,1.0,67.19,77.78,64.29,87.5,2,Brazil,Rio de Janeiro,,-22.06694317,-42.0633655677008,17366189,BRA,BR,76,BRL,33,ChIJw4riypQYmAAR0IMFwRrDSQM,Rio de Janeiro (state),BRRJ,,BRA.19_1,91106.0,10373.0,17264710.0,10934.42857142857
8afaf004,2020-06-29,111883,9848,92161.0,150441.0,,,,,,,3.0,2.0,2.0,4.0,-1.0,1.0,-2.0,4.0,2.0,2.0,0.0,4.0,0.0,1.0,67.19,77.78,64.29,87.5,2,Brazil,Rio de Janeiro,,-22.06694317,-42.0633655677008,17366189,BRA,BR,76,BRL,33,ChIJw4riypQYmAAR0IMFwRrDSQM,Rio de Janeiro (state),BRRJ,,BRA.19_1,92161.0,9874.0,17264154.0,10870.285714285714
8afaf004,2020-06-30,112611,10080,93423.0,150441.0,,,,,,,3.0,2.0,2.0,4.0,-1.0,1.0,-2.0,4.0,2.0,2.0,0.0,4.0,0.0,1.0,67.19,77.78,64.29,87.5,2,Brazil,Rio de Janeiro,,-22.06694317,-42.0633655677008,17366189,BRA,BR,76,BRL,33,ChIJw4riypQYmAAR0IMFwRrDSQM,Rio de Janeiro (state),BRRJ,,BRA.19_1,93423.0,9108.0,17263658.0,10257.142857142857
8afaf004,2020-07-01,115278,10198,95028.0,150441.0,,,,,,,3.0,2.0,2.0,4.0,-1.0,1.0,-2.0,4.0,2.0,2.0,0.0,4.0,0.0,1.0,67.19,77.78,64.29,87.5,2,Brazil,Rio de Janeiro,,-22.06694317,-42.0633655677008,17366189,BRA,BR,76,BRL,33,ChIJw4riypQYmAAR0IMFwRrDSQM,Rio de Janeiro (state),BRRJ,,BRA.19_1,95028.0,10052.0,17261109.0,10207.714285714286
8afaf004,2020-07-02,116823,10332,95028.0,150441.0,,,,,,,3.0,2.0,2.0,4.0,-1.0,1.0,-2.0,4.0,2.0,2.0,0.0,4.0,0.0,1.0,67.19,77.78,64.29,87.5,2,Brazil,Rio de Janeiro,,-22.06694317,-42.0633655677008,17366189,BRA,BR,76,BRL,33,ChIJw4riypQYmAAR0IMFwRrDSQM,Rio de Janeiro (state),BRRJ,,BRA.19_1,95028.0,11463.0,17259698.0,10308.57142857143
8afaf004,2020-07-03,118956,10500,98540.0,150441.0,,,,,,,3.0,2.0,2.0,4.0,-1.0,1.0,-2.0,4.0,2.0,2.0,0.0,4.0,0.0,1.0,67.19,77.78,64.29,87.5,2,Brazil,Rio de Janeiro,,-22.06694317,-42.0633655677008,17366189,BRA,BR,76,BRL,33,ChIJw4riypQYmAAR0IMFwRrDSQM,Rio de Janeiro (state),BRRJ,,BRA.19_1,98540.0,9916.0,17257733.0,10145.142857142857
8afaf004,2020-07-04,120440,10624,99805.0,150441.0,,,,,,,3.0,2.0,2.0,4.0,-1.0,1.0,-2.0,4.0,2.0,2.0,0.0,4.0,0.0,1.0,67.19,77.78,64.29,87.5,2,Brazil,Rio de Janeiro,,-22.06694317,-42.0633655677008,17366189,BRA,BR,76,BRL,33,ChIJw4riypQYmAAR0IMFwRrDSQM,Rio de Janeiro (state),BRRJ,,BRA.19_1,99805.0,10011.0,17256373.0,10113.857142857143
8afaf004,2020-07-05,121292,10667,97719.0,150441.0,,,,,,,3.0,2.0,2.0,4.0,-1.0,1.0,-2.0,4.0,2.0,2.0,0.0,4.0,0.0,1.0,67.19,77.78,64.29,87.5,2,Brazil,Rio de Janeiro,,-22.06694317,-42.0633655677008,17366189,BRA,BR,76,BRL,33,ChIJw4riypQYmAAR0IMFwRrDSQM,Rio de Janeiro (state),BRRJ,,BRA.19_1,97719.0,12906.0,17255564.0,10475.714285714286
8afaf004,2020-07-06,121879,10698,101554.0,150441.0,,,,,,,3.0,2.0,2.0,4.0,-1.0,1.0,-2.0,4.0,2.0,2.0,0.0,4.0,0.0,1.0,67.19,77.78,64.29,87.5,2,Brazil,Rio de Janeiro,,-22.06694317,-42.0633655677008,17366189,BRA,BR,76,BRL,33,ChIJw4riypQYmAAR0IMFwRrDSQM,Rio de Janeiro (state),BRRJ,,BRA.19_1,101554.0,9627.0,17255008.0,10440.42857142857
8afaf004,2020-07-07,124086,10881,101554.0,150441.0,,,,,,,3.0,2.0,2.0,4.0,-1.0,1.0,-2.0,4.0,2.0,2.0,0.0,4.0,0.0,1.0,67.19,77.78,64.29,87.5,2,Brazil,Rio de Janeiro,,-22.06694317,-42.0633655677008,17366189,BRA,BR,76,BRL,33,ChIJw4riypQYmAAR0IMFwRrDSQM,Rio de Janeiro (state),BRRJ,,BRA.19_1,101554.0,11651.0,17252984.0,10803.714285714286
8afaf004,2020-07-08,126329,10970,105231.0,150441.0,,,,,,,3.0,2.0,2.0,4.0,-1.0,1.0,-2.0,4.0,2.0,2.0,0.0,4.0,0.0,1.0,67.19,77.78,64.29,87.5,2,Brazil,Rio de Janeiro,,-22.06694317,-42.0633655677008,17366189,BRA,BR,76,BRL,33,ChIJw4riypQYmAAR0IMFwRrDSQM,Rio de Janeiro (state),BRRJ,,BRA.19_1,105231.0,10128.0,17250830.0,10814.57142857143
8afaf004,2020-07-09,128324,11115,105231.0,150441.0,,,,,,,3.0,2.0,2.0,4.0,-1.0,1.0,-2.0,4.0,2.0,2.0,0.0,4.0,0.0,1.0,67.19,77.78,64.29,87.5,2,Brazil,Rio de Janeiro,,-22.06694317,-42.0633655677008,17366189,BRA,BR,76,BRL,33,ChIJw4riypQYmAAR0IMFwRrDSQM,Rio de Janeiro (state),BRRJ,,BRA.19_1,105231.0,11978.0,17248980.0,10888.142857142857
8afaf004,2020-07-10,129443,11280,108151.0,150441.0,,,,,,,3.0,2.0,2.0,4.0,-1.0,1.0,-2.0,4.0,2.0,2.0,0.0,4.0,0.0,1.0,67.19,77.78,64.29,87.5,2,Brazil,Rio de Janeiro,,-22.06694317,-42.0633655677008,17366189,BRA,BR,76,BRL,33,ChIJw4riypQYmAAR0IMFwRrDSQM,Rio de Janeiro (state),BRRJ,,BRA.19_1,108151.0,10012.0,17248026.0,10901.857142857143
8afaf004,2020-07-11,129675,11406,109061.0,176761.0,,,,,,,3.0,2.0,2.0,4.0,-1.0,1.0,-2.0,4.0,2.0,2.0,0.0,4.0,0.0,1.0,67.19,77.78,64.29,87.5,2,Brazil,Rio de Janeiro,,-22.06694317,-42.0633655677008,17366189,BRA,BR,76,BRL,33,ChIJw4riypQYmAAR0IMFwRrDSQM,Rio de Janeiro (state),BRRJ,,BRA.19_1,109061.0,9208.0,17247920.0,10787.142857142857
8afaf004,2020-07-12,129684,11415,110061.0,176761.0,,,,,,,3.0,2.0,2.0,4.0,-1.0,-1.0,-2.0,4.0,2.0,2.0,0.0,4.0,0.0,1.0,66.15,75.93,63.1,87.5,2,Brazil,Rio de Janeiro,,-22.06694317,-42.0633655677008,17366189,BRA,BR,76,BRL,33,ChIJw4riypQYmAAR0IMFwRrDSQM,Rio de Janeiro (state),BRRJ,,BRA.19_1,110061.0,8208.0,17247920.0,10116.0
8afaf004,2020-07-13,132044,11474,111189.0,176761.0,,,,,,,3.0,2.0,2.0,4.0,-1.0,-1.0,-2.0,4.0,2.0,2.0,0.0,4.0,0.0,1.0,66.15,75.93,63.1,87.5,2,Brazil,Rio de Janeiro,,-22.06694317,-42.0633655677008,17366189,BRA,BR,76,BRL,33,ChIJw4riypQYmAAR0IMFwRrDSQM,Rio de Janeiro (state),BRRJ,,BRA.19_1,111189.0,9381.0,17245619.0,10080.857142857143
8afaf004,2020-07-14,132822,11624,112355.0,176761.0,,,,,,,3.0,2.0,2.0,4.0,-1.0,-1.0,-2.0,4.0,2.0,2.0,0.0,4.0,0.0,1.0,66.15,75.93,63.1,87.5,2,Brazil,Rio de Janeiro,,-22.06694317,-42.0633655677008,17366189,BRA,BR,76,BRL,33,ChIJw4riypQYmAAR0IMFwRrDSQM,Rio de Janeiro (state),BRRJ,,BRA.19_1,112355.0,8843.0,17244991.0,9679.714285714286
8afaf004,2020-07-15,134449,11757,114351.0,165870.0,,,,,,,3.0,2.0,2.0,4.0,-1.0,-1.0,-2.0,4.0,2.0,2.0,0.0,4.0,0.0,1.0,66.15,75.93,63.1,87.5,2,Brazil,Rio de Janeiro,,-22.06694317,-42.0633655677008,17366189,BRA,BR,76,BRL,33,ChIJw4riypQYmAAR0IMFwRrDSQM,Rio de Janeiro (state),BRRJ,,BRA.19_1,114351.0,8341.0,17243497.0,9424.42857142857
8afaf004,2020-07-16,134573,11849,114351.0,165870.0,,,,,,,3.0,2.0,2.0,4.0,-1.0,-1.0,-2.0,4.0,2.0,2.0,0.0,4.0,0.0,1.0,66.15,75.93,63.1,87.5,2,Brazil,Rio de Janeiro,,-22.06694317,-42.0633655677008,17366189,BRA,BR,76,BRL,33,ChIJw4riypQYmAAR0IMFwRrDSQM,Rio de Janeiro (state),BRRJ,,BRA.19_1,114351.0,8373.0,17243465.0,8909.42857142857
8afaf004,2020-07-17,135230,11919,115201.0,165870.0,,,,,,,3.0,2.0,2.0,4.0,-1.0,-1.0,-2.0,4.0,2.0,2.0,0.0,4.0,0.0,1.0,66.15,75.93,63.1,87.5,2,Brazil,Rio de Janeiro,,-22.06694317,-42.0633655677008,17366189,BRA,BR,76,BRL,33,ChIJw4riypQYmAAR0IMFwRrDSQM,Rio de Janeiro (state),BRRJ,,BRA.19_1,115201.0,8110.0,17242878.0,8637.714285714286
8afaf004,2020-07-18,135230,11919,115201.0,165870.0,,,,,,,3.0,2.0,2.0,4.0,-1.0,-1.0,-2.0,4.0,2.0,2.0,0.0,4.0,0.0,1.0,66.15,75.93,63.1,87.5,2,Brazil,Rio de Janeiro,,-22.06694317,-42.0633655677008,17366189,BRA,BR,76,BRL,33,ChIJw4riypQYmAAR0IMFwRrDSQM,Rio de Janeiro (state),BRRJ,,BRA.19_1,115201.0,8110.0,17242878.0,8480.857142857143
8afaf004,2020-07-19,138524,12114,117262.0,165870.0,,,,,,,3.0,2.0,2.0,4.0,-1.0,-1.0,-2.0,4.0,2.0,2.0,0.0,4.0,0.0,1.0,66.15,75.93,63.1,87.5,2,Brazil,Rio de Janeiro,,-22.06694317,-42.0633655677008,17366189,BRA,BR,76,BRL,33,ChIJw4riypQYmAAR0IMFwRrDSQM,Rio de Janeiro (state),BRRJ,,BRA.19_1,117262.0,9148.0,17239779.0,8615.142857142857
8afaf004,2020-07-20,141005,12161,118298.0,174615.0,,,,,,,3.0,2.0,2.0,4.0,-1.0,-1.0,-2.0,4.0,2.0,2.0,0.0,4.0,0.0,1.0,66.15,75.93,63.1,87.5,2,Brazil,Rio de Janeiro,,-22.06694317,-42.0633655677008,17366189,BRA,BR,76,BRL,33,ChIJw4riypQYmAAR0IMFwRrDSQM,Rio de Janeiro (state),BRRJ,,BRA.19_1,118298.0,10546.0,17237345.0,8781.57142857143
8afaf004,2020-07-21,145121,12293,124686.0,174615.0,,,,,,,3.0,2.0,2.0,4.0,-1.0,-1.0,-2.0,4.0,2.0,2.0,0.0,4.0,0.0,1.0,66.15,75.93,63.1,87.5,2,Brazil,Rio de Janeiro,,-22.06694317,-42.0633655677008,17366189,BRA,BR,76,BRL,33,ChIJw4riypQYmAAR0IMFwRrDSQM,Rio de Janeiro (state),BRRJ,,BRA.19_1,124686.0,8142.0,17233361.0,8681.42857142857
8afaf004,2020-07-22,148623,12443,127003.0,174615.0,,,,,,,3.0,2.0,2.0,4.0,-1.0,-1.0,-2.0,4.0,2.0,2.0,0.0,4.0,0.0,1.0,66.15,75.93,63.1,87.5,2,Brazil,Rio de Janeiro,,-22.06694317,-42.0633655677008,17366189,BRA,BR,76,BRL,33,ChIJw4riypQYmAAR0IMFwRrDSQM,Rio de Janeiro (state),BRRJ,,BRA.19_1,127003.0,9177.0,17230009.0,8800.857142857143
8afaf004,2020-07-23,151549,12535,129896.0,174615.0,,,,,,,3.0,2.0,2.0,4.0,-1.0,-1.0,-2.0,4.0,2.0,2.0,0.0,4.0,0.0,1.0,66.15,75.93,63.1,87.5,2,Brazil,Rio de Janeiro,,-22.06694317,-42.0633655677008,17366189,BRA,BR,76,BRL,33,ChIJw4riypQYmAAR0IMFwRrDSQM,Rio de Janeiro (state),BRRJ,,BRA.19_1,129896.0,9118.0,17227175.0,8907.285714285714
8afaf004,2020-07-24,154879,12654,132225.0,185145.0,,,,,,,3.0,2.0,2.0,4.0,-1.0,-1.0,-2.0,4.0,2.0,2.0,0.0,4.0,0.0,1.0,66.15,75.93,63.1,87.5,2,Brazil,Rio de Janeiro,,-22.06694317,-42.0633655677008,17366189,BRA,BR,76,BRL,33,ChIJw4riypQYmAAR0IMFwRrDSQM,Rio de Janeiro (state),BRRJ,,BRA.19_1,132225.0,10000.0,17223964.0,9177.285714285714
8afaf004,2020-07-25,156293,12808,133831.0,185145.0,,,,,,,3.0,2.0,2.0,4.0,-1.0,-1.0,-2.0,4.0,2.0,2.0,0.0,4.0,0.0,1.0,66.15,75.93,63.1,87.5,2,Brazil,Rio de Janeiro,,-22.06694317,-42.0633655677008,17366189,BRA,BR,76,BRL,33,ChIJw4riypQYmAAR0IMFwRrDSQM,Rio de Janeiro (state),BRRJ,,BRA.19_1,133831.0,9654.0,17222704.0,9397.857142857143
8afaf004,2020-07-26,156325,12835,134419.0,185145.0,,,,,,,3.0,2.0,2.0,4.0,-1.0,-1.0,-2.0,4.0,2.0,2.0,0.0,4.0,0.0,1.0,66.15,75.93,63.1,87.5,2,Brazil,Rio de Janeiro,,-22.06694317,-42.0633655677008,17366189,BRA,BR,76,BRL,33,ChIJw4riypQYmAAR0IMFwRrDSQM,Rio de Janeiro (state),BRRJ,,BRA.19_1,134419.0,9071.0,17222699.0,9386.857142857143
8afaf004,2020-07-27,157834,12876,135552.0,185145.0,,,,,,,3.0,2.0,2.0,4.0,-1.0,-1.0,-2.0,4.0,2.0,2.0,0.0,4.0,0.0,1.0,66.15,75.93,63.1,87.5,2,Brazil,Rio de Janeiro,,-22.06694317,-42.0633655677008,17366189,BRA,BR,76,BRL,33,ChIJw4riypQYmAAR0IMFwRrDSQM,Rio de Janeiro (state),BRRJ,,BRA.19_1,135552.0,9406.0,17221231.0,9224.0
8afaf004,2020-07-28,159639,13033,136941.0,193183.0,,,,,,,3.0,2.0,2.0,4.0,-1.0,-1.0,-2.0,4.0,2.0,2.0,0.0,4.0,0.0,1.0,66.15,75.93,63.1,87.5,2,Brazil,Rio de Janeiro,,-22.06694317,-42.0633655677008,17366189,BRA,BR,76,BRL,33,ChIJw4riypQYmAAR0IMFwRrDSQM,Rio de Janeiro (state),BRRJ,,BRA.19_1,136941.0,9665.0,17219583.0,9441.57142857143
8afaf004,2020-07-29,161647,13198,138498.0,193183.0,,,,,,,3.0,2.0,2.0,4.0,-1.0,-1.0,-2.0,1.0,2.0,2.0,0.0,4.0,0.0,1.0,61.46,67.59,57.74,87.5,2,Brazil,Rio de Janeiro,,-22.06694317,-42.0633655677008,17366189,BRA,BR,76,BRL,33,ChIJw4riypQYmAAR0IMFwRrDSQM,Rio de Janeiro (state),BRRJ,,BRA.19_1,138498.0,9951.0,17217740.0,9552.142857142857
8afaf004,2020-07-30,163642,13348,139967.0,193183.0,,,,,,,3.0,2.0,2.0,4.0,-1.0,-1.0,-2.0,1.0,2.0,2.0,0.0,4.0,0.0,1.0,61.46,67.59,57.74,87.5,2,Brazil,Rio de Janeiro,,-22.06694317,-42.0633655677008,17366189,BRA,BR,76,BRL,33,ChIJw4riypQYmAAR0IMFwRrDSQM,Rio de Janeiro (state),BRRJ,,BRA.19_1,139967.0,10327.0,17215895.0,9724.857142857143
8afaf004,2020-07-31,165495,13477,141413.0,193183.0,,,,,,,3.0,2.0,2.0,4.0,-1.0,-1.0,-2.0,1.0,2.0,2.0,0.0,4.0,0.0,1.0,61.46,67.59,57.74,87.5,2,Brazil,Rio de Janeiro,,-22.06694317,-42.0633655677008,17366189,BRA,BR,76,BRL,33,ChIJw4riypQYmAAR0IMFwRrDSQM,Rio de Janeiro (state),BRRJ,,BRA.19_1,141413.0,10605.0,17214171.0,9811.285714285714
8afaf004,2020-08-01,167213,13556,143322.0,193183.0,,,,,,,3.0,2.0,2.0,4.0,-1.0,-1.0,-2.0,1.0,2.0,2.0,0.0,4.0,0.0,1.0,61.46,67.59,57.74,87.5,2,Brazil,Rio de Janeiro,,-22.06694317,-42.0633655677008,17366189,BRA,BR,76,BRL,33,ChIJw4riypQYmAAR0IMFwRrDSQM,Rio de Janeiro (state),BRRJ,,BRA.19_1,143322.0,10335.0,17212532.0,9908.57142857143
8afaf004,2020-08-02,167225,13572,143822.0,813560.0,,,,,,,3.0,2.0,2.0,4.0,-1.0,-1.0,-2.0,1.0,2.0,2.0,0.0,4.0,0.0,1.0,61.46,67.59,57.74,87.5,2,Brazil,Rio de Janeiro,,-22.06694317,-42.0633655677008,17366189,BRA,BR,76,BRL,33,ChIJw4riypQYmAAR0IMFwRrDSQM,Rio de Janeiro (state),BRRJ,,BRA.19_1,143822.0,9831.0,17212536.0,10017.142857142857
8afaf004,2020-08-03,168064,13604,144850.0,813560.0,,,,,,,3.0,2.0,2.0,4.0,-1.0,0.0,-2.0,1.0,2.0,2.0,0.0,4.0,0.0,1.0,60.42,65.74,56.55,87.5,2,Brazil,Rio de Janeiro,,-22.06694317,-42.0633655677008,17366189,BRA,BR,76,BRL,33,ChIJw4riypQYmAAR0IMFwRrDSQM,Rio de Janeiro (state),BRRJ,,BRA.19_1,144850.0,9610.0,17211729.0,10046.285714285714
8afaf004,2020-08-04,168911,13715,150976.0,813560.0,,,,,,,3.0,2.0,2.0,-4.0,-1.0,0.0,-2.0,1.0,2.0,2.0,0.0,4.0,0.0,1.0,59.64,64.35,55.65,87.5,2,Brazil,Rio de Janeiro,,-22.06694317,-42.0633655677008,17366189,BRA,BR,76,BRL,33,ChIJw4riypQYmAAR0IMFwRrDSQM,Rio de Janeiro (state),BRRJ,,BRA.19_1,150976.0,4220.0,17210993.0,9268.42857142857
8afaf004,2020-08-05,172679,13855,153966.0,813560.0,,,,,,,3.0,2.0,2.0,-4.0,-1.0,0.0,-2.0,1.0,2.0,2.0,0.0,4.0,0.0,1.0,59.64,64.35,55.65,87.5,2,Brazil,Rio de Janeiro,,-22.06694317,-42.0633655677008,17366189,BRA,BR,76,BRL,33,ChIJw4riypQYmAAR0IMFwRrDSQM,Rio de Janeiro (state),BRRJ,,BRA.19_1,153966.0,4858.0,17207365.0,8540.857142857143
8afaf004,2020-08-06,174064,13941,155312.0,813560.0,,,,,,,3.0,2.0,2.0,-4.0,-1.0,0.0,-2.0,1.0,2.0,2.0,0.0,4.0,0.0,1.0,59.64,64.35,55.65,87.5,2,Brazil,Rio de Janeiro,,-22.06694317,-42.0633655677008,17366189,BRA,BR,76,BRL,33,ChIJw4riypQYmAAR0IMFwRrDSQM,Rio de Janeiro (state),BRRJ,,BRA.19_1,155312.0,4811.0,17206066.0,7752.857142857143
8afaf004,2020-08-07,175696,14028,156785.0,813560.0,,,,,,,3.0,2.0,2.0,-4.0,-1.0,0.0,-2.0,1.0,2.0,2.0,0.0,4.0,0.0,1.0,59.64,64.35,55.65,87.5,2,Brazil,Rio de Janeiro,,-22.06694317,-42.0633655677008,17366189,BRA,BR,76,BRL,33,ChIJw4riypQYmAAR0IMFwRrDSQM,Rio de Janeiro (state),BRRJ,,BRA.19_1,156785.0,4883.0,17204521.0,6935.428571428572
8afaf004,2020-08-08,178524,14070,159372.0,813560.0,,,,,,,3.0,2.0,2.0,-4.0,-1.0,0.0,-2.0,1.0,2.0,2.0,0.0,4.0,0.0,1.0,59.64,64.35,55.65,87.5,2,Brazil,Rio de Janeiro,,-22.06694317,-42.0633655677008,17366189,BRA,BR,76,BRL,33,ChIJw4riypQYmAAR0IMFwRrDSQM,Rio de Janeiro (state),BRRJ,,BRA.19_1,159372.0,5082.0,17201735.0,6185.0
8afaf004,2020-08-09,178850,14080,159372.0,813560.0,,,,,,,3.0,2.0,2.0,-4.0,-1.0,0.0,-2.0,1.0,2.0,2.0,0.0,4.0,0.0,1.0,59.64,64.35,55.65,87.5,2,Brazil,Rio de Janeiro,,-22.06694317,-42.0633655677008,17366189,BRA,BR,76,BRL,33,ChIJw4riypQYmAAR0IMFwRrDSQM,Rio de Janeiro (state),BRRJ,,BRA.19_1,159372.0,5398.0,17201419.0,5551.714285714285
8afaf004,2020-08-10,180016,14108,161329.0,813560.0,,,,,,,3.0,2.0,2.0,-4.0,-1.0,0.0,-2.0,1.0,2.0,2.0,0.0,4.0,0.0,1.0,59.64,64.35,55.65,87.5,2,Brazil,Rio de Janeiro,,-22.06694317,-42.0633655677008,17366189,BRA,BR,76,BRL,33,ChIJw4riypQYmAAR0IMFwRrDSQM,Rio de Janeiro (state),BRRJ,,BRA.19_1,161329.0,4579.0,17200281.0,4833.0
8afaf004,2020-08-11,182563,14212,163579.0,813560.0,,,,,,,3.0,2.0,2.0,-4.0,-1.0,0.0,-2.0,1.0,2.0,2.0,0.0,4.0,0.0,1.0,59.64,64.35,55.65,87.5,2,Brazil,Rio de Janeiro,,-22.06694317,-42.0633655677008,17366189,BRA,BR,76,BRL,33,ChIJw4riypQYmAAR0IMFwRrDSQM,Rio de Janeiro (state),BRRJ,,BRA.19_1,163579.0,4772.0,17197838.0,4911.857142857143
8afaf004,2020-08-12,185610,14295,165894.0,813560.0,,,,,,,3.0,2.0,2.0,-4.0,-1.0,0.0,-2.0,1.0,2.0,2.0,0.0,4.0,0.0,1.0,59.64,64.35,55.65,87.5,2,Brazil,Rio de Janeiro,,-22.06694317,-42.0633655677008,17366189,BRA,BR,76,BRL,33,ChIJw4riypQYmAAR0IMFwRrDSQM,Rio de Janeiro (state),BRRJ,,BRA.19_1,165894.0,5421.0,17194874.0,4992.285714285715
8afaf004,2020-08-13,188085,14412,167609.0,813560.0,,,,,,,3.0,2.0,2.0,-4.0,-1.0,0.0,-2.0,1.0,2.0,2.0,0.0,4.0,0.0,1.0,59.64,64.35,55.65,87.5,2,Brazil,Rio de Janeiro,,-22.06694317,-42.0633655677008,17366189,BRA,BR,76,BRL,33,ChIJw4riypQYmAAR0IMFwRrDSQM,Rio de Janeiro (state),BRRJ,,BRA.19_1,167609.0,6064.0,17192516.0,5171.285714285715
8afaf004,2020-08-14,189891,14507,169693.0,813560.0,,,,,,,3.0,2.0,2.0,-4.0,-1.0,0.0,-2.0,1.0,2.0,2.0,0.0,4.0,0.0,1.0,59.64,64.35,55.65,87.5,2,Brazil,Rio de Janeiro,,-22.06694317,-42.0633655677008,17366189,BRA,BR,76,BRL,33,ChIJw4riypQYmAAR0IMFwRrDSQM,Rio de Janeiro (state),BRRJ,,BRA.19_1,169693.0,5691.0,17190805.0,5286.714285714285
8afaf004,2020-08-15,190614,14526,171123.0,813560.0,,,,,,,3.0,2.0,2.0,-4.0,-1.0,0.0,-2.0,1.0,2.0,2.0,0.0,4.0,0.0,1.0,59.64,64.35,55.65,87.5,2,Brazil,Rio de Janeiro,,-22.06694317,-42.0633655677008,17366189,BRA,BR,76,BRL,33,ChIJw4riypQYmAAR0IMFwRrDSQM,Rio de Janeiro (state),BRRJ,,BRA.19_1,171123.0,4965.0,17190101.0,5270.0
8afaf004,2020-08-16,194279,14562,174747.0,813560.0,,,,,,,3.0,2.0,2.0,-4.0,-1.0,0.0,-2.0,1.0,2.0,2.0,0.0,4.0,0.0,1.0,59.64,64.35,55.65,87.5,2,Brazil,Rio de Janeiro,,-22.06694317,-42.0633655677008,17366189,BRA,BR,76,BRL,33,ChIJw4riypQYmAAR0IMFwRrDSQM,Rio de Janeiro (state),BRRJ,,BRA.19_1,174747.0,4970.0,17186472.0,5208.857142857143
8afaf004,2020-08-17,194651,14566,175355.0,813560.0,,,,,,,3.0,2.0,2.0,-4.0,-1.0,0.0,-2.0,1.0,2.0,2.0,0.0,4.0,0.0,1.0,59.64,64.35,55.65,87.5,2,Brazil,Rio de Janeiro,,-22.06694317,-42.0633655677008,17366189,BRA,BR,76,BRL,33,ChIJw4riypQYmAAR0IMFwRrDSQM,Rio de Janeiro (state),BRRJ,,BRA.19_1,175355.0,4730.0,17186104.0,5230.428571428572
8afaf004,2020-08-18,199480,14728,179501.0,813560.0,,,,,,,3.0,2.0,2.0,-4.0,-1.0,0.0,-2.0,1.0,2.0,2.0,0.0,4.0,0.0,1.0,59.64,64.35,55.65,87.5,2,Brazil,Rio de Janeiro,,-22.06694317,-42.0633655677008,17366189,BRA,BR,76,BRL,33,ChIJw4riypQYmAAR0IMFwRrDSQM,Rio de Janeiro (state),BRRJ,,BRA.19_1,179501.0,5251.0,17181437.0,5298.857142857143
8afaf004,2020-08-19,202993,14913,182513.0,813560.0,,,,,,,3.0,2.0,2.0,-4.0,-1.0,0.0,-2.0,1.0,2.0,2.0,0.0,4.0,0.0,1.0,59.64,64.35,55.65,87.5,2,Brazil,Rio de Janeiro,,-22.06694317,-42.0633655677008,17366189,BRA,BR,76,BRL,33,ChIJw4riypQYmAAR0IMFwRrDSQM,Rio de Janeiro (state),BRRJ,,BRA.19_1,182513.0,5567.0,17178109.0,5319.714285714285
8afaf004,2020-08-20,205916,15074,184641.0,813560.0,,,,,,,3.0,2.0,2.0,-4.0,-1.0,0.0,-2.0,1.0,2.0,2.0,0.0,4.0,0.0,1.0,59.64,64.35,55.65,87.5,2,Brazil,Rio de Janeiro,,-22.06694317,-42.0633655677008,17366189,BRA,BR,76,BRL,33,ChIJw4riypQYmAAR0IMFwRrDSQM,Rio de Janeiro (state),BRRJ,,BRA.19_1,184641.0,6201.0,17175347.0,5339.285714285715
8afaf004,2020-08-21,207036,15202,185904.0,813560.0,,,,,,,3.0,2.0,2.0,-4.0,-1.0,0.0,-2.0,1.0,2.0,2.0,0.0,4.0,0.0,1.0,59.64,64.35,55.65,87.5,2,Brazil,Rio de Janeiro,,-22.06694317,-42.0633655677008,17366189,BRA,BR,76,BRL,33,ChIJw4riypQYmAAR0IMFwRrDSQM,Rio de Janeiro (state),BRRJ,,BRA.19_1,185904.0,5930.0,17174355.0,5373.428571428572
8afaf004,2020-08-22,210464,15267,188731.0,813560.0,,,,,,,3.0,2.0,2.0,-4.0,-1.0,0.0,-2.0,1.0,2.0,2.0,0.0,4.0,0.0,1.0,59.64,64.35,55.65,87.5,2,Brazil,Rio de Janeiro,,-22.06694317,-42.0633655677008,17366189,BRA,BR,76,BRL,33,ChIJw4riypQYmAAR0IMFwRrDSQM,Rio de Janeiro (state),BRRJ,,BRA.19_1,188731.0,6466.0,17170992.0,5587.857142857143
8afaf004,2020-08-23,210948,15292,188731.0,813560.0,,,,,,,3.0,2.0,2.0,-4.0,-1.0,0.0,-2.0,1.0,2.0,2.0,0.0,4.0,0.0,1.0,59.64,64.35,55.65,87.5,2,Brazil,Rio de Janeiro,,-22.06694317,-42.0633655677008,17366189,BRA,BR,76,BRL,33,ChIJw4riypQYmAAR0IMFwRrDSQM,Rio de Janeiro (state),BRRJ,,BRA.19_1,188731.0,6925.0,17170533.0,5867.142857142857
8afaf004,2020-08-24,211360,15392,190562.0,813560.0,,,,,,,3.0,2.0,2.0,-4.0,-1.0,0.0,-2.0,1.0,2.0,2.0,0.0,4.0,0.0,1.0,59.64,64.35,55.65,87.5,2,Brazil,Rio de Janeiro,,-22.06694317,-42.0633655677008,17366189,BRA,BR,76,BRL,33,ChIJw4riypQYmAAR0IMFwRrDSQM,Rio de Janeiro (state),BRRJ,,BRA.19_1,190562.0,5406.0,17170221.0,5963.714285714285
8afaf004,2020-08-25,214003,15560,192828.0,813560.0,,,,,,,3.0,2.0,2.0,-4.0,-1.0,0.0,-2.0,1.0,2.0,2.0,0.0,4.0,0.0,1.0,59.64,64.35,55.65,87.5,2,Brazil,Rio de Janeiro,,-22.06694317,-42.0633655677008,17366189,BRA,BR,76,BRL,33,ChIJw4riypQYmAAR0IMFwRrDSQM,Rio de Janeiro (state),BRRJ,,BRA.19_1,192828.0,5615.0,17167746.0,6015.714285714285
8afaf004,2020-08-26,216675,15700,195166.0,813560.0,,,,,,,3.0,2.0,2.0,-4.0,-1.0,0.0,-2.0,1.0,2.0,2.0,0.0,4.0,0.0,1.0,59.64,64.35,55.65,87.5,2,Brazil,Rio de Janeiro,,-22.06694317,-42.0633655677008,17366189,BRA,BR,76,BRL,33,ChIJw4riypQYmAAR0IMFwRrDSQM,Rio de Janeiro (state),BRRJ,,BRA.19_1,195166.0,5809.0,17165214.0,6050.285714285715
8afaf004,2020-08-27,219198,15859,197196.0,813560.0,,,,,,,3.0,2.0,2.0,-4.0,-1.0,0.0,-2.0,1.0,2.0,2.0,0.0,4.0,0.0,1.0,59.64,64.35,55.65,87.5,2,Brazil,Rio de Janeiro,,-22.06694317,-42.0633655677008,17366189,BRA,BR,76,BRL,33,ChIJw4riypQYmAAR0IMFwRrDSQM,Rio de Janeiro (state),BRRJ,,BRA.19_1,197196.0,6143.0,17162850.0,6042.0
8afaf004,2020-08-28,219198,15859,197196.0,813560.0,,,,,,,3.0,2.0,2.0,-4.0,-1.0,0.0,-2.0,1.0,2.0,2.0,0.0,4.0,0.0,1.0,59.64,64.35,55.65,87.5,2,Brazil,Rio de Janeiro,,-22.06694317,-42.0633655677008,17366189,BRA,BR,76,BRL,33,ChIJw4riypQYmAAR0IMFwRrDSQM,Rio de Janeiro (state),BRRJ,,BRA.19_1,197196.0,6143.0,17162850.0,6072.428571428572
8afaf004,2020-08-29,222957,16016,200853.0,813560.0,,,,,,,3.0,2.0,2.0,-4.0,-1.0,0.0,-2.0,1.0,2.0,2.0,0.0,4.0,0.0,1.0,59.64,64.35,55.65,87.5,2,Brazil,Rio de Janeiro,,-22.06694317,-42.0633655677008,17366189,BRA,BR,76,BRL,33,ChIJw4riypQYmAAR0IMFwRrDSQM,Rio de Janeiro (state),BRRJ,,BRA.19_1,200853.0,6088.0,17159248.0,6018.428571428572
8afaf004,2020-08-30,223302,16027,201715.0,813560.0,,,,,,,3.0,2.0,2.0,-4.0,-1.0,0.0,-2.0,1.0,2.0,2.0,0.0,4.0,0.0,1.0,59.64,64.35,55.65,87.5,2,Brazil,Rio de Janeiro,,-22.06694317,-42.0633655677008,17366189,BRA,BR,76,BRL,33,ChIJw4riypQYmAAR0IMFwRrDSQM,Rio de Janeiro (state),BRRJ,,BRA.19_1,201715.0,5560.0,17158914.0,5823.428571428572
8afaf004,2020-08-31,223631,16065,202227.0,813560.0,,,,,,,3.0,2.0,2.0,-4.0,-1.0,0.0,-2.0,1.0,2.0,2.0,0.0,4.0,0.0,1.0,59.64,64.35,55.65,87.5,2,Brazil,Rio de Janeiro,,-22.06694317,-42.0633655677008,17366189,BRA,BR,76,BRL,33,ChIJw4riypQYmAAR0IMFwRrDSQM,Rio de Janeiro (state),BRRJ,,BRA.19_1,202227.0,5339.0,17158623.0,5813.857142857143
8afaf004,2020-09-01,226800,16217,204845.0,813560.0,,,,,,,3.0,2.0,2.0,-4.0,-1.0,0.0,-2.0,1.0,2.0,2.0,0.0,4.0,0.0,1.0,59.64,64.35,55.65,87.5,2,Brazil,Rio de Janeiro,,-22.06694317,-42.0633655677008,17366189,BRA,BR,76,BRL,33,ChIJw4riypQYmAAR0IMFwRrDSQM,Rio de Janeiro (state),BRRJ,,BRA.19_1,204845.0,5738.0,17155606.0,5831.428571428572
8afaf004,2020-09-02,228332,16315,206419.0,813560.0,,,,,,,3.0,2.0,2.0,-4.0,-1.0,0.0,-2.0,1.0,2.0,2.0,0.0,4.0,0.0,1.0,59.64,64.35,55.65,87.5,2,Brazil,Rio de Janeiro,,-22.06694317,-42.0633655677008,17366189,BRA,BR,76,BRL,33,ChIJw4riypQYmAAR0IMFwRrDSQM,Rio de Janeiro (state),BRRJ,,BRA.19_1,206419.0,5598.0,17154172.0,5801.285714285715
8afaf004,2020-09-03,230271,16394,207993.0,813560.0,,,,,,,3.0,2.0,2.0,-4.0,-1.0,0.0,-2.0,1.0,2.0,2.0,0.0,4.0,0.0,1.0,59.64,64.35,55.65,87.5,2,Brazil,Rio de Janeiro,,-22.06694317,-42.0633655677008,17366189,BRA,BR,76,BRL,33,ChIJw4riypQYmAAR0IMFwRrDSQM,Rio de Janeiro (state),BRRJ,,BRA.19_1,207993.0,5884.0,17152312.0,5764.285714285715
8afaf004,2020-09-04,232489,16467,210128.0,813560.0,,,,,,,3.0,2.0,2.0,-3.0,-1.0,0.0,-2.0,1.0,2.0,2.0,0.0,4.0,0.0,1.0,58.07,61.57,53.87,87.5,2,Brazil,Rio de Janeiro,,-22.06694317,-42.0633655677008,17366189,BRA,BR,76,BRL,33,ChIJw4riypQYmAAR0IMFwRrDSQM,Rio de Janeiro (state),BRRJ,,BRA.19_1,210128.0,5894.0,17150167.0,5728.714285714285
8afaf004,2020-09-05,232747,16526,210761.0,813560.0,,,,,,,3.0,2.0,2.0,-3.0,-1.0,0.0,-2.0,1.0,2.0,2.0,0.0,4.0,0.0,1.0,58.07,61.57,53.87,87.5,2,Brazil,Rio de Janeiro,,-22.06694317,-42.0633655677008,17366189,BRA,BR,76,BRL,33,ChIJw4riypQYmAAR0IMFwRrDSQM,Rio de Janeiro (state),BRRJ,,BRA.19_1,210761.0,5460.0,17149968.0,5639.0
8afaf004,2020-09-06,232818,16568,210761.0,813560.0,,,,,,,3.0,2.0,2.0,-3.0,-1.0,0.0,-2.0,1.0,2.0,2.0,0.0,4.0,0.0,1.0,58.07,61.57,53.87,87.5,2,Brazil,Rio de Janeiro,,-22.06694317,-42.0633655677008,17366189,BRA,BR,76,BRL,33,ChIJw4riypQYmAAR0IMFwRrDSQM,Rio de Janeiro (state),BRRJ,,BRA.19_1,210761.0,5489.0,17149939.0,5628.857142857143
8afaf004,2020-09-07,233052,16593,210761.0,813560.0,,,,,,,3.0,2.0,2.0,-3.0,-1.0,0.0,-2.0,1.0,2.0,2.0,0.0,4.0,0.0,1.0,58.07,61.57,53.87,87.5,2,Brazil,Rio de Janeiro,,-22.06694317,-42.0633655677008,17366189,BRA,BR,76,BRL,33,ChIJw4riypQYmAAR0IMFwRrDSQM,Rio de Janeiro (state),BRRJ,,BRA.19_1,210761.0,5698.0,17149730.0,5680.142857142857
8afaf004,2020-09-08,233373,16646,212272.0,813560.0,,,,,,,3.0,2.0,2.0,-3.0,-1.0,0.0,-2.0,1.0,2.0,2.0,0.0,4.0,0.0,1.0,58.07,61.57,53.87,87.5,2,Brazil,Rio de Janeiro,,-22.06694317,-42.0633655677008,17366189,BRA,BR,76,BRL,33,ChIJw4riypQYmAAR0IMFwRrDSQM,Rio de Janeiro (state),BRRJ,,BRA.19_1,212272.0,4455.0,17149462.0,5496.857142857143
8afaf004,2020-09-09,233873,16770,212963.0,813560.0,,,,,,,3.0,2.0,2.0,-3.0,-1.0,0.0,-2.0,1.0,2.0,2.0,0.0,4.0,0.0,1.0,58.07,61.57,53.87,87.5,2,Brazil,Rio de Janeiro,,-22.06694317,-42.0633655677008,17366189,BRA,BR,76,BRL,33,ChIJw4riypQYmAAR0IMFwRrDSQM,Rio de Janeiro (state),BRRJ,,BRA.19_1,212963.0,4140.0,17149086.0,5288.571428571428
8afaf004,2020-09-10,234813,16871,213962.0,813560.0,,,,,,,3.0,2.0,2.0,-3.0,-1.0,0.0,-2.0,1.0,2.0,2.0,0.0,4.0,0.0,1.0,58.07,61.57,53.87,87.5,2,Brazil,Rio de Janeiro,,-22.06694317,-42.0633655677008,17366189,BRA,BR,76,BRL,33,ChIJw4riypQYmAAR0IMFwRrDSQM,Rio de Janeiro (state),BRRJ,,BRA.19_1,213962.0,3980.0,17148247.0,5016.571428571428
8afaf004,2020-09-11,240453,16883,217965.0,813560.0,,,,,,,3.0,2.0,2.0,-3.0,-1.0,0.0,-2.0,1.0,2.0,2.0,0.0,4.0,0.0,1.0,58.07,61.57,53.87,87.5,2,Brazil,Rio de Janeiro,,-22.06694317,-42.0633655677008,17366189,BRA,BR,76,BRL,33,ChIJw4riypQYmAAR0IMFwRrDSQM,Rio de Janeiro (state),BRRJ,,BRA.19_1,217965.0,5605.0,17142619.0,4975.285714285715
8afaf004,2020-09-12,240776,16985,218603.0,813560.0,,,,,,,3.0,2.0,2.0,-3.0,-1.0,0.0,-2.0,1.0,2.0,2.0,0.0,4.0,0.0,1.0,58.07,61.57,53.87,87.5,2,Brazil,Rio de Janeiro,,-22.06694317,-42.0633655677008,17366189,BRA,BR,76,BRL,33,ChIJw4riypQYmAAR0IMFwRrDSQM,Rio de Janeiro (state),BRRJ,,BRA.19_1,218603.0,5188.0,17142398.0,4936.428571428572
8afaf004,2020-09-13,242491,16990,220090.0,813560.0,,,,,,,3.0,2.0,2.0,-3.0,-1.0,0.0,-2.0,1.0,2.0,2.0,0.0,4.0,0.0,1.0,58.07,61.57,53.87,87.5,2,Brazil,Rio de Janeiro,,-22.06694317,-42.0633655677008,17366189,BRA,BR,76,BRL,33,ChIJw4riypQYmAAR0IMFwRrDSQM,Rio de Janeiro (state),BRRJ,,BRA.19_1,220090.0,5411.0,17140688.0,4925.285714285715
8afaf004,2020-09-14,242811,17003,220651.0,813560.0,,,,,,,3.0,2.0,2.0,-3.0,-1.0,0.0,-2.0,1.0,2.0,2.0,0.0,4.0,0.0,1.0,58.07,61.57,53.87,87.5,2,Brazil,Rio de Janeiro,,-22.06694317,-42.0633655677008,17366189,BRA,BR,76,BRL,33,ChIJw4riypQYmAAR0IMFwRrDSQM,Rio de Janeiro (state),BRRJ,,BRA.19_1,220651.0,5157.0,17140381.0,4848.0
8afaf004,2020-09-15,244418,17180,220651.0,813560.0,,,,,,,3.0,2.0,2.0,-3.0,-1.0,0.0,-2.0,1.0,2.0,2.0,0.0,4.0,0.0,1.0,58.07,61.57,53.87,87.5,2,Brazil,Rio de Janeiro,,-22.06694317,-42.0633655677008,17366189,BRA,BR,76,BRL,33,ChIJw4riypQYmAAR0IMFwRrDSQM,Rio de Janeiro (state),BRRJ,,BRA.19_1,220651.0,6587.0,17138951.0,5152.571428571428
8afaf004,2020-09-16,246182,17342,223892.0,813560.0,,,,,,,3.0,2.0,2.0,-3.0,-1.0,0.0,-2.0,1.0,2.0,2.0,0.0,4.0,0.0,1.0,58.07,61.57,53.87,87.5,2,Brazil,Rio de Janeiro,,-22.06694317,-42.0633655677008,17366189,BRA,BR,76,BRL,33,ChIJw4riypQYmAAR0IMFwRrDSQM,Rio de Janeiro (state),BRRJ,,BRA.19_1,223892.0,4948.0,17137349.0,5268.0
8afaf004,2020-09-17,246843,17453,224877.0,813560.0,,,,,,,3.0,2.0,2.0,-3.0,-1.0,0.0,-2.0,1.0,2.0,2.0,0.0,4.0,0.0,1.0,58.07,61.57,53.87,87.5,2,Brazil,Rio de Janeiro,,-22.06694317,-42.0633655677008,17366189,BRA,BR,76,BRL,33,ChIJw4riypQYmAAR0IMFwRrDSQM,Rio de Janeiro (state),BRRJ,,BRA.19_1,224877.0,4513.0,17136799.0,5344.142857142857
8afaf004,2020-09-18,249798,17575,226873.0,813560.0,,,,,,,3.0,2.0,2.0,-3.0,-1.0,0.0,-2.0,1.0,2.0,2.0,0.0,4.0,0.0,1.0,58.07,61.57,53.87,87.5,2,Brazil,Rio de Janeiro,,-22.06694317,-42.0633655677008,17366189,BRA,BR,76,BRL,33,ChIJw4riypQYmAAR0IMFwRrDSQM,Rio de Janeiro (state),BRRJ,,BRA.19_1,226873.0,5350.0,17133966.0,5307.714285714285
8afaf004,2020-09-19,251261,17634,228258.0,813560.0,,,,,,,3.0,2.0,2.0,-3.0,-1.0,0.0,-2.0,1.0,2.0,2.0,0.0,4.0,0.0,1.0,58.07,61.57,53.87,87.5,2,Brazil,Rio de Janeiro,,-22.06694317,-42.0633655677008,17366189,BRA,BR,76,BRL,33,ChIJw4riypQYmAAR0IMFwRrDSQM,Rio de Janeiro (state),BRRJ,,BRA.19_1,228258.0,5369.0,17132562.0,5333.571428571428
8afaf004,2020-09-20,251909,17677,228996.0,813560.0,,,,,,,3.0,2.0,2.0,-3.0,-1.0,0.0,-2.0,1.0,2.0,2.0,0.0,4.0,0.0,1.0,58.07,61.57,53.87,87.5,2,Brazil,Rio de Janeiro,,-22.06694317,-42.0633655677008,17366189,BRA,BR,76,BRL,33,ChIJw4riypQYmAAR0IMFwRrDSQM,Rio de Janeiro (state),BRRJ,,BRA.19_1,228996.0,5236.0,17131957.0,5308.571428571428
8afaf004,2020-09-21,252046,17727,225749.0,813560.0,,,,,,,3.0,2.0,2.0,-3.0,-1.0,0.0,-2.0,1.0,2.0,2.0,0.0,4.0,0.0,1.0,58.07,61.57,53.87,87.5,2,Brazil,Rio de Janeiro,,-22.06694317,-42.0633655677008,17366189,BRA,BR,76,BRL,33,ChIJw4riypQYmAAR0IMFwRrDSQM,Rio de Janeiro (state),BRRJ,,BRA.19_1,225749.0,8570.0,17131870.0,5796.142857142857
8afaf004,2020-09-22,253756,17798,230807.0,813560.0,,,,,,,3.0,2.0,2.0,-3.0,-1.0,0.0,-2.0,1.0,2.0,2.0,0.0,4.0,0.0,1.0,58.07,61.57,53.87,87.5,2,Brazil,Rio de Janeiro,,-22.06694317,-42.0633655677008,17366189,BRA,BR,76,BRL,33,ChIJw4riypQYmAAR0IMFwRrDSQM,Rio de Janeiro (state),BRRJ,,BRA.19_1,230807.0,5151.0,17130231.0,5591.0
8afaf004,2020-09-23,254885,17911,232036.0,813560.0,,,,,,,3.0,2.0,2.0,-3.0,-1.0,0.0,-2.0,1.0,2.0,2.0,0.0,4.0,0.0,1.0,58.07,61.57,53.87,87.5,2,Brazil,Rio de Janeiro,,-22.06694317,-42.0633655677008,17366189,BRA,BR,76,BRL,33,ChIJw4riypQYmAAR0IMFwRrDSQM,Rio de Janeiro (state),BRRJ,,BRA.19_1,232036.0,4938.0,17129215.0,5589.571428571428
8afaf004,2020-09-24,257985,18037,234581.0,813560.0,,,,,,,3.0,2.0,2.0,-3.0,-1.0,0.0,-2.0,1.0,2.0,2.0,0.0,4.0,0.0,1.0,58.07,61.57,53.87,87.5,2,Brazil,Rio de Janeiro,,-22.06694317,-42.0633655677008,17366189,BRA,BR,76,BRL,33,ChIJw4riypQYmAAR0IMFwRrDSQM,Rio de Janeiro (state),BRRJ,,BRA.19_1,234581.0,5367.0,17126241.0,5711.571428571428
8afaf004,2020-09-25,259488,18166,236273.0,813560.0,,,,,,,3.0,2.0,2.0,-3.0,-1.0,0.0,-2.0,1.0,2.0,2.0,0.0,4.0,0.0,1.0,58.07,61.57,53.87,87.5,2,Brazil,Rio de Janeiro,,-22.06694317,-42.0633655677008,17366189,BRA,BR,76,BRL,33,ChIJw4riypQYmAAR0IMFwRrDSQM,Rio de Janeiro (state),BRRJ,,BRA.19_1,236273.0,5049.0,17124867.0,5668.571428571428
8afaf004,2020-09-26,259670,18247,237024.0,813560.0,,,,,,,3.0,2.0,2.0,-3.0,-1.0,0.0,-2.0,1.0,2.0,2.0,0.0,4.0,0.0,1.0,58.07,61.57,53.87,87.5,2,Brazil,Rio de Janeiro,,-22.06694317,-42.0633655677008,17366189,BRA,BR,76,BRL,33,ChIJw4riypQYmAAR0IMFwRrDSQM,Rio de Janeiro (state),BRRJ,,BRA.19_1,237024.0,4399.0,17124766.0,5530.0
8afaf004,2020-09-27,261860,18278,238609.0,813560.0,,,,,,,3.0,2.0,2.0,-3.0,-1.0,0.0,-2.0,1.0,2.0,2.0,0.0,4.0,0.0,1.0,58.07,61.57,53.87,87.5,2,Brazil,Rio de Janeiro,,-22.06694317,-42.0633655677008,17366189,BRA,BR,76,BRL,33,ChIJw4riypQYmAAR0IMFwRrDSQM,Rio de Janeiro (state),BRRJ,,BRA.19_1,238609.0,4973.0,17122607.0,5492.428571428572
8afaf004,2020-09-28,262006,18291,239108.0,813560.0,,,,,,,3.0,2.0,2.0,-3.0,-1.0,0.0,-2.0,1.0,2.0,2.0,0.0,4.0,0.0,1.0,58.07,61.57,53.87,87.5,2,Brazil,Rio de Janeiro,,-22.06694317,-42.0633655677008,17366189,BRA,BR,76,BRL,33,ChIJw4riypQYmAAR0IMFwRrDSQM,Rio de Janeiro (state),BRRJ,,BRA.19_1,239108.0,4607.0,17122474.0,4926.285714285715
8afaf004,2020-09-29,263699,18388,240270.0,813560.0,,,,,,,3.0,2.0,2.0,-3.0,-1.0,0.0,-2.0,1.0,2.0,2.0,0.0,4.0,0.0,1.0,58.07,61.57,53.87,87.5,2,Brazil,Rio de Janeiro,,-22.06694317,-42.0633655677008,17366189,BRA,BR,76,BRL,33,ChIJw4riypQYmAAR0IMFwRrDSQM,Rio de Janeiro (state),BRRJ,,BRA.19_1,240270.0,5041.0,17120878.0,4910.571428571428
8afaf004,2020-09-30,264783,18487,241650.0,813560.0,,,,,,,3.0,2.0,2.0,-3.0,-1.0,0.0,-2.0,1.0,2.0,2.0,0.0,4.0,0.0,1.0,58.07,61.57,53.87,87.5,2,Brazil,Rio de Janeiro,,-22.06694317,-42.0633655677008,17366189,BRA,BR,76,BRL,33,ChIJw4riypQYmAAR0IMFwRrDSQM,Rio de Janeiro (state),BRRJ,,BRA.19_1,241650.0,4646.0,17119893.0,4868.857142857143
8afaf004,2020-10-01,266235,18567,242937.0,813560.0,,,,,,,3.0,2.0,2.0,-2.0,-1.0,0.0,-2.0,1.0,2.0,2.0,0.0,4.0,0.0,1.0,56.51,58.8,52.08,87.5,2,Brazil,Rio de Janeiro,,-22.06694317,-42.0633655677008,17366189,BRA,BR,76,BRL,33,ChIJw4riypQYmAAR0IMFwRrDSQM,Rio de Janeiro (state),BRRJ,,BRA.19_1,242937.0,4731.0,17118521.0,4778.0
8afaf004,2020-10-02,270395,18665,246212.0,813560.0,,,,,,,3.0,2.0,-2.0,-2.0,-1.0,0.0,-2.0,4.0,2.0,2.0,0.0,4.0,0.0,1.0,59.64,64.35,55.65,87.5,2,Brazil,Rio de Janeiro,,-22.06694317,-42.0633655677008,17366189,BRA,BR,76,BRL,33,ChIJw4riypQYmAAR0IMFwRrDSQM,Rio de Janeiro (state),BRRJ,,BRA.19_1,246212.0,5518.0,17114459.0,4845.0
8afaf004,2020-10-03,271575,18749,247541.0,813560.0,,,,,,,3.0,2.0,-2.0,-2.0,-1.0,0.0,-2.0,4.0,2.0,2.0,0.0,4.0,0.0,1.0,59.64,64.35,55.65,87.5,2,Brazil,Rio de Janeiro,,-22.06694317,-42.0633655677008,17366189,BRA,BR,76,BRL,33,ChIJw4riypQYmAAR0IMFwRrDSQM,Rio de Janeiro (state),BRRJ,,BRA.19_1,247541.0,5285.0,17113363.0,4971.571428571428
8afaf004,2020-10-04,271701,18769,248031.0,813560.0,,,,,,,3.0,2.0,-2.0,-2.0,-1.0,0.0,-2.0,4.0,2.0,2.0,0.0,4.0,0.0,1.0,59.64,64.35,55.65,87.5,2,Brazil,Rio de Janeiro,,-22.06694317,-42.0633655677008,17366189,BRA,BR,76,BRL,33,ChIJw4riypQYmAAR0IMFwRrDSQM,Rio de Janeiro (state),BRRJ,,BRA.19_1,248031.0,4901.0,17113257.0,4961.285714285715
8afaf004,2020-10-05,273338,18780,249469.0,813560.0,,,,,,,3.0,2.0,-2.0,-2.0,-1.0,0.0,-2.0,4.0,2.0,2.0,0.0,4.0,0.0,1.0,59.64,64.35,55.65,87.5,2,Brazil,Rio de Janeiro,,-22.06694317,-42.0633655677008,17366189,BRA,BR,76,BRL,33,ChIJw4riypQYmAAR0IMFwRrDSQM,Rio de Janeiro (state),BRRJ,,BRA.19_1,249469.0,5089.0,17111631.0,5030.142857142857
8afaf004,2020-10-06,275415,18883,249469.0,813560.0,,,,,,,3.0,2.0,-2.0,-2.0,-1.0,0.0,-2.0,4.0,2.0,2.0,0.0,4.0,0.0,1.0,59.64,64.35,55.65,87.5,2,Brazil,Rio de Janeiro,,-22.06694317,-42.0633655677008,17366189,BRA,BR,76,BRL,33,ChIJw4riypQYmAAR0IMFwRrDSQM,Rio de Janeiro (state),BRRJ,,BRA.19_1,249469.0,7063.0,17109657.0,5319.0
8afaf004,2020-10-07,277439,18969,253225.0,813560.0,,,,,,,3.0,2.0,-2.0,-2.0,-1.0,0.0,-2.0,4.0,2.0,2.0,0.0,4.0,0.0,1.0,59.64,64.35,55.65,87.5,2,Brazil,Rio de Janeiro,,-22.06694317,-42.0633655677008,17366189,BRA,BR,76,BRL,33,ChIJw4riypQYmAAR0IMFwRrDSQM,Rio de Janeiro (state),BRRJ,,BRA.19_1,253225.0,5245.0,17107719.0,5404.571428571428
8afaf004,2020-10-08,280144,19110,255544.0,813560.0,,,,,,,3.0,2.0,-2.0,-2.0,-1.0,0.0,-2.0,4.0,2.0,2.0,0.0,4.0,0.0,1.0,59.64,64.35,55.65,87.5,2,Brazil,Rio de Janeiro,,-22.06694317,-42.0633655677008,17366189,BRA,BR,76,BRL,33,ChIJw4riypQYmAAR0IMFwRrDSQM,Rio de Janeiro (state),BRRJ,,BRA.19_1,255544.0,5490.0,17105155.0,5513.0
8afaf004,2020-10-09,282080,19222,257362.0,813560.0,,,,,,,3.0,2.0,-2.0,-2.0,-1.0,0.0,-2.0,4.0,2.0,2.0,0.0,4.0,0.0,1.0,59.64,64.35,55.65,87.5,2,Brazil,Rio de Janeiro,,-22.06694317,-42.0633655677008,17366189,BRA,BR,76,BRL,33,ChIJw4riypQYmAAR0IMFwRrDSQM,Rio de Janeiro (state),BRRJ,,BRA.19_1,257362.0,5496.0,17103331.0,5509.857142857143
8afaf004,2020-10-10,283407,19284,258928.0,813560.0,,,,,,,3.0,2.0,-2.0,-2.0,-1.0,0.0,-2.0,4.0,2.0,2.0,0.0,4.0,0.0,1.0,59.64,64.35,55.65,87.5,2,Brazil,Rio de Janeiro,,-22.06694317,-42.0633655677008,17366189,BRA,BR,76,BRL,33,ChIJw4riypQYmAAR0IMFwRrDSQM,Rio de Janeiro (state),BRRJ,,BRA.19_1,258928.0,5195.0,17102066.0,5497.0
8afaf004,2020-10-11,283675,19308,258928.0,813560.0,,,,,,,3.0,2.0,-2.0,-2.0,-1.0,0.0,-2.0,4.0,2.0,2.0,0.0,4.0,0.0,1.0,59.64,64.35,55.65,87.5,2,Brazil,Rio de Janeiro,,-22.06694317,-42.0633655677008,17366189,BRA,BR,76,BRL,33,ChIJw4riypQYmAAR0IMFwRrDSQM,Rio de Janeiro (state),BRRJ,,BRA.19_1,258928.0,5439.0,17101822.0,5573.857142857143
8afaf004,2020-10-12,283858,19312,260083.0,813560.0,,,,,,,3.0,2.0,-2.0,-2.0,-1.0,0.0,-2.0,4.0,2.0,2.0,0.0,4.0,0.0,1.0,59.64,64.35,55.65,87.5,2,Brazil,Rio de Janeiro,,-22.06694317,-42.0633655677008,17366189,BRA,BR,76,BRL,33,ChIJw4riypQYmAAR0IMFwRrDSQM,Rio de Janeiro (state),BRRJ,,BRA.19_1,260083.0,4463.0,17101643.0,5484.428571428572
8afaf004,2020-10-13,284053,19336,260083.0,813560.0,,,,,,,3.0,2.0,-2.0,-2.0,-1.0,0.0,-2.0,4.0,2.0,2.0,0.0,4.0,0.0,1.0,59.64,64.35,55.65,87.5,2,Brazil,Rio de Janeiro,,-22.06694317,-42.0633655677008,17366189,BRA,BR,76,BRL,33,ChIJw4riypQYmAAR0IMFwRrDSQM,Rio de Janeiro (state),BRRJ,,BRA.19_1,260083.0,4634.0,17101472.0,5137.428571428572
8afaf004,2020-10-14,285205,19440,262009.0,813560.0,,,,,,,3.0,2.0,-2.0,-2.0,-1.0,0.0,-2.0,4.0,2.0,2.0,0.0,4.0,0.0,1.0,59.64,64.35,55.65,87.5,2,Brazil,Rio de Janeiro,,-22.06694317,-42.0633655677008,17366189,BRA,BR,76,BRL,33,ChIJw4riypQYmAAR0IMFwRrDSQM,Rio de Janeiro (state),BRRJ,,BRA.19_1,262009.0,3756.0,17100424.0,4924.714285714285
8afaf004,2020-10-15,286282,19555,263555.0,813560.0,,,,,,,3.0,2.0,-2.0,-2.0,-1.0,0.0,-2.0,3.0,2.0,2.0,0.0,4.0,0.0,1.0,58.07,61.57,53.87,87.5,2,Brazil,Rio de Janeiro,,-22.06694317,-42.0633655677008,17366189,BRA,BR,76,BRL,33,ChIJw4riypQYmAAR0IMFwRrDSQM,Rio de Janeiro (state),BRRJ,,BRA.19_1,263555.0,3172.0,17099462.0,4593.571428571428
8afaf004,2020-10-16,289440,19654,263555.0,813560.0,,,,,,,3.0,2.0,-2.0,-2.0,-1.0,0.0,-2.0,3.0,2.0,2.0,0.0,4.0,0.0,1.0,58.07,61.57,53.87,87.5,2,Brazil,Rio de Janeiro,,-22.06694317,-42.0633655677008,17366189,BRA,BR,76,BRL,33,ChIJw4riypQYmAAR0IMFwRrDSQM,Rio de Janeiro (state),BRRJ,,BRA.19_1,263555.0,6231.0,17096403.0,4698.571428571428
8afaf004,2020-10-17,289569,19715,265918.0,813560.0,,,,,,,3.0,2.0,-2.0,-2.0,-1.0,0.0,-2.0,3.0,2.0,2.0,0.0,4.0,0.0,1.0,58.07,61.57,53.87,87.5,2,Brazil,Rio de Janeiro,,-22.06694317,-42.0633655677008,17366189,BRA,BR,76,BRL,33,ChIJw4riypQYmAAR0IMFwRrDSQM,Rio de Janeiro (state),BRRJ,,BRA.19_1,265918.0,3936.0,17096335.0,4518.714285714285
8afaf004,2020-10-18,290878,19765,266992.0,813560.0,,,,,,,3.0,2.0,-2.0,-2.0,-1.0,0.0,-2.0,3.0,2.0,2.0,0.0,4.0,0.0,1.0,58.07,61.57,53.87,87.5,2,Brazil,Rio de Janeiro,,-22.06694317,-42.0633655677008,17366189,BRA,BR,76,BRL,33,ChIJw4riypQYmAAR0IMFwRrDSQM,Rio de Janeiro (state),BRRJ,,BRA.19_1,266992.0,4121.0,17095076.0,4330.428571428572
8afaf004,2020-10-19,291413,19770,267539.0,813560.0,,,,,,,3.0,2.0,-2.0,-2.0,-1.0,0.0,-2.0,3.0,2.0,2.0,0.0,4.0,0.0,1.0,58.07,61.57,53.87,87.5,2,Brazil,Rio de Janeiro,,-22.06694317,-42.0633655677008,17366189,BRA,BR,76,BRL,33,ChIJw4riypQYmAAR0IMFwRrDSQM,Rio de Janeiro (state),BRRJ,,BRA.19_1,267539.0,4104.0,17094546.0,4279.142857142857
8afaf004,2020-10-20,292621,19836,268718.0,813560.0,,,,,,,3.0,2.0,-2.0,-2.0,-1.0,0.0,-2.0,3.0,2.0,2.0,0.0,4.0,0.0,1.0,58.07,61.57,53.87,87.5,2,Brazil,Rio de Janeiro,,-22.06694317,-42.0633655677008,17366189,BRA,BR,76,BRL,33,ChIJw4riypQYmAAR0IMFwRrDSQM,Rio de Janeiro (state),BRRJ,,BRA.19_1,268718.0,4067.0,17093404.0,4198.142857142857
8afaf004,2020-10-21,293940,19945,269850.0,813560.0,,,,,,,3.0,2.0,-2.0,-2.0,-1.0,0.0,-2.0,3.0,2.0,2.0,0.0,4.0,0.0,1.0,58.07,61.57,53.87,87.5,2,Brazil,Rio de Janeiro,,-22.06694317,-42.0633655677008,17366189,BRA,BR,76,BRL,33,ChIJw4riypQYmAAR0IMFwRrDSQM,Rio de Janeiro (state),BRRJ,,BRA.19_1,269850.0,4145.0,17092194.0,4253.714285714285
8afaf004,2020-10-22,295021,20021,270824.0,813560.0,,,,,,,3.0,2.0,-2.0,-2.0,-1.0,0.0,-2.0,3.0,2.0,2.0,0.0,4.0,0.0,1.0,58.07,61.57,53.87,87.5,2,Brazil,Rio de Janeiro,,-22.06694317,-42.0633655677008,17366189,BRA,BR,76,BRL,33,ChIJw4riypQYmAAR0IMFwRrDSQM,Rio de Janeiro (state),BRRJ,,BRA.19_1,270824.0,4176.0,17091189.0,4397.142857142857
8afaf004,2020-10-23,296797,20115,272333.0,813560.0,,,,,,,3.0,2.0,-2.0,-2.0,-1.0,0.0,-2.0,3.0,2.0,2.0,0.0,4.0,0.0,1.0,58.07,61.57,53.87,87.5,2,Brazil,Rio de Janeiro,,-22.06694317,-42.0633655677008,17366189,BRA,BR,76,BRL,33,ChIJw4riypQYmAAR0IMFwRrDSQM,Rio de Janeiro (state),BRRJ,,BRA.19_1,272333.0,4349.0,17089507.0,4128.285714285715
8afaf004,2020-10-24,298823,20171,273909.0,813560.0,,,,,,,3.0,2.0,-2.0,-2.0,-1.0,0.0,-2.0,3.0,2.0,2.0,0.0,4.0,0.0,1.0,58.07,61.57,53.87,87.5,2,Brazil,Rio de Janeiro,,-22.06694317,-42.0633655677008,17366189,BRA,BR,76,BRL,33,ChIJw4riypQYmAAR0IMFwRrDSQM,Rio de Janeiro (state),BRRJ,,BRA.19_1,273909.0,4743.0,17087537.0,4243.571428571428
8afaf004,2020-10-25,299380,20203,274874.0,813560.0,,,,,,,3.0,2.0,-2.0,-2.0,-1.0,0.0,-2.0,3.0,2.0,2.0,0.0,4.0,0.0,1.0,58.07,61.57,53.87,87.5,2,Brazil,Rio de Janeiro,,-22.06694317,-42.0633655677008,17366189,BRA,BR,76,BRL,33,ChIJw4riypQYmAAR0IMFwRrDSQM,Rio de Janeiro (state),BRRJ,,BRA.19_1,274874.0,4303.0,17087012.0,4269.571428571428
8afaf004,2020-10-26,302746,20213,278383.0,813560.0,,,,,,,3.0,2.0,-2.0,-2.0,-1.0,0.0,-2.0,3.0,2.0,2.0,0.0,4.0,0.0,1.0,58.07,61.57,53.87,87.5,2,Brazil,Rio de Janeiro,,-22.06694317,-42.0633655677008,17366189,BRA,BR,76,BRL,33,ChIJw4riypQYmAAR0IMFwRrDSQM,Rio de Janeiro (state),BRRJ,,BRA.19_1,278383.0,4150.0,17083656.0,4276.142857142857
8afaf004,2020-10-27,304906,20292,279709.0,813560.0,,,,,,,3.0,2.0,-2.0,-2.0,-1.0,0.0,-2.0,3.0,2.0,2.0,0.0,4.0,0.0,1.0,58.07,61.57,53.87,87.5,2,Brazil,Rio de Janeiro,,-22.06694317,-42.0633655677008,17366189,BRA,BR,76,BRL,33,ChIJw4riypQYmAAR0IMFwRrDSQM,Rio de Janeiro (state),BRRJ,,BRA.19_1,279709.0,4905.0,17081575.0,4395.857142857143
8afaf004,2020-10-28,306672,20376,281259.0,813560.0,,,,,,,3.0,2.0,1.0,-2.0,-1.0,0.0,-2.0,3.0,2.0,2.0,0.0,4.0,0.0,1.0,56.51,58.8,52.08,87.5,2,Brazil,Rio de Janeiro,,-22.06694317,-42.0633655677008,17366189,BRA,BR,76,BRL,33,ChIJw4riypQYmAAR0IMFwRrDSQM,Rio de Janeiro (state),BRRJ,,BRA.19_1,281259.0,5037.0,17079893.0,4523.285714285715
8afaf004,2020-10-29,308017,20462,282341.0,813560.0,,,,,,,3.0,2.0,1.0,-2.0,-1.0,0.0,-2.0,3.0,2.0,2.0,0.0,4.0,0.0,1.0,56.51,58.8,52.08,87.5,2,Brazil,Rio de Janeiro,,-22.06694317,-42.0633655677008,17366189,BRA,BR,76,BRL,33,ChIJw4riypQYmAAR0IMFwRrDSQM,Rio de Janeiro (state),BRRJ,,BRA.19_1,282341.0,5214.0,17078634.0,4671.571428571428
8afaf004,2020-10-30,309496,20565,283728.0,813560.0,,,,,,,3.0,2.0,1.0,-2.0,-1.0,0.0,-2.0,3.0,2.0,2.0,0.0,4.0,0.0,1.0,56.51,58.8,52.08,87.5,2,Brazil,Rio de Janeiro,,-22.06694317,-42.0633655677008,17366189,BRA,BR,76,BRL,33,ChIJw4riypQYmAAR0IMFwRrDSQM,Rio de Janeiro (state),BRRJ,,BRA.19_1,283728.0,5203.0,17077258.0,4793.571428571428
8afaf004,2020-10-31,309977,20600,284398.0,1761024.0,,,,,,,3.0,2.0,1.0,-2.0,-1.0,0.0,-2.0,3.0,2.0,2.0,0.0,4.0,0.0,1.0,53.39,58.8,52.08,62.5,2,Brazil,Rio de Janeiro,,-22.06694317,-42.0633655677008,17366189,BRA,BR,76,BRL,33,ChIJw4riypQYmAAR0IMFwRrDSQM,Rio de Janeiro (state),BRRJ,,BRA.19_1,284398.0,4979.0,17076812.0,4827.285714285715
8afaf004,2020-11-01,311014,20611,285592.0,1761024.0,,,,,,,3.0,2.0,1.0,-2.0,-1.0,0.0,-2.0,3.0,2.0,2.0,0.0,4.0,0.0,1.0,53.39,58.8,52.08,62.5,2,Brazil,Rio de Janeiro,,-22.06694317,-42.0633655677008,17366189,BRA,BR,76,BRL,33,ChIJw4riypQYmAAR0IMFwRrDSQM,Rio de Janeiro (state),BRRJ,,BRA.19_1,285592.0,4811.0,17075786.0,4899.857142857143
8afaf004,2020-11-02,311308,20636,286181.0,1761024.0,,,,,,,3.0,2.0,1.0,-2.0,-1.0,0.0,-2.0,3.0,2.0,2.0,0.0,4.0,0.0,1.0,53.39,58.8,52.08,62.5,2,Brazil,Rio de Janeiro,,-22.06694317,-42.0633655677008,17366189,BRA,BR,76,BRL,33,ChIJw4riypQYmAAR0IMFwRrDSQM,Rio de Janeiro (state),BRRJ,,BRA.19_1,286181.0,4491.0,17075517.0,4948.571428571428
8afaf004,2020-11-03,313089,20651,288359.0,1761024.0,,,,,,,3.0,2.0,1.0,-2.0,-1.0,0.0,-2.0,3.0,2.0,2.0,0.0,4.0,0.0,1.0,53.39,58.8,52.08,62.5,2,Brazil,Rio de Janeiro,,-22.06694317,-42.0633655677008,17366189,BRA,BR,76,BRL,33,ChIJw4riypQYmAAR0IMFwRrDSQM,Rio de Janeiro (state),BRRJ,,BRA.19_1,288359.0,4079.0,17073751.0,4830.571428571428
8afaf004,2020-11-04,313089,20759,289167.0,1761024.0,,,,,,,3.0,2.0,1.0,-2.0,-1.0,0.0,-2.0,3.0,2.0,2.0,0.0,4.0,0.0,1.0,53.39,58.8,52.08,62.5,2,Brazil,Rio de Janeiro,,-22.06694317,-42.0633655677008,17366189,BRA,BR,76,BRL,33,ChIJw4riypQYmAAR0IMFwRrDSQM,Rio de Janeiro (state),BRRJ,,BRA.19_1,289167.0,3163.0,17073859.0,4562.857142857143
8afaf004,2020-11-05,313843,20849,289214.0,1761024.0,,,,,,,3.0,2.0,1.0,-2.0,-1.0,0.0,-2.0,3.0,2.0,2.0,0.0,4.0,0.0,1.0,53.39,58.8,52.08,62.5,2,Brazil,Rio de Janeiro,,-22.06694317,-42.0633655677008,17366189,BRA,BR,76,BRL,33,ChIJw4riypQYmAAR0IMFwRrDSQM,Rio de Janeiro (state),BRRJ,,BRA.19_1,289214.0,3780.0,17073195.0,4358.0
8afaf004,2020-11-06,314809,20849,290151.0,1761024.0,,,,,,,3.0,-2.0,1.0,-2.0,-1.0,0.0,-2.0,3.0,2.0,2.0,0.0,4.0,0.0,1.0,52.34,56.94,50.89,62.5,2,Brazil,Rio de Janeiro,,-22.06694317,-42.0633655677008,17366189,BRA,BR,76,BRL,33,ChIJw4riypQYmAAR0IMFwRrDSQM,Rio de Janeiro (state),BRRJ,,BRA.19_1,290151.0,3809.0,17072229.0,4158.857142857143
8afaf004,2020-11-07,315348,20905,290996.0,1761024.0,,,,,,,3.0,-2.0,1.0,-2.0,-1.0,0.0,-2.0,3.0,2.0,2.0,0.0,4.0,0.0,1.0,52.34,56.94,50.89,62.5,2,Brazil,Rio de Janeiro,,-22.06694317,-42.0633655677008,17366189,BRA,BR,76,BRL,33,ChIJw4riypQYmAAR0IMFwRrDSQM,Rio de Janeiro (state),BRRJ,,BRA.19_1,290996.0,3447.0,17071746.0,3940.0
8afaf004,2020-11-08,316170,20905,290866.0,1761024.0,,,,,,,3.0,-2.0,1.0,-2.0,-1.0,0.0,-2.0,3.0,2.0,2.0,0.0,4.0,0.0,1.0,52.34,56.94,50.89,62.5,2,Brazil,Rio de Janeiro,,-22.06694317,-42.0633655677008,17366189,BRA,BR,76,BRL,33,ChIJw4riypQYmAAR0IMFwRrDSQM,Rio de Janeiro (state),BRRJ,,BRA.19_1,290866.0,4399.0,17070924.0,3881.1428571428573
8afaf004,2020-11-09,316575,20905,291505.0,1761024.0,,,,,,,3.0,-2.0,1.0,-2.0,-1.0,0.0,-2.0,3.0,2.0,2.0,0.0,4.0,0.0,1.0,52.34,56.94,50.89,62.5,2,Brazil,Rio de Janeiro,,-22.06694317,-42.0633655677008,17366189,BRA,BR,76,BRL,33,ChIJw4riypQYmAAR0IMFwRrDSQM,Rio de Janeiro (state),BRRJ,,BRA.19_1,291505.0,4165.0,17070519.0,3834.5714285714284
8afaf004,2020-11-10,318953,20905,293506.0,1761024.0,,,,,,,3.0,-2.0,1.0,-2.0,-1.0,0.0,-2.0,3.0,2.0,2.0,0.0,4.0,0.0,1.0,52.34,56.94,50.89,62.5,2,Brazil,Rio de Janeiro,,-22.06694317,-42.0633655677008,17366189,BRA,BR,76,BRL,33,ChIJw4riypQYmAAR0IMFwRrDSQM,Rio de Janeiro (state),BRRJ,,BRA.19_1,293506.0,4542.0,17068141.0,3900.714285714286
8afaf004,2020-11-11,320598,20970,295009.0,1761024.0,,,,,,,3.0,-2.0,1.0,-2.0,-1.0,0.0,-2.0,3.0,2.0,2.0,0.0,4.0,0.0,1.0,52.34,56.94,50.89,62.5,2,Brazil,Rio de Janeiro,,-22.06694317,-42.0633655677008,17366189,BRA,BR,76,BRL,33,ChIJw4riypQYmAAR0IMFwRrDSQM,Rio de Janeiro (state),BRRJ,,BRA.19_1,295009.0,4619.0,17066561.0,4108.714285714285
8afaf004,2020-11-12,322383,21090,296636.0,1761024.0,,,,,,,3.0,-2.0,1.0,-2.0,-1.0,0.0,-2.0,4.0,2.0,2.0,0.0,4.0,0.0,1.0,53.91,59.72,52.68,62.5,2,Brazil,Rio de Janeiro,,-22.06694317,-42.0633655677008,17366189,BRA,BR,76,BRL,33,ChIJw4riypQYmAAR0IMFwRrDSQM,Rio de Janeiro (state),BRRJ,,BRA.19_1,296636.0,4657.0,17064896.0,4234.0
8afaf004,2020-11-13,323006,21162,297514.0,1761024.0,,,,,,,3.0,-2.0,1.0,-2.0,-1.0,0.0,-2.0,4.0,2.0,2.0,0.0,4.0,0.0,1.0,53.91,59.72,52.68,62.5,2,Brazil,Rio de Janeiro,,-22.06694317,-42.0633655677008,17366189,BRA,BR,76,BRL,33,ChIJw4riypQYmAAR0IMFwRrDSQM,Rio de Janeiro (state),BRRJ,,BRA.19_1,297514.0,4330.0,17064345.0,4308.428571428572
8afaf004,2020-11-14,326645,21284,297514.0,1761024.0,,,,,,,3.0,-2.0,1.0,-2.0,-1.0,0.0,-2.0,4.0,2.0,2.0,0.0,4.0,0.0,1.0,53.91,59.72,52.68,62.5,2,Brazil,Rio de Janeiro,,-22.06694317,-42.0633655677008,17366189,BRA,BR,76,BRL,33,ChIJw4riypQYmAAR0IMFwRrDSQM,Rio de Janeiro (state),BRRJ,,BRA.19_1,297514.0,7847.0,17060828.0,4937.0
8afaf004,2020-11-15,326956,21294,297514.0,1761024.0,,,,,,,3.0,-2.0,1.0,-2.0,-1.0,0.0,-2.0,4.0,2.0,2.0,0.0,4.0,0.0,1.0,53.91,59.72,52.68,62.5,2,Brazil,Rio de Janeiro,,-22.06694317,-42.0633655677008,17366189,BRA,BR,76,BRL,33,ChIJw4riypQYmAAR0IMFwRrDSQM,Rio de Janeiro (state),BRRJ,,BRA.19_1,297514.0,8148.0,17060527.0,5472.571428571428
8afaf004,2020-11-16,327455,21301,301317.0,1761024.0,,,,,,,3.0,-2.0,1.0,-2.0,-1.0,0.0,-2.0,4.0,2.0,2.0,0.0,4.0,0.0,1.0,53.91,59.72,52.68,62.5,2,Brazil,Rio de Janeiro,,-22.06694317,-42.0633655677008,17366189,BRA,BR,76,BRL,33,ChIJw4riypQYmAAR0IMFwRrDSQM,Rio de Janeiro (state),BRRJ,,BRA.19_1,301317.0,4837.0,17060035.0,5568.571428571428
8afaf004,2020-11-17,330009,21474,302941.0,1761024.0,,,,,,,3.0,-2.0,1.0,-2.0,-1.0,0.0,-2.0,4.0,2.0,2.0,0.0,4.0,0.0,1.0,53.91,59.72,52.68,62.5,2,Brazil,Rio de Janeiro,,-22.06694317,-42.0633655677008,17366189,BRA,BR,76,BRL,33,ChIJw4riypQYmAAR0IMFwRrDSQM,Rio de Janeiro (state),BRRJ,,BRA.19_1,302941.0,5594.0,17057654.0,5718.857142857143
8afaf004,2020-11-18,332396,21698,304705.0,1761024.0,,,,,,,3.0,-2.0,1.0,-2.0,-1.0,0.0,-2.0,4.0,2.0,2.0,0.0,4.0,0.0,1.0,53.91,59.72,52.68,62.5,2,Brazil,Rio de Janeiro,,-22.06694317,-42.0633655677008,17366189,BRA,BR,76,BRL,33,ChIJw4riypQYmAAR0IMFwRrDSQM,Rio de Janeiro (state),BRRJ,,BRA.19_1,304705.0,5993.0,17055491.0,5915.142857142857
8afaf004,2020-11-19,334514,21806,306463.0,1761024.0,,,,,,,3.0,-2.0,-2.0,-2.0,-1.0,0.0,-2.0,4.0,2.0,2.0,0.0,4.0,0.0,1.0,55.47,62.5,54.46,62.5,2,Brazil,Rio de Janeiro,,-22.06694317,-42.0633655677008,17366189,BRA,BR,76,BRL,33,ChIJw4riypQYmAAR0IMFwRrDSQM,Rio de Janeiro (state),BRRJ,,BRA.19_1,306463.0,6245.0,17053481.0,6142.0
8afaf004,2020-11-20,336915,21938,308297.0,1761024.0,,,,,,,3.0,-2.0,-2.0,-2.0,-1.0,0.0,-2.0,4.0,2.0,2.0,0.0,4.0,0.0,1.0,55.47,62.5,54.46,62.5,2,Brazil,Rio de Janeiro,,-22.06694317,-42.0633655677008,17366189,BRA,BR,76,BRL,33,ChIJw4riypQYmAAR0IMFwRrDSQM,Rio de Janeiro (state),BRRJ,,BRA.19_1,308297.0,6680.0,17051212.0,6477.714285714285
8afaf004,2020-11-21,337277,21971,308297.0,1761024.0,,,,,,,3.0,-2.0,-2.0,-2.0,-1.0,0.0,-2.0,4.0,2.0,2.0,0.0,4.0,0.0,1.0,55.47,62.5,54.46,62.5,2,Brazil,Rio de Janeiro,,-22.06694317,-42.0633655677008,17366189,BRA,BR,76,BRL,33,ChIJw4riypQYmAAR0IMFwRrDSQM,Rio de Janeiro (state),BRRJ,,BRA.19_1,308297.0,7009.0,17050883.0,6358.0
8afaf004,2020-11-22,338203,21974,309320.0,1761024.0,,,,,,,3.0,-2.0,-2.0,-2.0,-1.0,0.0,-2.0,4.0,2.0,2.0,0.0,4.0,0.0,1.0,55.47,62.5,54.46,62.5,2,Brazil,Rio de Janeiro,,-22.06694317,-42.0633655677008,17366189,BRA,BR,76,BRL,33,ChIJw4riypQYmAAR0IMFwRrDSQM,Rio de Janeiro (state),BRRJ,,BRA.19_1,309320.0,6909.0,17049960.0,6181.0
8afaf004,2020-11-23,338688,22028,311273.0,1761024.0,,,,,,,3.0,-2.0,-2.0,-2.0,-1.0,0.0,-2.0,4.0,2.0,2.0,0.0,4.0,0.0,1.0,55.47,62.5,54.46,62.5,2,Brazil,Rio de Janeiro,,-22.06694317,-42.0633655677008,17366189,BRA,BR,76,BRL,33,ChIJw4riypQYmAAR0IMFwRrDSQM,Rio de Janeiro (state),BRRJ,,BRA.19_1,311273.0,5387.0,17049529.0,6259.571428571428
8afaf004,2020-11-24,340833,22141,313028.0,1761024.0,,,,,,,3.0,-2.0,-2.0,-2.0,-1.0,0.0,-2.0,4.0,2.0,2.0,0.0,4.0,0.0,1.0,55.47,62.5,54.46,62.5,2,Brazil,Rio de Janeiro,,-22.06694317,-42.0633655677008,17366189,BRA,BR,76,BRL,33,ChIJw4riypQYmAAR0IMFwRrDSQM,Rio de Janeiro (state),BRRJ,,BRA.19_1,313028.0,5664.0,17047497.0,6269.571428571428
8afaf004,2020-11-25,343995,22256,315467.0,1761024.0,,,,,,,3.0,-2.0,-2.0,-2.0,-1.0,0.0,-2.0,4.0,2.0,2.0,0.0,4.0,0.0,1.0,55.47,62.5,54.46,62.5,2,Brazil,Rio de Janeiro,,-22.06694317,-42.0633655677008,17366189,BRA,BR,76,BRL,33,ChIJw4riypQYmAAR0IMFwRrDSQM,Rio de Janeiro (state),BRRJ,,BRA.19_1,315467.0,6272.0,17044450.0,6309.428571428572
8afaf004,2020-11-26,346024,22394,317198.0,1761024.0,,,,,,,3.0,-2.0,-2.0,-2.0,-1.0,0.0,-2.0,4.0,2.0,2.0,0.0,4.0,0.0,1.0,55.47,62.5,54.46,62.5,2,Brazil,Rio de Janeiro,,-22.06694317,-42.0633655677008,17366189,BRA,BR,76,BRL,33,ChIJw4riypQYmAAR0IMFwRrDSQM,Rio de Janeiro (state),BRRJ,,BRA.19_1,317198.0,6432.0,17042559.0,6336.142857142857
8afaf004,2020-11-27,347348,22448,318771.0,1761024.0,,,,,,,3.0,-2.0,-2.0,-2.0,-1.0,0.0,-2.0,4.0,2.0,2.0,0.0,4.0,0.0,1.0,55.47,62.5,54.46,62.5,2,Brazil,Rio de Janeiro,,-22.06694317,-42.0633655677008,17366189,BRA,BR,76,BRL,33,ChIJw4riypQYmAAR0IMFwRrDSQM,Rio de Janeiro (state),BRRJ,,BRA.19_1,318771.0,6129.0,17041289.0,6257.428571428572
8afaf004,2020-11-28,352760,22539,318771.0,1761024.0,,,,,,,3.0,-2.0,-2.0,-2.0,-1.0,0.0,-2.0,4.0,2.0,2.0,0.0,4.0,0.0,1.0,55.47,62.5,54.46,62.5,2,Brazil,Rio de Janeiro,,-22.06694317,-42.0633655677008,17366189,BRA,BR,76,BRL,33,ChIJw4riypQYmAAR0IMFwRrDSQM,Rio de Janeiro (state),BRRJ,,BRA.19_1,318771.0,11450.0,17035968.0,6891.857142857143
8afaf004,2020-11-29,353316,22561,318771.0,1761024.0,,,,,,,3.0,-2.0,-2.0,-2.0,-1.0,0.0,-2.0,4.0,2.0,2.0,0.0,4.0,0.0,1.0,55.47,62.5,54.46,62.5,2,Brazil,Rio de Janeiro,,-22.06694317,-42.0633655677008,17366189,BRA,BR,76,BRL,33,ChIJw4riypQYmAAR0IMFwRrDSQM,Rio de Janeiro (state),BRRJ,,BRA.19_1,318771.0,11984.0,17035434.0,7616.857142857143
8afaf004,2020-11-30,354354,22590,324949.0,1761024.0,,,,,,,3.0,-2.0,-2.0,-2.0,-1.0,0.0,-2.0,4.0,2.0,2.0,0.0,4.0,0.0,1.0,55.47,62.5,54.46,62.5,2,Brazil,Rio de Janeiro,,-22.06694317,-42.0633655677008,17366189,BRA,BR,76,BRL,33,ChIJw4riypQYmAAR0IMFwRrDSQM,Rio de Janeiro (state),BRRJ,,BRA.19_1,324949.0,6815.0,17034425.0,7820.857142857143
8afaf004,2020-12-01,357982,22683,327681.0,2054528.0,,,,,,,3.0,-2.0,-2.0,-2.0,-1.0,0.0,-2.0,4.0,2.0,2.0,0.0,4.0,0.0,1.0,55.47,62.5,54.46,62.5,2,Brazil,Rio de Janeiro,,-22.06694317,-42.0633655677008,17366189,BRA,BR,76,BRL,33,ChIJw4riypQYmAAR0IMFwRrDSQM,Rio de Janeiro (state),BRRJ,,BRA.19_1,327681.0,7618.0,17030890.0,8100.0
8afaf004,2020-12-02,361397,22764,330399.0,2054528.0,,,,,,,3.0,-2.0,-2.0,-2.0,-1.0,0.0,-2.0,4.0,2.0,2.0,0.0,4.0,0.0,1.0,55.47,62.5,54.46,62.5,2,Brazil,Rio de Janeiro,,-22.06694317,-42.0633655677008,17366189,BRA,BR,76,BRL,33,ChIJw4riypQYmAAR0IMFwRrDSQM,Rio de Janeiro (state),BRRJ,,BRA.19_1,330399.0,8234.0,17027556.0,8380.285714285714
8afaf004,2020-12-03,365185,22891,333327.0,2054528.0,,,,,,,3.0,-2.0,-2.0,-2.0,1.0,0.0,-2.0,4.0,2.0,2.0,0.0,4.0,0.0,1.0,57.03,65.28,56.25,62.5,2,Brazil,Rio de Janeiro,,-22.06694317,-42.0633655677008,17366189,BRA,BR,76,BRL,33,ChIJw4riypQYmAAR0IMFwRrDSQM,Rio de Janeiro (state),BRRJ,,BRA.19_1,333327.0,8967.0,17023895.0,8742.42857142857
8afaf004,2020-12-04,367641,23017,335673.0,2054528.0,,,,,,,3.0,-2.0,-2.0,-2.0,1.0,0.0,-2.0,4.0,2.0,2.0,0.0,4.0,0.0,1.0,57.03,65.28,56.25,62.5,2,Brazil,Rio de Janeiro,,-22.06694317,-42.0633655677008,17366189,BRA,BR,76,BRL,33,ChIJw4riypQYmAAR0IMFwRrDSQM,Rio de Janeiro (state),BRRJ,,BRA.19_1,335673.0,8951.0,17021565.0,9145.57142857143
8afaf004,2020-12-05,370267,23099,338506.0,2054528.0,,,,,,,3.0,-2.0,-2.0,-2.0,1.0,0.0,-2.0,4.0,2.0,2.0,0.0,4.0,0.0,1.0,57.03,65.28,56.25,62.5,2,Brazil,Rio de Janeiro,,-22.06694317,-42.0633655677008,17366189,BRA,BR,76,BRL,33,ChIJw4riypQYmAAR0IMFwRrDSQM,Rio de Janeiro (state),BRRJ,,BRA.19_1,338506.0,8662.0,17019021.0,8747.285714285714
8afaf004,2020-12-06,371075,23131,340032.0,2054528.0,,,,,,,3.0,-2.0,-2.0,-2.0,1.0,0.0,-2.0,4.0,2.0,2.0,0.0,4.0,0.0,1.0,57.03,65.28,56.25,62.5,2,Brazil,Rio de Janeiro,,-22.06694317,-42.0633655677008,17366189,BRA,BR,76,BRL,33,ChIJw4riypQYmAAR0IMFwRrDSQM,Rio de Janeiro (state),BRRJ,,BRA.19_1,340032.0,7912.0,17018245.0,8165.571428571428
8afaf004,2020-12-07,371376,23151,341305.0,2054528.0,,,,,,,3.0,-2.0,-2.0,-2.0,1.0,0.0,-2.0,4.0,2.0,2.0,0.0,4.0,0.0,1.0,57.03,65.28,56.25,62.5,2,Brazil,Rio de Janeiro,,-22.06694317,-42.0633655677008,17366189,BRA,BR,76,BRL,33,ChIJw4riypQYmAAR0IMFwRrDSQM,Rio de Janeiro (state),BRRJ,,BRA.19_1,341305.0,6920.0,17017964.0,8180.571428571428
8afaf004,2020-12-08,374753,23270,344192.0,2054528.0,,,,,,,3.0,-2.0,-2.0,-2.0,1.0,0.0,-2.0,4.0,2.0,2.0,0.0,4.0,0.0,1.0,57.03,65.28,56.25,62.5,2,Brazil,Rio de Janeiro,,-22.06694317,-42.0633655677008,17366189,BRA,BR,76,BRL,33,ChIJw4riypQYmAAR0IMFwRrDSQM,Rio de Janeiro (state),BRRJ,,BRA.19_1,344192.0,7291.0,17014706.0,8133.857142857143
8afaf004,2020-12-09,378084,23430,344192.0,2054528.0,,,,,,,3.0,-2.0,-2.0,-2.0,1.0,0.0,-2.0,4.0,2.0,2.0,0.0,4.0,0.0,1.0,57.03,65.28,56.25,62.5,2,Brazil,Rio de Janeiro,,-22.06694317,-42.0633655677008,17366189,BRA,BR,76,BRL,33,ChIJw4riypQYmAAR0IMFwRrDSQM,Rio de Janeiro (state),BRRJ,,BRA.19_1,344192.0,10462.0,17011535.0,8452.142857142857
8afaf004,2020-12-10,381644,23546,350334.0,2054528.0,,,,,,,3.0,-2.0,-2.0,-2.0,1.0,0.0,-2.0,4.0,2.0,2.0,0.0,4.0,0.0,1.0,57.03,65.28,56.25,62.5,2,Brazil,Rio de Janeiro,,-22.06694317,-42.0633655677008,17366189,BRA,BR,76,BRL,33,ChIJw4riypQYmAAR0IMFwRrDSQM,Rio de Janeiro (state),BRRJ,,BRA.19_1,350334.0,7764.0,17008091.0,8280.285714285714
8afaf004,2020-12-11,384942,23630,353207.0,2054528.0,,,,,,,3.0,-2.0,-2.0,-2.0,1.0,0.0,-2.0,4.0,2.0,2.0,0.0,4.0,0.0,1.0,57.03,65.28,56.25,62.5,2,Brazil,Rio de Janeiro,,-22.06694317,-42.0633655677008,17366189,BRA,BR,76,BRL,33,ChIJw4riypQYmAAR0IMFwRrDSQM,Rio de Janeiro (state),BRRJ,,BRA.19_1,353207.0,8105.0,17004877.0,8159.428571428572
8afaf004,2020-12-12,388431,23718,353207.0,2054528.0,,,,,,,3.0,-2.0,-2.0,-2.0,1.0,0.0,-2.0,4.0,2.0,2.0,0.0,4.0,0.0,1.0,57.03,65.28,56.25,62.5,2,Brazil,Rio de Janeiro,,-22.06694317,-42.0633655677008,17366189,BRA,BR,76,BRL,33,ChIJw4riypQYmAAR0IMFwRrDSQM,Rio de Janeiro (state),BRRJ,,BRA.19_1,353207.0,11506.0,17001476.0,8565.714285714286
8afaf004,2020-12-13,389125,23722,357824.0,2054528.0,,,,,,,3.0,-2.0,-2.0,-2.0,1.0,0.0,-2.0,4.0,2.0,2.0,0.0,4.0,0.0,1.0,57.03,65.28,56.25,62.5,2,Brazil,Rio de Janeiro,,-22.06694317,-42.0633655677008,17366189,BRA,BR,76,BRL,33,ChIJw4riypQYmAAR0IMFwRrDSQM,Rio de Janeiro (state),BRRJ,,BRA.19_1,357824.0,7579.0,17000786.0,8518.142857142857
8afaf004,2020-12-14,389893,23740,359165.0,2054528.0,,,,,,,3.0,-2.0,-2.0,-2.0,1.0,0.0,-2.0,4.0,2.0,2.0,0.0,4.0,0.0,1.0,57.03,65.28,56.25,62.5,2,Brazil,Rio de Janeiro,,-22.06694317,-42.0633655677008,17366189,BRA,BR,76,BRL,33,ChIJw4riypQYmAAR0IMFwRrDSQM,Rio de Janeiro (state),BRRJ,,BRA.19_1,359165.0,6988.0,17000036.0,8527.857142857143
8afaf004,2020-12-15,391350,23887,361293.0,2054528.0,,,,,,,3.0,-2.0,-2.0,-2.0,1.0,0.0,-2.0,4.0,2.0,2.0,0.0,4.0,0.0,1.0,57.03,65.28,56.25,62.5,2,Brazil,Rio de Janeiro,,-22.06694317,-42.0633655677008,17366189,BRA,BR,76,BRL,33,ChIJw4riypQYmAAR0IMFwRrDSQM,Rio de Janeiro (state),BRRJ,,BRA.19_1,361293.0,6170.0,16998726.0,8367.714285714286
8afaf004,2020-12-16,395386,24109,364580.0,2054528.0,,,,,,,3.0,-2.0,-2.0,-2.0,1.0,0.0,-2.0,4.0,2.0,2.0,0.0,4.0,0.0,1.0,57.03,65.28,56.25,62.5,2,Brazil,Rio de Janeiro,,-22.06694317,-42.0633655677008,17366189,BRA,BR,76,BRL,33,ChIJw4riypQYmAAR0IMFwRrDSQM,Rio de Janeiro (state),BRRJ,,BRA.19_1,364580.0,6697.0,16994912.0,7829.857142857143
8afaf004,2020-12-17,398879,24204,367923.0,2054528.0,,,,,,,3.0,-2.0,-2.0,-2.0,1.0,0.0,-2.0,4.0,2.0,2.0,0.0,4.0,0.0,1.0,57.03,65.28,56.25,62.5,2,Brazil,Rio de Janeiro,,-22.06694317,-42.0633655677008,17366189,BRA,BR,76,BRL,33,ChIJw4riypQYmAAR0IMFwRrDSQM,Rio de Janeiro (state),BRRJ,,BRA.19_1,367923.0,6752.0,16991514.0,7685.285714285715
8afaf004,2020-12-18,402480,24351,367923.0,2054528.0,,,,,,,3.0,-2.0,-2.0,-2.0,1.0,0.0,-2.0,4.0,2.0,2.0,0.0,4.0,0.0,1.0,57.03,65.28,56.25,62.5,2,Brazil,Rio de Janeiro,,-22.06694317,-42.0633655677008,17366189,BRA,BR,76,BRL,33,ChIJw4riypQYmAAR0IMFwRrDSQM,Rio de Janeiro (state),BRRJ,,BRA.19_1,367923.0,10206.0,16988060.0,7985.428571428572
8afaf004,2020-12-19,403660,24454,372768.0,2054528.0,,,,,,,3.0,-2.0,-2.0,-2.0,1.0,0.0,-2.0,4.0,2.0,2.0,0.0,4.0,0.0,1.0,57.03,65.28,56.25,62.5,2,Brazil,Rio de Janeiro,,-22.06694317,-42.0633655677008,17366189,BRA,BR,76,BRL,33,ChIJw4riypQYmAAR0IMFwRrDSQM,Rio de Janeiro (state),BRRJ,,BRA.19_1,372768.0,6438.0,16986983.0,7261.428571428572
8afaf004,2020-12-20,406820,24473,372768.0,2054528.0,,,,,,,3.0,-2.0,-2.0,-2.0,1.0,0.0,-2.0,4.0,2.0,2.0,0.0,4.0,0.0,1.0,57.03,65.28,56.25,62.5,2,Brazil,Rio de Janeiro,,-22.06694317,-42.0633655677008,17366189,BRA,BR,76,BRL,33,ChIJw4riypQYmAAR0IMFwRrDSQM,Rio de Janeiro (state),BRRJ,,BRA.19_1,372768.0,9579.0,16983842.0,7547.142857142857
8afaf004,2020-12-21,407575,24479,377071.0,2054528.0,,,,,,,3.0,-2.0,-2.0,-2.0,1.0,0.0,-2.0,4.0,2.0,2.0,0.0,4.0,0.0,1.0,57.03,65.28,56.25,62.5,2,Brazil,Rio de Janeiro,,-22.06694317,-42.0633655677008,17366189,BRA,BR,76,BRL,33,ChIJw4riypQYmAAR0IMFwRrDSQM,Rio de Janeiro (state),BRRJ,,BRA.19_1,377071.0,6025.0,16983093.0,7409.571428571428
8afaf004,2020-12-22,411369,24594,380338.0,2054528.0,,,,,,,3.0,-2.0,-2.0,-2.0,1.0,0.0,-2.0,4.0,2.0,2.0,0.0,4.0,0.0,1.0,57.03,65.28,56.25,62.5,2,Brazil,Rio de Janeiro,,-22.06694317,-42.0633655677008,17366189,BRA,BR,76,BRL,33,ChIJw4riypQYmAAR0IMFwRrDSQM,Rio de Janeiro (state),BRRJ,,BRA.19_1,380338.0,6437.0,16979414.0,7447.714285714285
8afaf004,2020-12-23,414344,24773,380338.0,2054528.0,,,,,,,3.0,-2.0,-2.0,-2.0,1.0,0.0,-2.0,3.0,2.0,2.0,0.0,4.0,0.0,1.0,55.47,62.5,54.46,62.5,2,Brazil,Rio de Janeiro,,-22.06694317,-42.0633655677008,17366189,BRA,BR,76,BRL,33,ChIJw4riypQYmAAR0IMFwRrDSQM,Rio de Janeiro (state),BRRJ,,BRA.19_1,380338.0,9233.0,16976618.0,7810.0
8afaf004,2020-12-24,418543,24827,380338.0,2054528.0,,,,,,,3.0,-2.0,-2.0,-2.0,1.0,0.0,-2.0,3.0,2.0,2.0,0.0,4.0,0.0,1.0,55.47,62.5,54.46,62.5,2,Brazil,Rio de Janeiro,,-22.06694317,-42.0633655677008,17366189,BRA,BR,76,BRL,33,ChIJw4riypQYmAAR0IMFwRrDSQM,Rio de Janeiro (state),BRRJ,,BRA.19_1,380338.0,13378.0,16972473.0,8756.57142857143
8afaf004,2020-12-25,419146,24900,380338.0,2054528.0,,,,,,,3.0,-2.0,-2.0,-2.0,1.0,0.0,-2.0,3.0,2.0,2.0,0.0,4.0,0.0,1.0,55.47,62.5,54.46,62.5,2,Brazil,Rio de Janeiro,,-22.06694317,-42.0633655677008,17366189,BRA,BR,76,BRL,33,ChIJw4riypQYmAAR0IMFwRrDSQM,Rio de Janeiro (state),BRRJ,,BRA.19_1,380338.0,13908.0,16971943.0,9285.42857142857
8afaf004,2020-12-26,420075,24905,389775.0,2054528.0,,,,,,,3.0,-2.0,-2.0,-2.0,1.0,0.0,-2.0,3.0,2.0,2.0,0.0,4.0,0.0,1.0,55.47,62.5,54.46,62.5,2,Brazil,Rio de Janeiro,,-22.06694317,-42.0633655677008,17366189,BRA,BR,76,BRL,33,ChIJw4riypQYmAAR0IMFwRrDSQM,Rio de Janeiro (state),BRRJ,,BRA.19_1,389775.0,5395.0,16971019.0,9136.42857142857
8afaf004,2020-12-27,421069,24918,391223.0,2054528.0,,,,,,,3.0,-2.0,-2.0,-2.0,1.0,0.0,-2.0,3.0,2.0,2.0,0.0,4.0,0.0,1.0,55.47,62.5,54.46,62.5,2,Brazil,Rio de Janeiro,,-22.06694317,-42.0633655677008,17366189,BRA,BR,76,BRL,33,ChIJw4riypQYmAAR0IMFwRrDSQM,Rio de Janeiro (state),BRRJ,,BRA.19_1,391223.0,4928.0,16970038.0,8472.0
8afaf004,2020-12-28,421674,24942,392179.0,2313502.0,,,,,,,3.0,-2.0,-2.0,-2.0,1.0,0.0,-2.0,3.0,2.0,2.0,0.0,4.0,0.0,1.0,55.47,62.5,54.46,62.5,2,Brazil,Rio de Janeiro,,-22.06694317,-42.0633655677008,17366189,BRA,BR,76,BRL,33,ChIJw4riypQYmAAR0IMFwRrDSQM,Rio de Janeiro (state),BRRJ,,BRA.19_1,392179.0,4553.0,16969457.0,8261.714285714286
8afaf004,2020-12-29,426259,25078,396095.0,2313502.0,,,,,,,3.0,-2.0,-2.0,-2.0,1.0,0.0,-2.0,3.0,2.0,2.0,0.0,4.0,0.0,1.0,53.91,62.5,54.46,50.0,2,Brazil,Rio de Janeiro,,-22.06694317,-42.0633655677008,17366189,BRA,BR,76,BRL,33,ChIJw4riypQYmAAR0IMFwRrDSQM,Rio de Janeiro (state),BRRJ,,BRA.19_1,396095.0,5086.0,16965008.0,8068.714285714285
8afaf004,2020-12-30,428373,25303,398011.0,2313502.0,,,,,,,3.0,-2.0,-2.0,-2.0,1.0,0.0,-2.0,3.0,2.0,2.0,0.0,4.0,0.0,1.0,53.91,62.5,54.46,50.0,2,Brazil,Rio de Janeiro,,-22.06694317,-42.0633655677008,17366189,BRA,BR,76,BRL,33,ChIJw4riypQYmAAR0IMFwRrDSQM,Rio de Janeiro (state),BRRJ,,BRA.19_1,398011.0,5059.0,16963119.0,7472.428571428572
8afaf004,2020-12-31,434648,25530,397324.0,2313502.0,,,,,,,3.0,-2.0,-2.0,-2.0,1.0,0.0,-2.0,3.0,2.0,2.0,0.0,4.0,0.0,1.0,53.91,62.5,54.46,50.0,2,Brazil,Rio de Janeiro,,-22.06694317,-42.0633655677008,17366189,BRA,BR,76,BRL,33,ChIJw4riypQYmAAR0IMFwRrDSQM,Rio de Janeiro (state),BRRJ,,BRA.19_1,397324.0,11794.0,16957071.0,7246.142857142857
8afaf004,2021-01-01,435390,25600,397324.0,2313502.0,,,,,,,3.0,-2.0,-2.0,-2.0,1.0,0.0,-2.0,3.0,2.0,2.0,0.0,4.0,0.0,1.0,53.91,62.5,54.46,50.0,2,Brazil,Rio de Janeiro,,-22.06694317,-42.0633655677008,17366189,BRA,BR,76,BRL,33,ChIJw4riypQYmAAR0IMFwRrDSQM,Rio de Janeiro (state),BRRJ,,BRA.19_1,397324.0,12466.0,16956399.0,7040.142857142857
8afaf004,2021-01-02,435604,25608,405164.0,2313502.0,,,,,,,3.0,-2.0,-2.0,-2.0,1.0,0.0,-2.0,3.0,2.0,2.0,0.0,4.0,0.0,1.0,53.91,62.5,54.46,50.0,2,Brazil,Rio de Janeiro,,-22.06694317,-42.0633655677008,17366189,BRA,BR,76,BRL,33,ChIJw4riypQYmAAR0IMFwRrDSQM,Rio de Janeiro (state),BRRJ,,BRA.19_1,405164.0,4832.0,16956193.0,6959.714285714285
8afaf004,2021-01-03,435739,25616,406061.0,2313502.0,,,,,,,3.0,-2.0,-2.0,-2.0,1.0,0.0,-2.0,3.0,2.0,2.0,0.0,4.0,0.0,1.0,53.91,62.5,54.46,50.0,2,Brazil,Rio de Janeiro,,-22.06694317,-42.0633655677008,17366189,BRA,BR,76,BRL,33,ChIJw4riypQYmAAR0IMFwRrDSQM,Rio de Janeiro (state),BRRJ,,BRA.19_1,406061.0,4062.0,16956066.0,6836.0
8afaf004,2021-01-04,439345,25617,406718.0,2313502.0,,,,,,,-3.0,-2.0,-2.0,-2.0,1.0,0.0,-2.0,3.0,2.0,2.0,0.0,4.0,0.0,1.0,52.86,60.65,53.27,50.0,2,Brazil,Rio de Janeiro,,-22.06694317,-42.0633655677008,17366189,BRA,BR,76,BRL,33,ChIJw4riypQYmAAR0IMFwRrDSQM,Rio de Janeiro (state),BRRJ,,BRA.19_1,406718.0,7010.0,16952461.0,7187.0
8afaf004,2021-01-05,443607,25837,412436.0,2313502.0,,,,,,,-3.0,-2.0,-2.0,-2.0,1.0,0.0,-2.0,3.0,2.0,2.0,0.0,4.0,0.0,1.0,52.86,60.65,53.27,50.0,2,Brazil,Rio de Janeiro,,-22.06694317,-42.0633655677008,17366189,BRA,BR,76,BRL,33,ChIJw4riypQYmAAR0IMFwRrDSQM,Rio de Janeiro (state),BRRJ,,BRA.19_1,412436.0,5334.0,16948419.0,7222.428571428572
8afaf004,2021-01-06,448089,26068,416229.0,2313502.0,,,,,,,-3.0,-2.0,-2.0,-2.0,1.0,0.0,-2.0,3.0,2.0,2.0,0.0,4.0,0.0,1.0,52.86,60.65,53.27,50.0,2,Brazil,Rio de Janeiro,,-22.06694317,-42.0633655677008,17366189,BRA,BR,76,BRL,33,ChIJw4riypQYmAAR0IMFwRrDSQM,Rio de Janeiro (state),BRRJ,,BRA.19_1,416229.0,5792.0,16944168.0,7327.142857142857
8afaf004,2021-01-07,452758,26292,416229.0,2313502.0,,,,,,,-3.0,-2.0,-2.0,-2.0,1.0,0.0,-2.0,3.0,2.0,2.0,0.0,4.0,0.0,1.0,52.86,60.65,53.27,50.0,2,Brazil,Rio de Janeiro,,-22.06694317,-42.0633655677008,17366189,BRA,BR,76,BRL,33,ChIJw4riypQYmAAR0IMFwRrDSQM,Rio de Janeiro (state),BRRJ,,BRA.19_1,416229.0,10237.0,16939723.0,7104.714285714285
8afaf004,2021-01-08,454275,26480,421587.0,2313502.0,,,,,,,-3.0,-2.0,-2.0,-2.0,1.0,0.0,0.0,3.0,2.0,2.0,0.0,4.0,0.0,1.0,48.18,52.31,47.92,50.0,2,Brazil,Rio de Janeiro,,-22.06694317,-42.0633655677008,17366189,BRA,BR,76,BRL,33,ChIJw4riypQYmAAR0IMFwRrDSQM,Rio de Janeiro (state),BRRJ,,BRA.19_1,421587.0,6208.0,16938394.0,6210.714285714285
8afaf004,2021-01-09,459866,26704,426213.0,2313502.0,,,,,,,-3.0,-2.0,-2.0,-2.0,1.0,0.0,0.0,3.0,2.0,2.0,0.0,4.0,0.0,1.0,48.18,52.31,47.92,50.0,2,Brazil,Rio de Janeiro,,-22.06694317,-42.0633655677008,17366189,BRA,BR,76,BRL,33,ChIJw4riypQYmAAR0IMFwRrDSQM,Rio de Janeiro (state),BRRJ,,BRA.19_1,426213.0,6949.0,16933027.0,6513.142857142857
8afaf004,2021-01-10,460927,26749,427837.0,2313502.0,,,,,,,-3.0,-2.0,-2.0,-2.0,1.0,0.0,0.0,3.0,2.0,2.0,0.0,4.0,0.0,1.0,48.18,52.31,47.92,50.0,2,Brazil,Rio de Janeiro,,-22.06694317,-42.0633655677008,17366189,BRA,BR,76,BRL,33,ChIJw4riypQYmAAR0IMFwRrDSQM,Rio de Janeiro (state),BRRJ,,BRA.19_1,427837.0,6341.0,16932011.0,6838.714285714285
8afaf004,2021-01-11,461561,26771,428991.0,2313502.0,,,,,,,-3.0,-2.0,-2.0,-2.0,1.0,0.0,0.0,3.0,2.0,2.0,0.0,4.0,0.0,1.0,48.18,52.31,47.92,50.0,2,Brazil,Rio de Janeiro,,-22.06694317,-42.0633655677008,17366189,BRA,BR,76,BRL,33,ChIJw4riypQYmAAR0IMFwRrDSQM,Rio de Janeiro (state),BRRJ,,BRA.19_1,428991.0,5799.0,16931399.0,6665.714285714285
8afaf004,2021-01-12,465150,26976,428991.0,2313502.0,,,,,,,-3.0,-2.0,-2.0,-3.0,1.0,0.0,0.0,3.0,2.0,2.0,0.0,4.0,0.0,1.0,49.74,55.09,49.7,50.0,2,Brazil,Rio de Janeiro,,-22.06694317,-42.0633655677008,17366189,BRA,BR,76,BRL,33,ChIJw4riypQYmAAR0IMFwRrDSQM,Rio de Janeiro (state),BRRJ,,BRA.19_1,428991.0,9183.0,16928015.0,7215.571428571428
8afaf004,2021-01-13,469437,27241,435411.0,2313502.0,,,,,,,-3.0,-2.0,-2.0,-3.0,1.0,0.0,0.0,3.0,2.0,2.0,0.0,4.0,0.0,1.0,49.74,55.09,49.7,50.0,2,Brazil,Rio de Janeiro,,-22.06694317,-42.0633655677008,17366189,BRA,BR,76,BRL,33,ChIJw4riypQYmAAR0IMFwRrDSQM,Rio de Janeiro (state),BRRJ,,BRA.19_1,435411.0,6785.0,16923993.0,7357.428571428572
8afaf004,2021-01-14,473648,27441,438902.0,2313502.0,,,,,,,-3.0,-2.0,-2.0,-3.0,1.0,0.0,0.0,3.0,2.0,2.0,0.0,4.0,0.0,1.0,49.74,55.09,49.7,50.0,2,Brazil,Rio de Janeiro,,-22.06694317,-42.0633655677008,17366189,BRA,BR,76,BRL,33,ChIJw4riypQYmAAR0IMFwRrDSQM,Rio de Janeiro (state),BRRJ,,BRA.19_1,438902.0,7305.0,16919982.0,6938.571428571428
8afaf004,2021-01-15,477044,27591,441796.0,2313502.0,,,,,,,-3.0,-2.0,-2.0,-3.0,1.0,0.0,0.0,3.0,2.0,2.0,0.0,4.0,0.0,1.0,49.74,55.09,49.7,50.0,2,Brazil,Rio de Janeiro,,-22.06694317,-42.0633655677008,17366189,BRA,BR,76,BRL,33,ChIJw4riypQYmAAR0IMFwRrDSQM,Rio de Janeiro (state),BRRJ,,BRA.19_1,441796.0,7657.0,16916736.0,7145.571428571428
8afaf004,2021-01-16,481111,27755,445445.0,2313502.0,,,,,,,-3.0,-2.0,-2.0,-3.0,1.0,0.0,0.0,3.0,2.0,2.0,0.0,4.0,0.0,1.0,49.74,55.09,49.7,50.0,2,Brazil,Rio de Janeiro,,-22.06694317,-42.0633655677008,17366189,BRA,BR,76,BRL,33,ChIJw4riypQYmAAR0IMFwRrDSQM,Rio de Janeiro (state),BRRJ,,BRA.19_1,445445.0,7911.0,16912833.0,7283.0
8afaf004,2021-01-17,482058,27791,445445.0,2313502.0,,,,,,,-3.0,-2.0,-2.0,-3.0,1.0,0.0,0.0,3.0,2.0,2.0,0.0,4.0,0.0,1.0,49.74,55.09,49.7,50.0,2,Brazil,Rio de Janeiro,,-22.06694317,-42.0633655677008,17366189,BRA,BR,76,BRL,33,ChIJw4riypQYmAAR0IMFwRrDSQM,Rio de Janeiro (state),BRRJ,,BRA.19_1,445445.0,8822.0,16911922.0,7637.428571428572
8afaf004,2021-01-18,482431,27805,447079.0,2313502.0,2.0,2.0,,,,,-3.0,-2.0,-2.0,-3.0,1.0,0.0,0.0,3.0,2.0,2.0,0.0,4.0,3.0,1.0,52.86,55.09,53.27,50.0,2,Brazil,Rio de Janeiro,,-22.06694317,-42.0633655677008,17366189,BRA,BR,76,BRL,33,ChIJw4riypQYmAAR0IMFwRrDSQM,Rio de Janeiro (state),BRRJ,,BRA.19_1,447079.0,7547.0,16911563.0,7887.142857142857
8afaf004,2021-01-19,486806,28026,458775.0,2313502.0,203.0,203.0,,,,,-3.0,-2.0,-2.0,-3.0,1.0,0.0,0.0,3.0,2.0,2.0,0.0,4.0,3.0,1.0,52.86,55.09,53.27,50.0,2,Brazil,Rio de Janeiro,,-22.06694317,-42.0633655677008,17366189,BRA,BR,76,BRL,33,ChIJw4riypQYmAAR0IMFwRrDSQM,Rio de Janeiro (state),BRRJ,,BRA.19_1,458775.0,5.0,16907409.0,6576.0
8afaf004,2021-01-20,490821,28215,458775.0,2313502.0,31177.0,31177.0,,,,,-3.0,-2.0,-2.0,-3.0,1.0,0.0,0.0,3.0,2.0,2.0,0.0,4.0,3.0,1.0,52.86,55.09,53.27,50.0,2,Brazil,Rio de Janeiro,,-22.06694317,-42.0633655677008,17366189,BRA,BR,76,BRL,33,ChIJw4riypQYmAAR0IMFwRrDSQM,Rio de Janeiro (state),BRRJ,,BRA.19_1,458775.0,3831.0,16903583.0,6154.0
8afaf004,2021-01-21,494127,28440,458952.0,2313502.0,41427.0,41427.0,,,,,-3.0,-2.0,-2.0,-3.0,1.0,0.0,0.0,3.0,2.0,2.0,0.0,4.0,3.0,1.0,52.86,55.09,53.27,50.0,2,Brazil,Rio de Janeiro,,-22.06694317,-42.0633655677008,17366189,BRA,BR,76,BRL,33,ChIJw4riypQYmAAR0IMFwRrDSQM,Rio de Janeiro (state),BRRJ,,BRA.19_1,458952.0,6735.0,16900502.0,6072.571428571428
8afaf004,2021-01-22,494796,28592,460121.0,2313502.0,51319.0,51319.0,,,,,-3.0,-2.0,-2.0,-3.0,1.0,0.0,0.0,3.0,2.0,2.0,0.0,4.0,3.0,1.0,52.86,55.09,53.27,50.0,2,Brazil,Rio de Janeiro,,-22.06694317,-42.0633655677008,17366189,BRA,BR,76,BRL,33,ChIJw4riypQYmAAR0IMFwRrDSQM,Rio de Janeiro (state),BRRJ,,BRA.19_1,460121.0,6083.0,16899985.0,5847.714285714285
8afaf004,2021-01-23,500185,28812,460121.0,2313502.0,53144.0,53144.0,,,,,-3.0,-2.0,-2.0,-3.0,1.0,0.0,0.0,3.0,2.0,2.0,0.0,4.0,3.0,1.0,52.86,55.09,53.27,50.0,2,Brazil,Rio de Janeiro,,-22.06694317,-42.0633655677008,17366189,BRA,BR,76,BRL,33,ChIJw4riypQYmAAR0IMFwRrDSQM,Rio de Janeiro (state),BRRJ,,BRA.19_1,460121.0,11252.0,16894816.0,6325.0
8afaf004,2021-01-24,501202,28833,466309.0,2313502.0,53144.0,53144.0,,,,,-3.0,-2.0,-2.0,-3.0,1.0,0.0,0.0,3.0,2.0,2.0,0.0,4.0,3.0,1.0,52.86,55.09,53.27,50.0,2,Brazil,Rio de Janeiro,,-22.06694317,-42.0633655677008,17366189,BRA,BR,76,BRL,33,ChIJw4riypQYmAAR0IMFwRrDSQM,Rio de Janeiro (state),BRRJ,,BRA.19_1,466309.0,6060.0,16893820.0,5930.428571428572
8afaf004,2021-01-25,501436,28856,467366.0,2313502.0,117516.0,117516.0,,,,,-3.0,-2.0,-2.0,-3.0,1.0,0.0,0.0,3.0,2.0,2.0,0.0,4.0,3.0,1.0,52.86,55.09,53.27,50.0,2,Brazil,Rio de Janeiro,,-22.06694317,-42.0633655677008,17366189,BRA,BR,76,BRL,33,ChIJw4riypQYmAAR0IMFwRrDSQM,Rio de Janeiro (state),BRRJ,,BRA.19_1,467366.0,5214.0,16893609.0,5597.142857142857
8afaf004,2021-01-26,505596,29043,471277.0,2313502.0,134888.0,134888.0,,,,,-3.0,-2.0,-2.0,-3.0,1.0,0.0,0.0,3.0,2.0,2.0,0.0,4.0,3.0,1.0,52.86,55.09,53.27,50.0,2,Brazil,Rio de Janeiro,,-22.06694317,-42.0633655677008,17366189,BRA,BR,76,BRL,33,ChIJw4riypQYmAAR0IMFwRrDSQM,Rio de Janeiro (state),BRRJ,,BRA.19_1,471277.0,5276.0,16889636.0,6350.142857142857
8afaf004,2021-01-27,509113,29230,474601.0,2313502.0,166402.0,166402.0,,,,,-3.0,-2.0,-2.0,-3.0,1.0,0.0,0.0,3.0,2.0,2.0,0.0,4.0,3.0,1.0,52.86,55.09,53.27,50.0,2,Brazil,Rio de Janeiro,,-22.06694317,-42.0633655677008,17366189,BRA,BR,76,BRL,33,ChIJw4riypQYmAAR0IMFwRrDSQM,Rio de Janeiro (state),BRRJ,,BRA.19_1,474601.0,5282.0,16886306.0,6557.428571428572
8afaf004,2021-01-28,512791,29417,478004.0,2313502.0,166402.0,166402.0,,,,,-3.0,-2.0,-2.0,-3.0,1.0,0.0,0.0,3.0,2.0,2.0,0.0,4.0,3.0,1.0,52.86,55.09,53.27,50.0,2,Brazil,Rio de Janeiro,,-22.06694317,-42.0633655677008,17366189,BRA,BR,76,BRL,33,ChIJw4riypQYmAAR0IMFwRrDSQM,Rio de Janeiro (state),BRRJ,,BRA.19_1,478004.0,5370.0,16882815.0,6362.428571428572
8afaf004,2021-01-29,516868,29563,481788.0,2313502.0,183441.0,183441.0,,,,,-3.0,-2.0,-2.0,-3.0,1.0,0.0,0.0,3.0,2.0,2.0,0.0,4.0,3.0,1.0,52.86,55.09,53.27,50.0,2,Brazil,Rio de Janeiro,,-22.06694317,-42.0633655677008,17366189,BRA,BR,76,BRL,33,ChIJw4riypQYmAAR0IMFwRrDSQM,Rio de Janeiro (state),BRRJ,,BRA.19_1,481788.0,5517.0,16878884.0,6281.571428571428
8afaf004,2021-01-30,520730,29789,485339.0,2313502.0,183441.0,183441.0,,,,,-3.0,-2.0,-2.0,-3.0,1.0,0.0,0.0,3.0,2.0,2.0,0.0,4.0,3.0,1.0,52.86,55.09,53.27,50.0,2,Brazil,Rio de Janeiro,,-22.06694317,-42.0633655677008,17366189,BRA,BR,76,BRL,33,ChIJw4riypQYmAAR0IMFwRrDSQM,Rio de Janeiro (state),BRRJ,,BRA.19_1,485339.0,5602.0,16875248.0,5474.428571428572
8afaf004,2021-01-31,520967,29811,486179.0,2313502.0,183441.0,183441.0,,,,,-3.0,-2.0,-2.0,-3.0,1.0,0.0,0.0,3.0,2.0,2.0,0.0,4.0,3.0,1.0,52.86,55.09,53.27,50.0,2,Brazil,Rio de Janeiro,,-22.06694317,-42.0633655677008,17366189,BRA,BR,76,BRL,33,ChIJw4riypQYmAAR0IMFwRrDSQM,Rio de Janeiro (state),BRRJ,,BRA.19_1,486179.0,4977.0,16875033.0,5319.714285714285
8afaf004,2021-02-01,522998,29848,488340.0,2313502.0,183441.0,183441.0,,,,,-3.0,-2.0,-2.0,-3.0,1.0,0.0,0.0,3.0,2.0,2.0,0.0,4.0,3.0,1.0,52.86,55.09,53.27,50.0,2,Brazil,Rio de Janeiro,,-22.06694317,-42.0633655677008,17366189,BRA,BR,76,BRL,33,ChIJw4riypQYmAAR0IMFwRrDSQM,Rio de Janeiro (state),BRRJ,,BRA.19_1,488340.0,4810.0,16873039.0,5262.0
8afaf004,2021-02-02,526276,30004,491421.0,2313502.0,191877.0,191877.0,,,,,-3.0,-2.0,-2.0,-3.0,1.0,0.0,0.0,3.0,2.0,2.0,0.0,4.0,3.0,1.0,52.86,55.09,53.27,50.0,2,Brazil,Rio de Janeiro,,-22.06694317,-42.0633655677008,17366189,BRA,BR,76,BRL,33,ChIJw4riypQYmAAR0IMFwRrDSQM,Rio de Janeiro (state),BRRJ,,BRA.19_1,491421.0,4851.0,16869917.0,5201.285714285715
8afaf004,2021-02-03,529525,30172,494463.0,2313502.0,228285.0,228285.0,,,,,-3.0,-2.0,-2.0,-3.0,1.0,0.0,0.0,3.0,2.0,2.0,0.0,4.0,3.0,1.0,52.86,55.09,53.27,50.0,2,Brazil,Rio de Janeiro,,-22.06694317,-42.0633655677008,17366189,BRA,BR,76,BRL,33,ChIJw4riypQYmAAR0IMFwRrDSQM,Rio de Janeiro (state),BRRJ,,BRA.19_1,494463.0,4890.0,16866836.0,5145.285714285715
8afaf004,2021-02-04,532377,30354,497239.0,2313502.0,249033.0,249033.0,,,,,-3.0,-2.0,-2.0,-3.0,1.0,0.0,0.0,3.0,2.0,2.0,0.0,4.0,3.0,1.0,52.86,55.09,53.27,50.0,2,Brazil,Rio de Janeiro,,-22.06694317,-42.0633655677008,17366189,BRA,BR,76,BRL,33,ChIJw4riypQYmAAR0IMFwRrDSQM,Rio de Janeiro (state),BRRJ,,BRA.19_1,497239.0,4784.0,16864166.0,5061.571428571428
8afaf004,2021-02-05,535134,30545,499782.0,2313502.0,260034.0,260034.0,,,,,-3.0,-2.0,-2.0,-3.0,1.0,0.0,0.0,3.0,2.0,2.0,0.0,4.0,3.0,1.0,52.86,55.09,53.27,50.0,2,Brazil,Rio de Janeiro,,-22.06694317,-42.0633655677008,17366189,BRA,BR,76,BRL,33,ChIJw4riypQYmAAR0IMFwRrDSQM,Rio de Janeiro (state),BRRJ,,BRA.19_1,499782.0,4807.0,16861600.0,4960.142857142857
8afaf004,2021-02-06,537824,30596,499782.0,2313502.0,264110.0,264110.0,,,,,-3.0,-2.0,-2.0,-3.0,1.0,0.0,0.0,3.0,2.0,2.0,0.0,4.0,3.0,1.0,52.86,55.09,53.27,50.0,2,Brazil,Rio de Janeiro,,-22.06694317,-42.0633655677008,17366189,BRA,BR,76,BRL,33,ChIJw4riypQYmAAR0IMFwRrDSQM,Rio de Janeiro (state),BRRJ,,BRA.19_1,499782.0,7446.0,16858961.0,5223.571428571428
8afaf004,2021-02-07,537986,30597,499782.0,2313502.0,268214.0,268214.0,,,,,-3.0,-2.0,-2.0,-3.0,1.0,0.0,0.0,3.0,2.0,2.0,0.0,4.0,3.0,1.0,52.86,55.09,53.27,50.0,2,Brazil,Rio de Janeiro,,-22.06694317,-42.0633655677008,17366189,BRA,BR,76,BRL,33,ChIJw4riypQYmAAR0IMFwRrDSQM,Rio de Janeiro (state),BRRJ,,BRA.19_1,499782.0,7607.0,16858800.0,5599.285714285715
8afaf004,2021-02-08,540087,30700,499782.0,2313502.0,268214.0,268214.0,,,,,-3.0,-2.0,-2.0,-3.0,1.0,0.0,0.0,3.0,2.0,2.0,0.0,4.0,3.0,1.0,52.86,55.09,53.27,50.0,2,Brazil,Rio de Janeiro,,-22.06694317,-42.0633655677008,17366189,BRA,BR,76,BRL,33,ChIJw4riypQYmAAR0IMFwRrDSQM,Rio de Janeiro (state),BRRJ,,BRA.19_1,499782.0,9605.0,16856802.0,6284.285714285715
8afaf004,2021-02-09,541096,30792,506628.0,2313502.0,270001.0,270001.0,,,,,-3.0,-2.0,-2.0,-3.0,1.0,0.0,0.0,3.0,2.0,2.0,0.0,4.0,3.0,1.0,52.86,55.09,53.27,50.0,2,Brazil,Rio de Janeiro,,-22.06694317,-42.0633655677008,17366189,BRA,BR,76,BRL,33,ChIJw4riypQYmAAR0IMFwRrDSQM,Rio de Janeiro (state),BRRJ,,BRA.19_1,506628.0,3676.0,16855885.0,6116.428571428572
8afaf004,2021-02-10,547081,30950,511816.0,2313502.0,318493.0,318493.0,,,,,-3.0,-2.0,-2.0,-3.0,1.0,0.0,0.0,3.0,2.0,2.0,0.0,4.0,3.0,1.0,52.86,55.09,53.27,50.0,2,Brazil,Rio de Janeiro,,-22.06694317,-42.0633655677008,17366189,BRA,BR,76,BRL,33,ChIJw4riypQYmAAR0IMFwRrDSQM,Rio de Janeiro (state),BRRJ,,BRA.19_1,511816.0,4315.0,16850058.0,6034.285714285715
8afaf004,2021-02-11,549114,31134,511816.0,2313502.0,336508.0,336508.0,,,,,-3.0,-2.0,-2.0,-3.0,1.0,0.0,0.0,3.0,2.0,2.0,0.0,4.0,3.0,1.0,52.86,55.09,53.27,50.0,2,Brazil,Rio de Janeiro,,-22.06694317,-42.0633655677008,17366189,BRA,BR,76,BRL,33,ChIJw4riypQYmAAR0IMFwRrDSQM,Rio de Janeiro (state),BRRJ,,BRA.19_1,511816.0,6164.0,16848209.0,6231.428571428572
8afaf004,2021-02-12,551882,31283,516418.0,2313502.0,351045.0,351045.0,,,,,-3.0,-2.0,-2.0,-3.0,1.0,0.0,-1.0,3.0,2.0,2.0,0.0,4.0,3.0,1.0,54.43,57.87,55.06,50.0,2,Brazil,Rio de Janeiro,,-22.06694317,-42.0633655677008,17366189,BRA,BR,76,BRL,33,ChIJw4riypQYmAAR0IMFwRrDSQM,Rio de Janeiro (state),BRRJ,,BRA.19_1,516418.0,4181.0,16845590.0,6142.0
8afaf004,2021-02-13,554040,31383,518643.0,2313502.0,369696.0,369696.0,,,,,-3.0,-2.0,-2.0,-3.0,1.0,0.0,-1.0,3.0,2.0,2.0,0.0,4.0,3.0,1.0,54.43,57.87,55.06,50.0,2,Brazil,Rio de Janeiro,,-22.06694317,-42.0633655677008,17366189,BRA,BR,76,BRL,33,ChIJw4riypQYmAAR0IMFwRrDSQM,Rio de Janeiro (state),BRRJ,,BRA.19_1,518643.0,4014.0,16843532.0,5651.714285714285
8afaf004,2021-02-14,554835,31487,519564.0,2313502.0,370045.0,370045.0,,,,,-3.0,-2.0,-2.0,-3.0,1.0,0.0,-1.0,3.0,2.0,2.0,0.0,4.0,3.0,1.0,54.43,57.87,55.06,50.0,2,Brazil,Rio de Janeiro,,-22.06694317,-42.0633655677008,17366189,BRA,BR,76,BRL,33,ChIJw4riypQYmAAR0IMFwRrDSQM,Rio de Janeiro (state),BRRJ,,BRA.19_1,519564.0,3784.0,16842841.0,5105.571428571428
8afaf004,2021-02-15,555541,31512,520643.0,2313502.0,370045.0,370045.0,,,,,-3.0,-2.0,-2.0,-3.0,1.0,0.0,-1.0,3.0,2.0,2.0,0.0,4.0,3.0,1.0,54.43,57.87,55.06,50.0,2,Brazil,Rio de Janeiro,,-22.06694317,-42.0633655677008,17366189,BRA,BR,76,BRL,33,ChIJw4riypQYmAAR0IMFwRrDSQM,Rio de Janeiro (state),BRRJ,,BRA.19_1,520643.0,3386.0,16842160.0,4217.142857142857
8afaf004,2021-02-16,563926,31630,529210.0,2313502.0,405925.0,405925.0,,,,,-3.0,-2.0,-2.0,-3.0,1.0,0.0,-1.0,3.0,2.0,2.0,0.0,4.0,3.0,1.0,54.43,57.87,55.06,50.0,2,Brazil,Rio de Janeiro,,-22.06694317,-42.0633655677008,17366189,BRA,BR,76,BRL,33,ChIJw4riypQYmAAR0IMFwRrDSQM,Rio de Janeiro (state),BRRJ,,BRA.19_1,529210.0,3086.0,16833893.0,4132.857142857143
8afaf004,2021-02-17,564513,31701,530071.0,2313502.0,434988.0,405925.0,29063.0,,,,-3.0,-2.0,-2.0,-3.0,1.0,0.0,-1.0,3.0,2.0,2.0,0.0,4.0,3.0,1.0,54.43,57.87,55.06,50.0,2,Brazil,Rio de Janeiro,,-22.06694317,-42.0633655677008,17366189,BRA,BR,76,BRL,33,ChIJw4riypQYmAAR0IMFwRrDSQM,Rio de Janeiro (state),BRRJ,,BRA.19_1,530071.0,2741.0,16833377.0,3908.0
8afaf004,2021-02-18,566928,31882,532138.0,2313502.0,467826.0,418419.0,49407.0,,,,-3.0,-2.0,-2.0,-3.0,1.0,0.0,-1.0,3.0,2.0,2.0,0.0,4.0,3.0,1.0,54.43,57.87,55.06,50.0,2,Brazil,Rio de Janeiro,,-22.06694317,-42.0633655677008,17366189,BRA,BR,76,BRL,33,ChIJw4riypQYmAAR0IMFwRrDSQM,Rio de Janeiro (state),BRRJ,,BRA.19_1,532138.0,2908.0,16831143.0,3442.8571428571427
8afaf004,2021-02-19,569184,32045,532138.0,2313502.0,467826.0,418419.0,49407.0,,,,-3.0,-2.0,-2.0,-3.0,1.0,0.0,-1.0,3.0,2.0,2.0,0.0,4.0,3.0,1.0,54.43,57.87,55.06,50.0,2,Brazil,Rio de Janeiro,,-22.06694317,-42.0633655677008,17366189,BRA,BR,76,BRL,33,ChIJw4riypQYmAAR0IMFwRrDSQM,Rio de Janeiro (state),BRRJ,,BRA.19_1,532138.0,5001.0,16829050.0,3560.0
8afaf004,2021-02-20,571434,32167,535888.0,2313502.0,505292.0,425726.0,79566.0,,,,-3.0,-2.0,-2.0,-3.0,1.0,0.0,-1.0,3.0,2.0,2.0,0.0,4.0,3.0,1.0,54.43,57.87,55.06,50.0,2,Brazil,Rio de Janeiro,,-22.06694317,-42.0633655677008,17366189,BRA,BR,76,BRL,33,ChIJw4riypQYmAAR0IMFwRrDSQM,Rio de Janeiro (state),BRRJ,,BRA.19_1,535888.0,3379.0,16826922.0,3469.285714285714
8afaf004,2021-02-21,572007,32173,536670.0,2313502.0,508358.0,427482.0,80876.0,,,,-3.0,-2.0,-2.0,-3.0,1.0,0.0,-1.0,3.0,2.0,2.0,0.0,4.0,3.0,1.0,54.43,57.87,55.06,50.0,2,Brazil,Rio de Janeiro,,-22.06694317,-42.0633655677008,17366189,BRA,BR,76,BRL,33,ChIJw4riypQYmAAR0IMFwRrDSQM,Rio de Janeiro (state),BRRJ,,BRA.19_1,536670.0,3164.0,16826355.0,3380.714285714286
8afaf004,2021-02-22,572866,32256,536670.0,2313502.0,508358.0,427482.0,80876.0,,,,-3.0,-2.0,-2.0,-3.0,1.0,0.0,-1.0,3.0,2.0,2.0,0.0,4.0,3.0,1.0,54.43,57.87,55.06,50.0,2,Brazil,Rio de Janeiro,,-22.06694317,-42.0633655677008,17366189,BRA,BR,76,BRL,33,ChIJw4riypQYmAAR0IMFwRrDSQM,Rio de Janeiro (state),BRRJ,,BRA.19_1,536670.0,3940.0,16825579.0,3459.8571428571427
8afaf004,2021-02-23,573275,32403,538126.0,2313502.0,513218.0,430751.0,82467.0,,,,-3.0,-2.0,-2.0,-3.0,1.0,0.0,0.0,3.0,2.0,2.0,0.0,4.0,3.0,1.0,52.86,55.09,53.27,50.0,2,Brazil,Rio de Janeiro,,-22.06694317,-42.0633655677008,17366189,BRA,BR,76,BRL,33,ChIJw4riypQYmAAR0IMFwRrDSQM,Rio de Janeiro (state),BRRJ,,BRA.19_1,538126.0,2746.0,16825317.0,3411.285714285714
8afaf004,2021-02-24,577183,32574,538126.0,2313502.0,543705.0,436731.0,106974.0,,,,-3.0,-2.0,-2.0,-3.0,1.0,0.0,0.0,3.0,2.0,2.0,0.0,4.0,3.0,1.0,52.86,55.09,53.27,50.0,2,Brazil,Rio de Janeiro,,-22.06694317,-42.0633655677008,17366189,BRA,BR,76,BRL,33,ChIJw4riypQYmAAR0IMFwRrDSQM,Rio de Janeiro (state),BRRJ,,BRA.19_1,538126.0,6483.0,16821580.0,3945.8571428571427
8afaf004,2021-02-25,579118,32771,542702.0,2313502.0,561434.0,451153.0,110281.0,,,,-3.0,-2.0,-2.0,-3.0,1.0,0.0,0.0,3.0,2.0,2.0,0.0,4.0,3.0,1.0,52.86,55.09,53.27,50.0,2,Brazil,Rio de Janeiro,,-22.06694317,-42.0633655677008,17366189,BRA,BR,76,BRL,33,ChIJw4riypQYmAAR0IMFwRrDSQM,Rio de Janeiro (state),BRRJ,,BRA.19_1,542702.0,3645.0,16819842.0,4051.1428571428573
8afaf004,2021-02-26,579542,32909,542754.0,2313502.0,569994.0,457108.0,112886.0,,,,-3.0,-2.0,-2.0,-3.0,1.0,0.0,0.0,3.0,2.0,2.0,0.0,4.0,3.0,1.0,52.86,55.09,53.27,50.0,2,Brazil,Rio de Janeiro,,-22.06694317,-42.0633655677008,17366189,BRA,BR,76,BRL,33,ChIJw4riypQYmAAR0IMFwRrDSQM,Rio de Janeiro (state),BRRJ,,BRA.19_1,542754.0,3879.0,16819556.0,3890.8571428571427
8afaf004,2021-02-27,582164,33035,544854.0,2313502.0,627588.0,499853.0,127735.0,,,,-3.0,-2.0,-2.0,-3.0,1.0,0.0,0.0,3.0,2.0,2.0,0.0,4.0,3.0,1.0,52.86,55.09,53.27,50.0,2,Brazil,Rio de Janeiro,,-22.06694317,-42.0633655677008,17366189,BRA,BR,76,BRL,33,ChIJw4riypQYmAAR0IMFwRrDSQM,Rio de Janeiro (state),BRRJ,,BRA.19_1,544854.0,4275.0,16817060.0,4018.8571428571427
8afaf004,2021-02-28,583044,33080,545855.0,2313502.0,627588.0,499853.0,127735.0,,,,-3.0,-2.0,-2.0,-3.0,1.0,0.0,0.0,3.0,2.0,2.0,0.0,4.0,3.0,1.0,52.86,55.09,53.27,50.0,2,Brazil,Rio de Janeiro,,-22.06694317,-42.0633655677008,17366189,BRA,BR,76,BRL,33,ChIJw4riypQYmAAR0IMFwRrDSQM,Rio de Janeiro (state),BRRJ,,BRA.19_1,545855.0,4109.0,16816225.0,4153.857142857143
8afaf004,2021-03-01,583795,33093,546695.0,2313502.0,627588.0,499853.0,127735.0,,,,-3.0,-2.0,-2.0,-3.0,1.0,0.0,0.0,3.0,2.0,2.0,0.0,4.0,3.0,1.0,52.86,55.09,53.27,50.0,2,Brazil,Rio de Janeiro,,-22.06694317,-42.0633655677008,17366189,BRA,BR,76,BRL,33,ChIJw4riypQYmAAR0IMFwRrDSQM,Rio de Janeiro (state),BRRJ,,BRA.19_1,546695.0,4007.0,16815487.0,4163.428571428572
8afaf004,2021-03-02,585620,33176,548175.0,2313502.0,679407.0,546584.0,132823.0,,,,-3.0,-2.0,-2.0,-3.0,1.0,0.0,0.0,3.0,2.0,2.0,0.0,4.0,3.0,1.0,52.86,55.09,53.27,50.0,2,Brazil,Rio de Janeiro,,-22.06694317,-42.0633655677008,17366189,BRA,BR,76,BRL,33,ChIJw4riypQYmAAR0IMFwRrDSQM,Rio de Janeiro (state),BRRJ,,BRA.19_1,548175.0,4269.0,16813745.0,4381.0
8afaf004,2021-03-03,587800,33362,549715.0,2313502.0,700696.0,562615.0,138081.0,,,,-3.0,-2.0,-2.0,-3.0,1.0,0.0,0.0,3.0,2.0,2.0,0.0,4.0,3.0,1.0,52.86,55.09,53.27,50.0,2,Brazil,Rio de Janeiro,,-22.06694317,-42.0633655677008,17366189,BRA,BR,76,BRL,33,ChIJw4riypQYmAAR0IMFwRrDSQM,Rio de Janeiro (state),BRRJ,,BRA.19_1,549715.0,4723.0,16811751.0,4129.571428571428
8afaf004,2021-03-04,589694,33466,551199.0,2313502.0,719313.0,575332.0,143981.0,,,,-3.0,-2.0,-2.0,-3.0,1.0,0.0,0.0,3.0,2.0,2.0,0.0,4.0,3.0,1.0,52.86,55.09,53.27,50.0,2,Brazil,Rio de Janeiro,,-22.06694317,-42.0633655677008,17366189,BRA,BR,76,BRL,33,ChIJw4riypQYmAAR0IMFwRrDSQM,Rio de Janeiro (state),BRRJ,,BRA.19_1,551199.0,5029.0,16809961.0,4327.285714285715
8afaf004,2021-03-05,591945,33607,553067.0,2313502.0,739732.0,590471.0,149261.0,,,,-3.0,2.0,2.0,-4.0,1.0,-2.0,0.0,3.0,2.0,2.0,0.0,4.0,3.0,1.0,60.16,68.06,61.61,50.0,2,Brazil,Rio de Janeiro,,-22.06694317,-42.0633655677008,17366189,BRA,BR,76,BRL,33,ChIJw4riypQYmAAR0IMFwRrDSQM,Rio de Janeiro (state),BRRJ,,BRA.19_1,553067.0,5271.0,16807851.0,4526.142857142857
8afaf004,2021-03-06,592505,33712,553067.0,2313502.0,763026.0,607077.0,155949.0,,,,-3.0,2.0,2.0,-4.0,1.0,-2.0,0.0,3.0,2.0,2.0,0.0,4.0,3.0,1.0,60.16,68.06,61.61,50.0,2,Brazil,Rio de Janeiro,,-22.06694317,-42.0633655677008,17366189,BRA,BR,76,BRL,33,ChIJw4riypQYmAAR0IMFwRrDSQM,Rio de Janeiro (state),BRRJ,,BRA.19_1,553067.0,5726.0,16807396.0,4733.428571428572
8afaf004,2021-03-07,594202,33717,553855.0,2313502.0,817057.0,647834.0,169223.0,,,,-3.0,2.0,2.0,-4.0,1.0,-2.0,0.0,3.0,2.0,2.0,0.0,4.0,3.0,1.0,60.16,68.06,61.61,50.0,2,Brazil,Rio de Janeiro,,-22.06694317,-42.0633655677008,17366189,BRA,BR,76,BRL,33,ChIJw4riypQYmAAR0IMFwRrDSQM,Rio de Janeiro (state),BRRJ,,BRA.19_1,553855.0,6630.0,16805704.0,5093.571428571428
8afaf004,2021-03-08,594964,33729,556833.0,2313502.0,817373.0,648026.0,169347.0,,,,-3.0,2.0,2.0,-4.0,1.0,-2.0,0.0,3.0,2.0,2.0,0.0,4.0,3.0,1.0,60.16,68.06,61.61,50.0,2,Brazil,Rio de Janeiro,,-22.06694317,-42.0633655677008,17366189,BRA,BR,76,BRL,33,ChIJw4riypQYmAAR0IMFwRrDSQM,Rio de Janeiro (state),BRRJ,,BRA.19_1,556833.0,4402.0,16804954.0,5150.0
8afaf004,2021-03-09,597136,33824,558354.0,2313502.0,842979.0,666232.0,176747.0,,,,-3.0,2.0,2.0,-4.0,1.0,-2.0,0.0,3.0,2.0,2.0,0.0,4.0,3.0,1.0,60.16,68.06,61.61,50.0,2,Brazil,Rio de Janeiro,,-22.06694317,-42.0633655677008,17366189,BRA,BR,76,BRL,33,ChIJw4riypQYmAAR0IMFwRrDSQM,Rio de Janeiro (state),BRRJ,,BRA.19_1,558354.0,4958.0,16802877.0,5248.428571428572
8afaf004,2021-03-10,599572,33893,560117.0,2313502.0,886001.0,697060.0,188941.0,,,,-3.0,2.0,2.0,-4.0,1.0,-2.0,0.0,3.0,2.0,2.0,0.0,4.0,3.0,1.0,60.16,68.06,61.61,50.0,2,Brazil,Rio de Janeiro,,-22.06694317,-42.0633655677008,17366189,BRA,BR,76,BRL,33,ChIJw4riypQYmAAR0IMFwRrDSQM,Rio de Janeiro (state),BRRJ,,BRA.19_1,560117.0,5562.0,16800510.0,5368.285714285715
8afaf004,2021-03-11,601666,34083,561774.0,2313502.0,924367.0,723402.0,200965.0,,,,-3.0,2.0,2.0,-4.0,1.0,-2.0,0.0,3.0,2.0,2.0,0.0,4.0,3.0,1.0,60.16,68.06,61.61,50.0,2,Brazil,Rio de Janeiro,,-22.06694317,-42.0633655677008,17366189,BRA,BR,76,BRL,33,ChIJw4riypQYmAAR0IMFwRrDSQM,Rio de Janeiro (state),BRRJ,,BRA.19_1,561774.0,5809.0,16798606.0,5479.714285714285
8afaf004,2021-03-12,604171,34210,563612.0,2313502.0,938113.0,734700.0,203413.0,,,,-3.0,2.0,2.0,-4.0,1.0,2.0,0.0,3.0,2.0,2.0,0.0,4.0,3.0,1.0,61.2,69.91,62.8,50.0,2,Brazil,Rio de Janeiro,,-22.06694317,-42.0633655677008,17366189,BRA,BR,76,BRL,33,ChIJw4riypQYmAAR0IMFwRrDSQM,Rio de Janeiro (state),BRRJ,,BRA.19_1,563612.0,6349.0,16796228.0,5633.714285714285
8afaf004,2021-03-13,606452,34304,565339.0,2313502.0,992427.0,759525.0,232902.0,,,,-3.0,2.0,2.0,-4.0,1.0,2.0,0.0,3.0,2.0,2.0,0.0,4.0,3.0,1.0,61.2,69.91,62.8,50.0,2,Brazil,Rio de Janeiro,,-22.06694317,-42.0633655677008,17366189,BRA,BR,76,BRL,33,ChIJw4riypQYmAAR0IMFwRrDSQM,Rio de Janeiro (state),BRRJ,,BRA.19_1,565339.0,6809.0,16794041.0,5788.428571428572
8afaf004,2021-03-14,606720,34329,566038.0,2313502.0,992427.0,759525.0,232902.0,,,,-3.0,2.0,2.0,-4.0,1.0,2.0,0.0,3.0,2.0,2.0,0.0,4.0,3.0,1.0,61.2,69.91,62.8,50.0,2,Brazil,Rio de Janeiro,,-22.06694317,-42.0633655677008,17366189,BRA,BR,76,BRL,33,ChIJw4riypQYmAAR0IMFwRrDSQM,Rio de Janeiro (state),BRRJ,,BRA.19_1,566038.0,6353.0,16793798.0,5748.857142857143
8afaf004,2021-03-15,607806,34330,567180.0,2313502.0,992427.0,759525.0,232902.0,,,,-3.0,2.0,2.0,-4.0,1.0,2.0,0.0,3.0,2.0,2.0,0.0,4.0,3.0,1.0,61.2,69.91,62.8,50.0,2,Brazil,Rio de Janeiro,,-22.06694317,-42.0633655677008,17366189,BRA,BR,76,BRL,33,ChIJw4riypQYmAAR0IMFwRrDSQM,Rio de Janeiro (state),BRRJ,,BRA.19_1,567180.0,6296.0,16792713.0,6019.428571428572
8afaf004,2021-03-16,608887,34445,568605.0,2313502.0,1027747.0,773279.0,254468.0,,,,-3.0,2.0,2.0,-4.0,1.0,2.0,0.0,3.0,2.0,2.0,0.0,4.0,3.0,1.0,61.2,69.91,62.8,50.0,2,Brazil,Rio de Janeiro,,-22.06694317,-42.0633655677008,17366189,BRA,BR,76,BRL,33,ChIJw4riypQYmAAR0IMFwRrDSQM,Rio de Janeiro (state),BRRJ,,BRA.19_1,568605.0,5837.0,16791747.0,6145.0
8afaf004,2021-03-17,612980,34586,571262.0,2313502.0,1027747.0,773279.0,254468.0,,,,-3.0,2.0,2.0,-4.0,1.0,2.0,0.0,3.0,2.0,2.0,0.0,4.0,3.0,1.0,61.2,69.91,62.8,50.0,2,Brazil,Rio de Janeiro,,-22.06694317,-42.0633655677008,17366189,BRA,BR,76,BRL,33,ChIJw4riypQYmAAR0IMFwRrDSQM,Rio de Janeiro (state),BRRJ,,BRA.19_1,571262.0,7132.0,16787795.0,6369.285714285715
8afaf004,2021-03-18,615930,34695,573444.0,2313502.0,1094988.0,808121.0,286867.0,,,,-3.0,2.0,2.0,-4.0,1.0,2.0,0.0,3.0,2.0,2.0,0.0,4.0,3.0,1.0,61.2,69.91,62.8,50.0,2,Brazil,Rio de Janeiro,,-22.06694317,-42.0633655677008,17366189,BRA,BR,76,BRL,33,ChIJw4riypQYmAAR0IMFwRrDSQM,Rio de Janeiro (state),BRRJ,,BRA.19_1,573444.0,7791.0,16784954.0,6652.428571428572
8afaf004,2021-03-19,618284,34830,575325.0,2313502.0,1124569.0,833020.0,291549.0,,,,-3.0,2.0,2.0,-4.0,1.0,2.0,0.0,3.0,2.0,2.0,0.0,4.0,3.0,1.0,61.2,69.91,62.8,50.0,2,Brazil,Rio de Janeiro,,-22.06694317,-42.0633655677008,17366189,BRA,BR,76,BRL,33,ChIJw4riypQYmAAR0IMFwRrDSQM,Rio de Janeiro (state),BRRJ,,BRA.19_1,575325.0,8129.0,16782735.0,6906.714285714285
8afaf004,2021-03-20,619228,35017,576730.0,2313502.0,1145034.0,850603.0,294431.0,,,,-3.0,2.0,2.0,-4.0,1.0,2.0,0.0,3.0,2.0,2.0,0.0,4.0,3.0,1.0,61.2,69.91,62.8,50.0,2,Brazil,Rio de Janeiro,,-22.06694317,-42.0633655677008,17366189,BRA,BR,76,BRL,33,ChIJw4riypQYmAAR0IMFwRrDSQM,Rio de Janeiro (state),BRRJ,,BRA.19_1,576730.0,7481.0,16781978.0,7002.714285714285
8afaf004,2021-03-21,621991,35131,576730.0,2313502.0,1145034.0,850603.0,294431.0,,,,-3.0,2.0,2.0,-4.0,1.0,2.0,0.0,3.0,2.0,2.0,0.0,4.0,3.0,1.0,61.2,69.91,62.8,50.0,2,Brazil,Rio de Janeiro,,-22.06694317,-42.0633655677008,17366189,BRA,BR,76,BRL,33,ChIJw4riypQYmAAR0IMFwRrDSQM,Rio de Janeiro (state),BRRJ,,BRA.19_1,576730.0,10130.0,16779329.0,7542.285714285715
8afaf004,2021-03-22,623460,35180,580583.0,2313502.0,1173461.0,850603.0,322858.0,,,,-3.0,2.0,2.0,-4.0,1.0,2.0,0.0,3.0,2.0,2.0,0.0,4.0,3.0,1.0,61.2,69.91,62.8,50.0,2,Brazil,Rio de Janeiro,,-22.06694317,-42.0633655677008,17366189,BRA,BR,76,BRL,33,ChIJw4riypQYmAAR0IMFwRrDSQM,Rio de Janeiro (state),BRRJ,,BRA.19_1,580583.0,7697.0,16777909.0,7742.428571428572
8afaf004,2021-03-23,626661,35331,583243.0,2313502.0,1203116.0,874051.0,329065.0,,,,-3.0,2.0,2.0,-4.0,1.0,2.0,0.0,3.0,2.0,2.0,0.0,4.0,3.0,1.0,61.2,69.91,62.8,50.0,2,Brazil,Rio de Janeiro,,-22.06694317,-42.0633655677008,17366189,BRA,BR,76,BRL,33,ChIJw4riypQYmAAR0IMFwRrDSQM,Rio de Janeiro (state),BRRJ,,BRA.19_1,583243.0,8087.0,16774859.0,8063.857142857143
8afaf004,2021-03-24,629553,35373,585590.0,2313502.0,1231377.0,902312.0,329065.0,,,,-3.0,2.0,2.0,-4.0,1.0,2.0,0.0,3.0,2.0,2.0,0.0,4.0,3.0,1.0,61.2,69.91,62.8,50.0,2,Brazil,Rio de Janeiro,,-22.06694317,-42.0633655677008,17366189,BRA,BR,76,BRL,33,ChIJw4riypQYmAAR0IMFwRrDSQM,Rio de Janeiro (state),BRRJ,,BRA.19_1,585590.0,8590.0,16772009.0,8272.142857142857
8afaf004,2021-03-25,632533,35563,588394.0,2313502.0,1261989.0,932924.0,329065.0,,,,-3.0,2.0,2.0,-4.0,1.0,2.0,0.0,3.0,2.0,2.0,0.0,4.0,3.0,1.0,61.2,69.91,62.8,50.0,2,Brazil,Rio de Janeiro,,-22.06694317,-42.0633655677008,17366189,BRA,BR,76,BRL,33,ChIJw4riypQYmAAR0IMFwRrDSQM,Rio de Janeiro (state),BRRJ,,BRA.19_1,588394.0,8576.0,16769219.0,8384.285714285714
8afaf004,2021-03-26,635712,35758,590964.0,2313502.0,1293311.0,964246.0,329065.0,,,,-3.0,2.0,2.0,-4.0,1.0,-2.0,-2.0,3.0,2.0,2.0,0.0,4.0,3.0,1.0,64.84,76.39,66.96,50.0,2,Brazil,Rio de Janeiro,,-22.06694317,-42.0633655677008,17366189,BRA,BR,76,BRL,33,ChIJw4riypQYmAAR0IMFwRrDSQM,Rio de Janeiro (state),BRRJ,,BRA.19_1,590964.0,8990.0,16766235.0,8507.285714285714
8afaf004,2021-03-27,638481,36026,593593.0,2313502.0,1334069.0,1002369.0,331700.0,,,,-3.0,2.0,2.0,-4.0,1.0,-2.0,-2.0,3.0,2.0,2.0,0.0,4.0,3.0,1.0,64.84,76.39,66.96,50.0,2,Brazil,Rio de Janeiro,,-22.06694317,-42.0633655677008,17366189,BRA,BR,76,BRL,33,ChIJw4riypQYmAAR0IMFwRrDSQM,Rio de Janeiro (state),BRRJ,,BRA.19_1,593593.0,8862.0,16763734.0,8704.57142857143
8afaf004,2021-03-28,640467,36109,595479.0,2313502.0,1334069.0,1002369.0,331700.0,,,,-3.0,2.0,2.0,-4.0,1.0,-2.0,-2.0,3.0,2.0,2.0,0.0,4.0,3.0,1.0,64.84,76.39,66.96,50.0,2,Brazil,Rio de Janeiro,,-22.06694317,-42.0633655677008,17366189,BRA,BR,76,BRL,33,ChIJw4riypQYmAAR0IMFwRrDSQM,Rio de Janeiro (state),BRRJ,,BRA.19_1,595479.0,8879.0,16761831.0,8525.857142857143
8afaf004,2021-03-29,641254,36149,596789.0,2313502.0,1334069.0,1002369.0,331700.0,,,,-3.0,2.0,2.0,-4.0,1.0,-2.0,-2.0,3.0,2.0,2.0,0.0,4.0,3.0,1.0,64.84,76.39,66.96,50.0,2,Brazil,Rio de Janeiro,,-22.06694317,-42.0633655677008,17366189,BRA,BR,76,BRL,33,ChIJw4riypQYmAAR0IMFwRrDSQM,Rio de Janeiro (state),BRRJ,,BRA.19_1,596789.0,8316.0,16761084.0,8614.285714285714
8afaf004,2021-03-30,644754,36432,599767.0,2313502.0,1428208.0,1083747.0,344461.0,,,,-3.0,2.0,2.0,-4.0,1.0,-2.0,-2.0,3.0,2.0,2.0,0.0,4.0,3.0,1.0,64.84,76.39,66.96,50.0,2,Brazil,Rio de Janeiro,,-22.06694317,-42.0633655677008,17366189,BRA,BR,76,BRL,33,ChIJw4riypQYmAAR0IMFwRrDSQM,Rio de Janeiro (state),BRRJ,,BRA.19_1,599767.0,8555.0,16757867.0,8681.142857142857
8afaf004,2021-03-31,647875,36727,599767.0,2313502.0,1521988.0,1166861.0,355127.0,,,,-3.0,2.0,2.0,-4.0,1.0,-2.0,-2.0,3.0,2.0,2.0,0.0,4.0,3.0,1.0,64.84,76.39,66.96,50.0,2,Brazil,Rio de Janeiro,,-22.06694317,-42.0633655677008,17366189,BRA,BR,76,BRL,33,ChIJw4riypQYmAAR0IMFwRrDSQM,Rio de Janeiro (state),BRRJ,,BRA.19_1,599767.0,11381.0,16755041.0,9079.857142857143
8afaf004,2021-04-01,651914,37114,605442.0,2313502.0,1588704.0,1228026.0,360678.0,,,,-3.0,2.0,2.0,-4.0,1.0,-2.0,-2.0,3.0,2.0,2.0,0.0,4.0,3.0,1.0,66.41,76.39,66.96,62.5,2,Brazil,Rio de Janeiro,,-22.06694317,-42.0633655677008,17366189,BRA,BR,76,BRL,33,ChIJw4riypQYmAAR0IMFwRrDSQM,Rio de Janeiro (state),BRRJ,,BRA.19_1,605442.0,9358.0,16751389.0,9191.57142857143
8afaf004,2021-04-02,653204,37218,605442.0,2313502.0,1588704.0,1228026.0,360678.0,,,,-3.0,2.0,2.0,-4.0,1.0,-2.0,-2.0,3.0,2.0,2.0,0.0,4.0,3.0,1.0,66.41,76.39,66.96,62.5,2,Brazil,Rio de Janeiro,,-22.06694317,-42.0633655677008,17366189,BRA,BR,76,BRL,33,ChIJw4riypQYmAAR0IMFwRrDSQM,Rio de Janeiro (state),BRRJ,,BRA.19_1,605442.0,10544.0,16750203.0,9413.57142857143
8afaf004,2021-04-03,657139,37629,605442.0,2313502.0,1682623.0,1309916.0,372707.0,,,,-3.0,2.0,2.0,-4.0,1.0,-2.0,-2.0,3.0,2.0,2.0,0.0,4.0,3.0,1.0,66.41,76.39,66.96,62.5,2,Brazil,Rio de Janeiro,,-22.06694317,-42.0633655677008,17366189,BRA,BR,76,BRL,33,ChIJw4riypQYmAAR0IMFwRrDSQM,Rio de Janeiro (state),BRRJ,,BRA.19_1,605442.0,14068.0,16746679.0,10157.285714285714
8afaf004,2021-04-04,658440,37687,605442.0,2313502.0,1691013.0,1316104.0,374909.0,,,,-3.0,2.0,2.0,-4.0,1.0,-2.0,-2.0,3.0,2.0,2.0,0.0,4.0,3.0,1.0,66.41,76.39,66.96,62.5,2,Brazil,Rio de Janeiro,,-22.06694317,-42.0633655677008,17366189,BRA,BR,76,BRL,33,ChIJw4riypQYmAAR0IMFwRrDSQM,Rio de Janeiro (state),BRRJ,,BRA.19_1,605442.0,15311.0,16745436.0,11076.142857142857
8afaf004,2021-04-05,659237,37693,614214.0,2313502.0,1691013.0,1316104.0,374909.0,,,,3.0,2.0,2.0,-4.0,1.0,-2.0,-2.0,3.0,2.0,2.0,0.0,4.0,3.0,1.0,67.45,78.24,68.15,62.5,2,Brazil,Rio de Janeiro,,-22.06694317,-42.0633655677008,17366189,BRA,BR,76,BRL,33,ChIJw4riypQYmAAR0IMFwRrDSQM,Rio de Janeiro (state),BRRJ,,BRA.19_1,614214.0,7330.0,16744645.0,10935.285714285714
8afaf004,2021-04-06,660907,38040,616078.0,2313502.0,1808476.0,1416278.0,392198.0,,,,3.0,2.0,2.0,-4.0,1.0,-2.0,-2.0,3.0,2.0,2.0,0.0,4.0,3.0,1.0,67.45,78.24,68.15,62.5,2,Brazil,Rio de Janeiro,,-22.06694317,-42.0633655677008,17366189,BRA,BR,76,BRL,33,ChIJw4riypQYmAAR0IMFwRrDSQM,Rio de Janeiro (state),BRRJ,,BRA.19_1,616078.0,6789.0,16743322.0,10683.0
8afaf004,2021-04-07,666025,38282,619894.0,2313502.0,1808476.0,1416278.0,392198.0,,,,-3.0,2.0,2.0,-4.0,1.0,-2.0,-2.0,3.0,2.0,2.0,0.0,4.0,3.0,1.0,66.41,76.39,66.96,62.5,2,Brazil,Rio de Janeiro,,-22.06694317,-42.0633655677008,17366189,BRA,BR,76,BRL,33,ChIJw4riypQYmAAR0IMFwRrDSQM,Rio de Janeiro (state),BRRJ,,BRA.19_1,619894.0,7849.0,16738446.0,10178.42857142857
8afaf004,2021-04-08,671207,38657,624024.0,2313502.0,1956736.0,1523538.0,433198.0,,,,-3.0,2.0,2.0,-4.0,1.0,-2.0,-2.0,3.0,2.0,2.0,0.0,4.0,3.0,1.0,66.41,76.39,66.96,62.5,2,Brazil,Rio de Janeiro,,-22.06694317,-42.0633655677008,17366189,BRA,BR,76,BRL,33,ChIJw4riypQYmAAR0IMFwRrDSQM,Rio de Janeiro (state),BRRJ,,BRA.19_1,624024.0,8526.0,16733639.0,10059.57142857143
8afaf004,2021-04-09,675027,39038,627510.0,2313502.0,2082450.0,1573045.0,509405.0,,,,-3.0,2.0,2.0,-4.0,1.0,0.0,-2.0,3.0,2.0,2.0,0.0,4.0,3.0,1.0,63.28,70.83,63.39,62.5,2,Brazil,Rio de Janeiro,,-22.06694317,-42.0633655677008,17366189,BRA,BR,76,BRL,33,ChIJw4riypQYmAAR0IMFwRrDSQM,Rio de Janeiro (state),BRRJ,,BRA.19_1,627510.0,8479.0,16730200.0,9764.57142857143
8afaf004,2021-04-10,678601,39298,627510.0,2313502.0,2085717.0,1626273.0,459444.0,,,,-3.0,2.0,2.0,-4.0,1.0,0.0,-2.0,3.0,2.0,2.0,0.0,4.0,3.0,1.0,63.28,70.83,63.39,62.5,2,Brazil,Rio de Janeiro,,-22.06694317,-42.0633655677008,17366189,BRA,BR,76,BRL,33,ChIJw4riypQYmAAR0IMFwRrDSQM,Rio de Janeiro (state),BRRJ,,BRA.19_1,627510.0,11793.0,16726886.0,9439.57142857143
8afaf004,2021-04-11,679654,39423,632355.0,2313502.0,2085717.0,1626273.0,459444.0,,,,-3.0,2.0,2.0,-4.0,1.0,0.0,-2.0,3.0,2.0,2.0,0.0,4.0,3.0,1.0,63.28,70.83,63.39,62.5,2,Brazil,Rio de Janeiro,,-22.06694317,-42.0633655677008,17366189,BRA,BR,76,BRL,33,ChIJw4riypQYmAAR0IMFwRrDSQM,Rio de Janeiro (state),BRRJ,,BRA.19_1,632355.0,7876.0,16725958.0,8377.42857142857
8afaf004,2021-04-12,680357,39444,633850.0,2313502.0,2091898.0,1630472.0,461426.0,,,,-3.0,2.0,2.0,-4.0,1.0,0.0,-2.0,3.0,2.0,2.0,0.0,4.0,3.0,1.0,63.28,70.83,63.39,62.5,2,Brazil,Rio de Janeiro,,-22.06694317,-42.0633655677008,17366189,BRA,BR,76,BRL,33,ChIJw4riypQYmAAR0IMFwRrDSQM,Rio de Janeiro (state),BRRJ,,BRA.19_1,633850.0,7063.0,16725276.0,8339.285714285714
8afaf004,2021-04-13,684758,39791,637348.0,2313502.0,2181596.0,1710764.0,470832.0,,,,-3.0,2.0,2.0,-4.0,1.0,0.0,-2.0,3.0,2.0,2.0,0.0,4.0,3.0,1.0,63.28,70.83,63.39,62.5,2,Brazil,Rio de Janeiro,,-22.06694317,-42.0633655677008,17366189,BRA,BR,76,BRL,33,ChIJw4riypQYmAAR0IMFwRrDSQM,Rio de Janeiro (state),BRRJ,,BRA.19_1,637348.0,7619.0,16721222.0,8457.857142857143
8afaf004,2021-04-14,688797,40091,640823.0,2313502.0,2191211.0,1715096.0,476115.0,,,,-3.0,2.0,2.0,-4.0,1.0,0.0,-2.0,3.0,2.0,2.0,0.0,4.0,3.0,1.0,63.28,70.83,63.39,62.5,2,Brazil,Rio de Janeiro,,-22.06694317,-42.0633655677008,17366189,BRA,BR,76,BRL,33,ChIJw4riypQYmAAR0IMFwRrDSQM,Rio de Janeiro (state),BRRJ,,BRA.19_1,640823.0,7883.0,16717483.0,8462.714285714286
8afaf004,2021-04-15,693046,40429,644412.0,2313502.0,2282265.0,1790789.0,491476.0,,,,-3.0,2.0,2.0,-4.0,1.0,0.0,-2.0,3.0,2.0,2.0,0.0,4.0,3.0,1.0,63.28,70.83,63.39,62.5,2,Brazil,Rio de Janeiro,,-22.06694317,-42.0633655677008,17366189,BRA,BR,76,BRL,33,ChIJw4riypQYmAAR0IMFwRrDSQM,Rio de Janeiro (state),BRRJ,,BRA.19_1,644412.0,8205.0,16713572.0,8416.857142857143
8afaf004,2021-04-16,697763,40716,648643.0,2313502.0,2328486.0,1821802.0,506684.0,,,,-3.0,2.0,2.0,-4.0,1.0,0.0,-2.0,3.0,2.0,2.0,0.0,4.0,3.0,1.0,63.28,70.83,63.39,62.5,2,Brazil,Rio de Janeiro,,-22.06694317,-42.0633655677008,17366189,BRA,BR,76,BRL,33,ChIJw4riypQYmAAR0IMFwRrDSQM,Rio de Janeiro (state),BRRJ,,BRA.19_1,648643.0,8404.0,16709142.0,8406.142857142857
8afaf004,2021-04-17,699422,41162,648643.0,2313502.0,2386837.0,1857188.0,529649.0,,,,-3.0,2.0,2.0,-4.0,1.0,0.0,-2.0,3.0,2.0,2.0,0.0,4.0,3.0,1.0,63.28,70.83,63.39,62.5,2,Brazil,Rio de Janeiro,,-22.06694317,-42.0633655677008,17366189,BRA,BR,76,BRL,33,ChIJw4riypQYmAAR0IMFwRrDSQM,Rio de Janeiro (state),BRRJ,,BRA.19_1,648643.0,9617.0,16707929.0,8095.285714285715
8afaf004,2021-04-18,703349,41310,653975.0,2313502.0,2386837.0,1857188.0,529649.0,,,,-3.0,2.0,2.0,-4.0,1.0,0.0,-2.0,3.0,2.0,2.0,0.0,4.0,3.0,1.0,63.28,70.83,63.39,62.5,2,Brazil,Rio de Janeiro,,-22.06694317,-42.0633655677008,17366189,BRA,BR,76,BRL,33,ChIJw4riypQYmAAR0IMFwRrDSQM,Rio de Janeiro (state),BRRJ,,BRA.19_1,653975.0,8064.0,16704150.0,8122.142857142857
8afaf004,2021-04-19,704265,41418,653975.0,2313502.0,2396610.0,1862896.0,533714.0,,,,-3.0,2.0,2.0,-4.0,1.0,0.0,-2.0,3.0,2.0,2.0,0.0,4.0,3.0,1.0,63.28,70.83,63.39,62.5,2,Brazil,Rio de Janeiro,,-22.06694317,-42.0633655677008,17366189,BRA,BR,76,BRL,33,ChIJw4riypQYmAAR0IMFwRrDSQM,Rio de Janeiro (state),BRRJ,,BRA.19_1,653975.0,8872.0,16703342.0,8380.57142857143
8afaf004,2021-04-20,708424,41745,653975.0,2313502.0,2479015.0,1919685.0,559330.0,,,,-3.0,2.0,2.0,-4.0,1.0,0.0,-2.0,3.0,2.0,2.0,0.0,4.0,3.0,1.0,63.28,70.83,63.39,62.5,2,Brazil,Rio de Janeiro,,-22.06694317,-42.0633655677008,17366189,BRA,BR,76,BRL,33,ChIJw4riypQYmAAR0IMFwRrDSQM,Rio de Janeiro (state),BRRJ,,BRA.19_1,653975.0,12704.0,16699510.0,9107.0
8afaf004,2021-04-21,712525,42110,653975.0,2313502.0,2502309.0,1931318.0,570991.0,,,,-3.0,2.0,2.0,-4.0,1.0,0.0,-2.0,3.0,2.0,2.0,0.0,4.0,3.0,1.0,63.28,70.83,63.39,62.5,2,Brazil,Rio de Janeiro,,-22.06694317,-42.0633655677008,17366189,BRA,BR,76,BRL,33,ChIJw4riypQYmAAR0IMFwRrDSQM,Rio de Janeiro (state),BRRJ,,BRA.19_1,653975.0,16440.0,16695774.0,10329.42857142857
8afaf004,2021-04-22,716103,42362,655639.0,2313502.0,2529752.0,1947196.0,582556.0,,,,-3.0,2.0,2.0,-4.0,1.0,0.0,-2.0,3.0,2.0,2.0,0.0,4.0,3.0,1.0,63.28,70.83,63.39,62.5,2,Brazil,Rio de Janeiro,,-22.06694317,-42.0633655677008,17366189,BRA,BR,76,BRL,33,ChIJw4riypQYmAAR0IMFwRrDSQM,Rio de Janeiro (state),BRRJ,,BRA.19_1,655639.0,18102.0,16692448.0,11743.285714285714
8afaf004,2021-04-23,720749,42634,669491.0,2313502.0,2659472.0,2019561.0,639911.0,,,,-3.0,2.0,2.0,-4.0,1.0,0.0,-2.0,3.0,2.0,2.0,0.0,4.0,3.0,1.0,63.28,70.83,63.39,62.5,2,Brazil,Rio de Janeiro,,-22.06694317,-42.0633655677008,17366189,BRA,BR,76,BRL,33,ChIJw4riypQYmAAR0IMFwRrDSQM,Rio de Janeiro (state),BRRJ,,BRA.19_1,669491.0,8624.0,16688074.0,11774.714285714286
8afaf004,2021-04-24,723580,42857,669491.0,2313502.0,2666176.0,2022854.0,643322.0,,,,-3.0,2.0,2.0,-4.0,1.0,0.0,-2.0,3.0,2.0,2.0,0.0,4.0,3.0,1.0,63.28,70.83,63.39,62.5,2,Brazil,Rio de Janeiro,,-22.06694317,-42.0633655677008,17366189,BRA,BR,76,BRL,33,ChIJw4riypQYmAAR0IMFwRrDSQM,Rio de Janeiro (state),BRRJ,,BRA.19_1,669491.0,11232.0,16685466.0,12005.42857142857
8afaf004,2021-04-25,724596,42914,669491.0,2313502.0,2666176.0,2022854.0,643322.0,,,,-3.0,2.0,2.0,-4.0,1.0,0.0,-2.0,3.0,2.0,2.0,0.0,4.0,3.0,1.0,63.28,70.83,63.39,62.5,2,Brazil,Rio de Janeiro,,-22.06694317,-42.0633655677008,17366189,BRA,BR,76,BRL,33,ChIJw4riypQYmAAR0IMFwRrDSQM,Rio de Janeiro (state),BRRJ,,BRA.19_1,669491.0,12191.0,16684507.0,12595.0
8afaf004,2021-04-26,724858,42927,675188.0,2313502.0,2666176.0,2022854.0,643322.0,,,,-3.0,2.0,2.0,-4.0,1.0,0.0,-2.0,3.0,2.0,2.0,0.0,4.0,3.0,1.0,63.28,70.83,63.39,62.5,2,Brazil,Rio de Janeiro,,-22.06694317,-42.0633655677008,17366189,BRA,BR,76,BRL,33,ChIJw4riypQYmAAR0IMFwRrDSQM,Rio de Janeiro (state),BRRJ,,BRA.19_1,675188.0,6743.0,16684258.0,12290.857142857143
8afaf004,2021-04-27,729206,43288,678349.0,2313502.0,2824072.0,2100951.0,723121.0,,,,-3.0,2.0,2.0,-4.0,1.0,0.0,-2.0,3.0,2.0,2.0,0.0,4.0,3.0,1.0,63.28,70.83,63.39,62.5,2,Brazil,Rio de Janeiro,,-22.06694317,-42.0633655677008,17366189,BRA,BR,76,BRL,33,ChIJw4riypQYmAAR0IMFwRrDSQM,Rio de Janeiro (state),BRRJ,,BRA.19_1,678349.0,7569.0,16680271.0,11557.285714285714
8afaf004,2021-04-28,733764,43618,681858.0,2313502.0,2947336.0,2160210.0,787126.0,,,,-3.0,2.0,2.0,-4.0,1.0,0.0,-2.0,3.0,2.0,1.0,0.0,4.0,3.0,1.0,61.2,70.83,61.01,62.5,2,Brazil,Rio de Janeiro,,-22.06694317,-42.0633655677008,17366189,BRA,BR,76,BRL,33,ChIJw4riypQYmAAR0IMFwRrDSQM,Rio de Janeiro (state),BRRJ,,BRA.19_1,681858.0,8288.0,16676043.0,10392.714285714286
8afaf004,2021-04-29,737844,43965,685269.0,2313502.0,3073790.0,2230089.0,843701.0,,,,-3.0,2.0,2.0,-4.0,1.0,0.0,-2.0,3.0,2.0,1.0,0.0,4.0,3.0,1.0,61.2,70.83,61.01,62.5,2,Brazil,Rio de Janeiro,,-22.06694317,-42.0633655677008,17366189,BRA,BR,76,BRL,33,ChIJw4riypQYmAAR0IMFwRrDSQM,Rio de Janeiro (state),BRRJ,,BRA.19_1,685269.0,8610.0,16672310.0,9036.714285714286
8afaf004,2021-04-30,742615,44406,689155.0,2313502.0,3233436.0,2273639.0,959797.0,,,,-3.0,2.0,2.0,-4.0,1.0,0.0,-2.0,3.0,2.0,1.0,0.0,4.0,3.0,1.0,61.2,70.83,61.01,62.5,2,Brazil,Rio de Janeiro,,-22.06694317,-42.0633655677008,17366189,BRA,BR,76,BRL,33,ChIJw4riypQYmAAR0IMFwRrDSQM,Rio de Janeiro (state),BRRJ,,BRA.19_1,689155.0,9054.0,16667980.0,9098.142857142857
8afaf004,2021-05-01,745456,44619,689155.0,2313502.0,3233436.0,2273639.0,959797.0,,,,-3.0,2.0,2.0,-4.0,1.0,0.0,-2.0,3.0,2.0,1.0,0.0,4.0,3.0,1.0,61.2,70.83,61.01,62.5,2,Brazil,Rio de Janeiro,,-22.06694317,-42.0633655677008,17366189,BRA,BR,76,BRL,33,ChIJw4riypQYmAAR0IMFwRrDSQM,Rio de Janeiro (state),BRRJ,,BRA.19_1,689155.0,11682.0,16665352.0,9162.42857142857
8afaf004,2021-05-02,747449,44835,694160.0,2313502.0,3233436.0,2273639.0,959797.0,,,,-3.0,2.0,2.0,-4.0,1.0,0.0,-2.0,3.0,2.0,1.0,0.0,4.0,3.0,1.0,61.2,70.83,61.01,62.5,2,Brazil,Rio de Janeiro,,-22.06694317,-42.0633655677008,17366189,BRA,BR,76,BRL,33,ChIJw4riypQYmAAR0IMFwRrDSQM,Rio de Janeiro (state),BRRJ,,BRA.19_1,694160.0,8454.0,16663575.0,8628.57142857143
8afaf004,2021-05-03,748614,44897,695771.0,2313502.0,3368999.0,2330281.0,1038718.0,,,,-3.0,2.0,2.0,-4.0,1.0,0.0,-2.0,3.0,2.0,1.0,0.0,4.0,3.0,1.0,61.2,70.83,61.01,62.5,2,Brazil,Rio de Janeiro,,-22.06694317,-42.0633655677008,17366189,BRA,BR,76,BRL,33,ChIJw4riypQYmAAR0IMFwRrDSQM,Rio de Janeiro (state),BRRJ,,BRA.19_1,695771.0,7946.0,16662472.0,8800.42857142857
8afaf004,2021-05-04,753732,45232,695771.0,2313502.0,3442844.0,2367852.0,1074992.0,,,,-3.0,2.0,2.0,-4.0,1.0,0.0,-2.0,3.0,2.0,1.0,0.0,4.0,3.0,1.0,61.2,70.83,61.01,62.5,2,Brazil,Rio de Janeiro,,-22.06694317,-42.0633655677008,17366189,BRA,BR,76,BRL,33,ChIJw4riypQYmAAR0IMFwRrDSQM,Rio de Janeiro (state),BRRJ,,BRA.19_1,695771.0,12729.0,16657689.0,9537.57142857143
8afaf004,2021-05-05,761216,45581,695771.0,2313502.0,3483531.0,2394891.0,1088640.0,,,,-3.0,2.0,2.0,-4.0,1.0,0.0,-2.0,3.0,2.0,1.0,0.0,4.0,3.0,1.0,61.2,70.83,61.01,62.5,2,Brazil,Rio de Janeiro,,-22.06694317,-42.0633655677008,17366189,BRA,BR,76,BRL,33,ChIJw4riypQYmAAR0IMFwRrDSQM,Rio de Janeiro (state),BRRJ,,BRA.19_1,695771.0,19864.0,16650554.0,11191.285714285714
8afaf004,2021-05-06,770401,45914,695771.0,2313502.0,3526703.0,2396471.0,1130232.0,,,,-3.0,-2.0,2.0,-4.0,1.0,0.0,-2.0,3.0,2.0,1.0,0.0,4.0,3.0,1.0,60.16,68.98,59.82,62.5,2,Brazil,Rio de Janeiro,,-22.06694317,-42.0633655677008,17366189,BRA,BR,76,BRL,33,ChIJw4riypQYmAAR0IMFwRrDSQM,Rio de Janeiro (state),BRRJ,,BRA.19_1,695771.0,28716.0,16641702.0,14063.57142857143
8afaf004,2021-05-07,778662,46171,722012.0,2313502.0,3576233.0,2458235.0,1117998.0,,,,-3.0,-2.0,2.0,-4.0,1.0,0.0,-2.0,3.0,2.0,1.0,0.0,4.0,3.0,1.0,60.16,68.98,59.82,62.5,2,Brazil,Rio de Janeiro,,-22.06694317,-42.0633655677008,17366189,BRA,BR,76,BRL,33,ChIJw4riypQYmAAR0IMFwRrDSQM,Rio de Janeiro (state),BRRJ,,BRA.19_1,722012.0,10479.0,16633698.0,14267.142857142857
8afaf004,2021-05-08,784506,46374,722012.0,2313502.0,3576233.0,2458235.0,1117998.0,,,,-3.0,-2.0,2.0,-4.0,1.0,0.0,-2.0,3.0,2.0,1.0,0.0,4.0,3.0,1.0,60.16,68.98,59.82,62.5,2,Brazil,Rio de Janeiro,,-22.06694317,-42.0633655677008,17366189,BRA,BR,76,BRL,33,ChIJw4riypQYmAAR0IMFwRrDSQM,Rio de Janeiro (state),BRRJ,,BRA.19_1,722012.0,16120.0,16628057.0,14901.142857142857
8afaf004,2021-05-09,786087,46427,729539.0,2313502.0,3568420.0,2450422.0,1117998.0,,,,-3.0,-2.0,2.0,-4.0,1.0,0.0,-2.0,3.0,2.0,1.0,0.0,4.0,3.0,1.0,60.16,68.98,59.82,62.5,2,Brazil,Rio de Janeiro,,-22.06694317,-42.0633655677008,17366189,BRA,BR,76,BRL,33,ChIJw4riypQYmAAR0IMFwRrDSQM,Rio de Janeiro (state),BRRJ,,BRA.19_1,729539.0,10121.0,16626529.0,15139.285714285714
8afaf004,2021-05-10,786757,46442,731144.0,2313502.0,3868281.0,2653773.0,1214508.0,,,,-3.0,-2.0,2.0,-4.0,1.0,0.0,-2.0,3.0,2.0,1.0,0.0,4.0,3.0,1.0,60.16,68.98,59.82,62.5,2,Brazil,Rio de Janeiro,,-22.06694317,-42.0633655677008,17366189,BRA,BR,76,BRL,33,ChIJw4riypQYmAAR0IMFwRrDSQM,Rio de Janeiro (state),BRRJ,,BRA.19_1,731144.0,9171.0,16625874.0,15314.285714285714
8afaf004,2021-05-11,792073,46770,735429.0,2313502.0,3973531.0,2709104.0,1264427.0,,,,-3.0,-2.0,2.0,-4.0,1.0,0.0,-2.0,3.0,2.0,1.0,0.0,4.0,3.0,1.0,60.16,68.98,59.82,62.5,2,Brazil,Rio de Janeiro,,-22.06694317,-42.0633655677008,17366189,BRA,BR,76,BRL,33,ChIJw4riypQYmAAR0IMFwRrDSQM,Rio de Janeiro (state),BRRJ,,BRA.19_1,735429.0,9874.0,16620886.0,14906.42857142857
8afaf004,2021-05-12,797033,47052,739390.0,2313502.0,4109444.0,2797629.0,1311815.0,,,,-3.0,-2.0,2.0,-4.0,1.0,0.0,-2.0,3.0,2.0,1.0,0.0,4.0,3.0,1.0,60.16,68.98,59.82,62.5,2,Brazil,Rio de Janeiro,,-22.06694317,-42.0633655677008,17366189,BRA,BR,76,BRL,33,ChIJw4riypQYmAAR0IMFwRrDSQM,Rio de Janeiro (state),BRRJ,,BRA.19_1,739390.0,10591.0,16616208.0,13581.714285714286
8afaf004,2021-05-13,803040,47355,739390.0,2313502.0,4146624.0,2834809.0,1311815.0,,,,-3.0,-2.0,2.0,-4.0,1.0,0.0,-2.0,3.0,2.0,1.0,0.0,4.0,3.0,1.0,60.16,68.98,59.82,62.5,2,Brazil,Rio de Janeiro,,-22.06694317,-42.0633655677008,17366189,BRA,BR,76,BRL,33,ChIJw4riypQYmAAR0IMFwRrDSQM,Rio de Janeiro (state),BRRJ,,BRA.19_1,739390.0,16295.0,16610504.0,11807.285714285714
8afaf004,2021-05-14,809971,47699,739390.0,2313502.0,4164485.0,2848518.0,1315967.0,,,,-3.0,-2.0,2.0,-4.0,1.0,0.0,-2.0,3.0,2.0,1.0,0.0,4.0,3.0,1.0,60.16,68.98,59.82,62.5,2,Brazil,Rio de Janeiro,,-22.06694317,-42.0633655677008,17366189,BRA,BR,76,BRL,33,ChIJw4riypQYmAAR0IMFwRrDSQM,Rio de Janeiro (state),BRRJ,,BRA.19_1,739390.0,22882.0,16603917.0,13579.142857142857
8afaf004,2021-05-15,815187,47951,739390.0,2313502.0,4164485.0,2848518.0,1315967.0,,,,-3.0,-2.0,2.0,-4.0,1.0,0.0,-2.0,3.0,2.0,1.0,0.0,4.0,3.0,1.0,60.16,68.98,59.82,62.5,2,Brazil,Rio de Janeiro,,-22.06694317,-42.0633655677008,17366189,BRA,BR,76,BRL,33,ChIJw4riypQYmAAR0IMFwRrDSQM,Rio de Janeiro (state),BRRJ,,BRA.19_1,739390.0,27846.0,16598953.0,15254.285714285714
8afaf004,2021-05-16,816015,48006,739390.0,2313502.0,4164485.0,2848518.0,1315967.0,,,,-3.0,-2.0,2.0,-4.0,1.0,0.0,-2.0,3.0,2.0,1.0,0.0,4.0,3.0,1.0,60.16,68.98,59.82,62.5,2,Brazil,Rio de Janeiro,,-22.06694317,-42.0633655677008,17366189,BRA,BR,76,BRL,33,ChIJw4riypQYmAAR0IMFwRrDSQM,Rio de Janeiro (state),BRRJ,,BRA.19_1,739390.0,28619.0,16598180.0,17896.85714285714
8afaf004,2021-05-17,817947,48024,739390.0,2313502.0,4285626.0,2916588.0,1369038.0,,,,-3.0,-2.0,2.0,-4.0,1.0,0.0,-2.0,3.0,2.0,1.0,0.0,4.0,3.0,1.0,60.16,68.98,59.82,62.5,2,Brazil,Rio de Janeiro,,-22.06694317,-42.0633655677008,17366189,BRA,BR,76,BRL,33,ChIJw4riypQYmAAR0IMFwRrDSQM,Rio de Janeiro (state),BRRJ,,BRA.19_1,739390.0,30533.0,16596266.0,20948.571428571428
8afaf004,2021-05-18,823456,48313,763444.0,2313502.0,4285626.0,2916588.0,1369038.0,,,,-3.0,-2.0,2.0,-4.0,1.0,0.0,-2.0,3.0,2.0,1.0,0.0,4.0,3.0,1.0,60.16,68.98,59.82,62.5,2,Brazil,Rio de Janeiro,,-22.06694317,-42.0633655677008,17366189,BRA,BR,76,BRL,33,ChIJw4riypQYmAAR0IMFwRrDSQM,Rio de Janeiro (state),BRRJ,,BRA.19_1,763444.0,11699.0,16591046.0,21209.285714285714
8afaf004,2021-05-19,828283,48662,766981.0,2313502.0,4285626.0,2916588.0,1369038.0,,,,-3.0,-2.0,2.0,-4.0,1.0,0.0,-2.0,3.0,2.0,1.0,0.0,4.0,3.0,1.0,60.16,68.98,59.82,62.5,2,Brazil,Rio de Janeiro,,-22.06694317,-42.0633655677008,17366189,BRA,BR,76,BRL,33,ChIJw4riypQYmAAR0IMFwRrDSQM,Rio de Janeiro (state),BRRJ,,BRA.19_1,766981.0,12640.0,16586568.0,21502.0
8afaf004,2021-05-20,833014,49036,770379.0,2313502.0,4419739.0,3012290.0,1407449.0,,,,-3.0,-2.0,2.0,-4.0,1.0,0.0,-2.0,3.0,2.0,1.0,0.0,4.0,3.0,1.0,60.16,68.98,59.82,62.5,2,Brazil,Rio de Janeiro,,-22.06694317,-42.0633655677008,17366189,BRA,BR,76,BRL,33,ChIJw4riypQYmAAR0IMFwRrDSQM,Rio de Janeiro (state),BRRJ,,BRA.19_1,770379.0,13599.0,16582211.0,21116.85714285714
8afaf004,2021-05-21,837501,49250,770379.0,2313502.0,4428867.0,3013899.0,1414968.0,,,,-3.0,-2.0,2.0,-4.0,1.0,0.0,-2.0,3.0,2.0,1.0,0.0,4.0,3.0,1.0,60.16,68.98,59.82,62.5,2,Brazil,Rio de Janeiro,,-22.06694317,-42.0633655677008,17366189,BRA,BR,76,BRL,33,ChIJw4riypQYmAAR0IMFwRrDSQM,Rio de Janeiro (state),BRRJ,,BRA.19_1,770379.0,17872.0,16577938.0,20401.14285714286
8afaf004,2021-05-22,839623,49438,770379.0,2313502.0,4448106.0,3028460.0,1419646.0,,,,-3.0,-2.0,2.0,-4.0,1.0,0.0,-2.0,3.0,2.0,1.0,0.0,4.0,3.0,1.0,60.16,68.98,59.82,62.5,2,Brazil,Rio de Janeiro,,-22.06694317,-42.0633655677008,17366189,BRA,BR,76,BRL,33,ChIJw4riypQYmAAR0IMFwRrDSQM,Rio de Janeiro (state),BRRJ,,BRA.19_1,770379.0,19806.0,16576004.0,19252.571428571428
8afaf004,2021-05-23,840480,49515,770379.0,2313502.0,5058071.0,3495578.0,1562493.0,,,,-3.0,-2.0,2.0,-4.0,1.0,0.0,-2.0,3.0,2.0,1.0,0.0,4.0,3.0,1.0,60.16,68.98,59.82,62.5,2,Brazil,Rio de Janeiro,,-22.06694317,-42.0633655677008,17366189,BRA,BR,76,BRL,33,ChIJw4riypQYmAAR0IMFwRrDSQM,Rio de Janeiro (state),BRRJ,,BRA.19_1,770379.0,20586.0,16575224.0,18105.0
8afaf004,2021-05-24,844442,49539,770379.0,2313502.0,5096200.0,3521104.0,1575096.0,,,,-3.0,-2.0,2.0,-4.0,1.0,0.0,-2.0,3.0,2.0,1.0,0.0,4.0,3.0,1.0,60.16,68.98,59.82,62.5,2,Brazil,Rio de Janeiro,,-22.06694317,-42.0633655677008,17366189,BRA,BR,76,BRL,33,ChIJw4riypQYmAAR0IMFwRrDSQM,Rio de Janeiro (state),BRRJ,,BRA.19_1,770379.0,24524.0,16571286.0,17246.571428571428
8afaf004,2021-05-25,848495,49672,770379.0,2313502.0,5138972.0,3556076.0,1582896.0,,,,-3.0,-2.0,2.0,-4.0,1.0,0.0,-2.0,3.0,2.0,1.0,0.0,4.0,3.0,0.0,58.07,68.98,57.44,62.5,2,Brazil,Rio de Janeiro,,-22.06694317,-42.0633655677008,17366189,BRA,BR,76,BRL,33,ChIJw4riypQYmAAR0IMFwRrDSQM,Rio de Janeiro (state),BRRJ,,BRA.19_1,770379.0,28444.0,16567366.0,19638.714285714286
8afaf004,2021-05-26,852280,49899,785438.0,2313502.0,5176166.0,3584871.0,1591295.0,,,,-3.0,-2.0,2.0,-4.0,1.0,0.0,-2.0,3.0,2.0,1.0,0.0,4.0,3.0,0.0,58.07,68.98,57.44,62.5,2,Brazil,Rio de Janeiro,,-22.06694317,-42.0633655677008,17366189,BRA,BR,76,BRL,33,ChIJw4riypQYmAAR0IMFwRrDSQM,Rio de Janeiro (state),BRRJ,,BRA.19_1,785438.0,16943.0,16563808.0,20253.428571428572
8afaf004,2021-05-27,855244,50125,790596.0,2313502.0,5205231.0,3606507.0,1598724.0,,,,-3.0,-2.0,2.0,-4.0,1.0,0.0,0.0,3.0,2.0,1.0,0.0,4.0,3.0,0.0,53.39,60.65,52.08,62.5,2,Brazil,Rio de Janeiro,,-22.06694317,-42.0633655677008,17366189,BRA,BR,76,BRL,33,ChIJw4riypQYmAAR0IMFwRrDSQM,Rio de Janeiro (state),BRRJ,,BRA.19_1,790596.0,14523.0,16561070.0,20385.428571428572
8afaf004,2021-05-28,855766,50374,792370.0,2313502.0,5526153.0,3821982.0,1704171.0,,,,-3.0,-2.0,2.0,-4.0,1.0,0.0,0.0,3.0,2.0,1.0,0.0,4.0,4.0,0.0,55.26,60.65,54.23,62.5,2,Brazil,Rio de Janeiro,,-22.06694317,-42.0633655677008,17366189,BRA,BR,76,BRL,33,ChIJw4riypQYmAAR0IMFwRrDSQM,Rio de Janeiro (state),BRRJ,,BRA.19_1,792370.0,13022.0,16560797.0,19692.571428571428
8afaf004,2021-05-29,858949,50550,795179.0,2313502.0,5546083.0,3838688.0,1707395.0,,,,-3.0,-2.0,2.0,-4.0,1.0,0.0,0.0,3.0,2.0,1.0,0.0,4.0,4.0,0.0,55.26,60.65,54.23,62.5,2,Brazil,Rio de Janeiro,,-22.06694317,-42.0633655677008,17366189,BRA,BR,76,BRL,33,ChIJw4riypQYmAAR0IMFwRrDSQM,Rio de Janeiro (state),BRRJ,,BRA.19_1,795179.0,13220.0,16557790.0,18751.714285714286
8afaf004,2021-05-30,863865,50574,795179.0,2313502.0,5549549.0,3840732.0,1708817.0,,,,-3.0,-2.0,2.0,-4.0,1.0,0.0,0.0,3.0,2.0,1.0,0.0,4.0,4.0,0.0,55.26,60.65,54.23,62.5,2,Brazil,Rio de Janeiro,,-22.06694317,-42.0633655677008,17366189,BRA,BR,76,BRL,33,ChIJw4riypQYmAAR0IMFwRrDSQM,Rio de Janeiro (state),BRRJ,,BRA.19_1,795179.0,18112.0,16552898.0,18398.285714285714
8afaf004,2021-05-31,865363,50584,801877.0,2313502.0,5615143.0,3889010.0,1726133.0,,,,-3.0,-2.0,2.0,-4.0,1.0,0.0,0.0,3.0,2.0,1.0,0.0,4.0,4.0,0.0,55.26,60.65,54.23,62.5,2,Brazil,Rio de Janeiro,,-22.06694317,-42.0633655677008,17366189,BRA,BR,76,BRL,33,ChIJw4riypQYmAAR0IMFwRrDSQM,Rio de Janeiro (state),BRRJ,,BRA.19_1,801877.0,12902.0,16551410.0,16738.0
8afaf004,2021-06-01,869302,50840,805372.0,2313502.0,5676118.0,3934104.0,1742014.0,,,,-3.0,-2.0,2.0,-4.0,1.0,0.0,0.0,3.0,2.0,1.0,0.0,4.0,4.0,0.0,54.64,60.65,53.51,62.5,2,Brazil,Rio de Janeiro,,-22.06694317,-42.0633655677008,17366189,BRA,BR,76,BRL,33,ChIJw4riypQYmAAR0IMFwRrDSQM,Rio de Janeiro (state),BRRJ,,BRA.19_1,805372.0,13090.0,16547727.0,14544.57142857143
8afaf004,2021-06-02,874560,51096,805372.0,2313502.0,5758271.0,3998113.0,1760158.0,,,,-3.0,-2.0,2.0,-4.0,1.0,0.0,0.0,3.0,2.0,1.0,0.0,4.0,4.0,0.0,54.64,60.65,53.51,62.5,2,Brazil,Rio de Janeiro,,-22.06694317,-42.0633655677008,17366189,BRA,BR,76,BRL,33,ChIJw4riypQYmAAR0IMFwRrDSQM,Rio de Janeiro (state),BRRJ,,BRA.19_1,805372.0,18092.0,16542725.0,14708.714285714286
8afaf004,2021-06-03,878747,51320,813434.0,2313502.0,5790186.0,4023494.0,1766692.0,,,,-3.0,-2.0,2.0,-4.0,1.0,0.0,0.0,3.0,2.0,1.0,0.0,4.0,4.0,0.0,54.64,60.65,53.51,62.5,2,Brazil,Rio de Janeiro,,-22.06694317,-42.0633655677008,17366189,BRA,BR,76,BRL,33,ChIJw4riypQYmAAR0IMFwRrDSQM,Rio de Janeiro (state),BRRJ,,BRA.19_1,813434.0,13993.0,16538762.0,14633.0
8afaf004,2021-06-04,880267,51419,816359.0,2313502.0,5828592.0,4055161.0,1773431.0,,,,-3.0,-2.0,2.0,-4.0,1.0,0.0,0.0,3.0,2.0,1.0,0.0,4.0,4.0,0.0,54.64,60.65,53.51,62.5,2,Brazil,Rio de Janeiro,,-22.06694317,-42.0633655677008,17366189,BRA,BR,76,BRL,33,ChIJw4riypQYmAAR0IMFwRrDSQM,Rio de Janeiro (state),BRRJ,,BRA.19_1,816359.0,12489.0,16537341.0,14556.857142857143
8afaf004,2021-06-05,883360,51508,819399.0,2313502.0,5862190.0,4083730.0,1778460.0,,,,-3.0,-2.0,2.0,-4.0,1.0,0.0,0.0,3.0,2.0,1.0,0.0,4.0,4.0,0.0,56.2,60.65,53.51,75.0,2,Brazil,Rio de Janeiro,,-22.06694317,-42.0633655677008,17366189,BRA,BR,76,BRL,33,ChIJw4riypQYmAAR0IMFwRrDSQM,Rio de Janeiro (state),BRRJ,,BRA.19_1,819399.0,12453.0,16534337.0,14447.285714285714
8afaf004,2021-06-06,884550,51532,821355.0,2313502.0,5865259.0,4086022.0,1779237.0,,,,-3.0,-2.0,2.0,-4.0,1.0,0.0,0.0,3.0,2.0,1.0,0.0,4.0,4.0,0.0,56.2,60.65,53.51,75.0,2,Brazil,Rio de Janeiro,,-22.06694317,-42.0633655677008,17366189,BRA,BR,76,BRL,33,ChIJw4riypQYmAAR0IMFwRrDSQM,Rio de Janeiro (state),BRRJ,,BRA.19_1,821355.0,11663.0,16533171.0,13526.0
8afaf004,2021-06-07,884936,51540,821355.0,2313502.0,5959826.0,4164276.0,1795550.0,,,,-3.0,-2.0,2.0,-4.0,1.0,0.0,0.0,3.0,2.0,1.0,0.0,4.0,4.0,0.0,56.2,60.65,53.51,75.0,2,Brazil,Rio de Janeiro,,-22.06694317,-42.0633655677008,17366189,BRA,BR,76,BRL,33,ChIJw4riypQYmAAR0IMFwRrDSQM,Rio de Janeiro (state),BRRJ,,BRA.19_1,821355.0,12041.0,16532793.0,13403.0
8afaf004,2021-06-08,888367,51865,826149.0,2313502.0,6047172.0,4236473.0,1810699.0,,,,-3.0,-2.0,2.0,-4.0,1.0,0.0,0.0,3.0,2.0,1.0,0.0,4.0,4.0,0.0,56.2,60.65,53.51,75.0,2,Brazil,Rio de Janeiro,,-22.06694317,-42.0633655677008,17366189,BRA,BR,76,BRL,33,ChIJw4riypQYmAAR0IMFwRrDSQM,Rio de Janeiro (state),BRRJ,,BRA.19_1,826149.0,10353.0,16529687.0,13012.0
8afaf004,2021-06-09,894459,52094,831268.0,2313502.0,6162865.0,4336008.0,1826857.0,,,,-3.0,-2.0,2.0,-4.0,1.0,0.0,0.0,3.0,2.0,1.0,0.0,4.0,4.0,0.0,56.2,60.65,53.51,75.0,2,Brazil,Rio de Janeiro,,-22.06694317,-42.0633655677008,17366189,BRA,BR,76,BRL,33,ChIJw4riypQYmAAR0IMFwRrDSQM,Rio de Janeiro (state),BRRJ,,BRA.19_1,831268.0,11097.0,16523824.0,12012.714285714286
8afaf004,2021-06-10,898531,52371,831268.0,2313502.0,6255864.0,4416557.0,1839307.0,,,,-3.0,-2.0,2.0,-4.0,1.0,0.0,0.0,3.0,2.0,1.0,0.0,4.0,4.0,0.0,56.2,60.65,53.51,75.0,2,Brazil,Rio de Janeiro,,-22.06694317,-42.0633655677008,17366189,BRA,BR,76,BRL,33,ChIJw4riypQYmAAR0IMFwRrDSQM,Rio de Janeiro (state),BRRJ,,BRA.19_1,831268.0,14892.0,16520029.0,12141.142857142857
8afaf004,2021-06-11,902903,52638,831268.0,2313502.0,6348959.0,4494606.0,1854353.0,,,,-3.0,-2.0,2.0,-4.0,1.0,0.0,0.0,3.0,2.0,1.0,0.0,4.0,4.0,0.0,56.2,60.65,53.51,75.0,2,Brazil,Rio de Janeiro,,-22.06694317,-42.0633655677008,17366189,BRA,BR,76,BRL,33,ChIJw4riypQYmAAR0IMFwRrDSQM,Rio de Janeiro (state),BRRJ,,BRA.19_1,831268.0,18997.0,16515924.0,13070.857142857143
8afaf004,2021-06-12,905229,52927,841026.0,2313502.0,6393140.0,4531735.0,1861405.0,,,,-3.0,-2.0,2.0,-4.0,1.0,0.0,0.0,3.0,2.0,1.0,0.0,4.0,4.0,0.0,56.2,60.65,53.51,75.0,2,Brazil,Rio de Janeiro,,-22.06694317,-42.0633655677008,17366189,BRA,BR,76,BRL,33,ChIJw4riypQYmAAR0IMFwRrDSQM,Rio de Janeiro (state),BRRJ,,BRA.19_1,841026.0,11276.0,16513887.0,12902.714285714286
8afaf004,2021-06-13,905821,52998,842522.0,2313502.0,6396760.0,4534493.0,1862267.0,,,,-3.0,-2.0,2.0,-4.0,1.0,0.0,0.0,3.0,2.0,1.0,0.0,4.0,4.0,0.0,56.2,60.65,53.51,75.0,2,Brazil,Rio de Janeiro,,-22.06694317,-42.0633655677008,17366189,BRA,BR,76,BRL,33,ChIJw4riypQYmAAR0IMFwRrDSQM,Rio de Janeiro (state),BRRJ,,BRA.19_1,842522.0,10301.0,16513366.0,12708.142857142857
8afaf004,2021-06-14,909341,53015,845952.0,2313502.0,6481028.0,4606151.0,1874877.0,,,,-3.0,-2.0,2.0,-4.0,1.0,0.0,0.0,3.0,2.0,1.0,0.0,4.0,4.0,0.0,56.2,60.65,53.51,75.0,2,Brazil,Rio de Janeiro,,-22.06694317,-42.0633655677008,17366189,BRA,BR,76,BRL,33,ChIJw4riypQYmAAR0IMFwRrDSQM,Rio de Janeiro (state),BRRJ,,BRA.19_1,845952.0,10374.0,16509863.0,12470.0
8afaf004,2021-06-15,913682,53242,849578.0,2313502.0,6540803.0,4656205.0,1884598.0,,,,-3.0,-2.0,2.0,-4.0,1.0,0.0,0.0,3.0,2.0,1.0,0.0,4.0,4.0,0.0,56.2,60.65,53.51,75.0,2,Brazil,Rio de Janeiro,,-22.06694317,-42.0633655677008,17366189,BRA,BR,76,BRL,33,ChIJw4riypQYmAAR0IMFwRrDSQM,Rio de Janeiro (state),BRRJ,,BRA.19_1,849578.0,10862.0,16505749.0,12542.714285714286
8afaf004,2021-06-16,918383,53476,854040.0,2313502.0,6643836.0,4743182.0,1900654.0,,,,-3.0,-2.0,2.0,-4.0,1.0,0.0,0.0,3.0,2.0,1.0,0.0,4.0,4.0,0.0,56.2,60.65,53.51,75.0,2,Brazil,Rio de Janeiro,,-22.06694317,-42.0633655677008,17366189,BRA,BR,76,BRL,33,ChIJw4riypQYmAAR0IMFwRrDSQM,Rio de Janeiro (state),BRRJ,,BRA.19_1,854040.0,10867.0,16501282.0,12509.857142857143
8afaf004,2021-06-17,923405,53750,854040.0,2313502.0,6748811.0,4832874.0,1915937.0,,,,-3.0,-2.0,2.0,-4.0,1.0,0.0,0.0,3.0,2.0,1.0,0.0,4.0,4.0,0.0,56.2,60.65,53.51,75.0,2,Brazil,Rio de Janeiro,,-22.06694317,-42.0633655677008,17366189,BRA,BR,76,BRL,33,ChIJw4riypQYmAAR0IMFwRrDSQM,Rio de Janeiro (state),BRRJ,,BRA.19_1,854040.0,15615.0,16496534.0,12613.142857142857
8afaf004,2021-06-18,925518,53923,854040.0,2313502.0,6851421.0,4919950.0,1931471.0,,,,-3.0,-2.0,2.0,-4.0,1.0,0.0,0.0,3.0,2.0,1.0,0.0,4.0,4.0,0.0,56.2,60.65,53.51,75.0,2,Brazil,Rio de Janeiro,,-22.06694317,-42.0633655677008,17366189,BRA,BR,76,BRL,33,ChIJw4riypQYmAAR0IMFwRrDSQM,Rio de Janeiro (state),BRRJ,,BRA.19_1,854040.0,17555.0,16494594.0,12407.142857142857
8afaf004,2021-06-19,931885,54142,865881.0,2313502.0,6895132.0,4958363.0,1936769.0,,,,-3.0,-2.0,2.0,-4.0,1.0,0.0,0.0,3.0,2.0,1.0,0.0,4.0,4.0,0.0,56.2,60.65,53.51,75.0,2,Brazil,Rio de Janeiro,,-22.06694317,-42.0633655677008,17366189,BRA,BR,76,BRL,33,ChIJw4riypQYmAAR0IMFwRrDSQM,Rio de Janeiro (state),BRRJ,,BRA.19_1,865881.0,11862.0,16488446.0,12490.857142857143
8afaf004,2021-06-20,932229,54250,865881.0,2313502.0,6903044.0,4965653.0,1937391.0,,,,-3.0,-2.0,2.0,-4.0,1.0,0.0,0.0,3.0,2.0,1.0,0.0,4.0,4.0,0.0,56.2,60.65,53.51,75.0,2,Brazil,Rio de Janeiro,,-22.06694317,-42.0633655677008,17366189,BRA,BR,76,BRL,33,ChIJw4riypQYmAAR0IMFwRrDSQM,Rio de Janeiro (state),BRRJ,,BRA.19_1,865881.0,12098.0,16488210.0,12747.57142857143
8afaf004,2021-06-21,933112,54267,869163.0,2313502.0,6992293.0,5040626.0,1951667.0,,,,2.0,1.0,-2.0,-4.0,1.0,0.0,0.0,3.0,2.0,1.0,0.0,4.0,4.0,0.0,52.55,54.17,49.35,75.0,2,Brazil,Rio de Janeiro,,-22.06694317,-42.0633655677008,17366189,BRA,BR,76,BRL,33,ChIJw4riypQYmAAR0IMFwRrDSQM,Rio de Janeiro (state),BRRJ,,BRA.19_1,869163.0,9682.0,16487344.0,12648.714285714286
8afaf004,2021-06-22,937290,54452,872813.0,2313502.0,7084526.0,5117770.0,1966756.0,,,,2.0,1.0,-2.0,-4.0,1.0,0.0,0.0,3.0,2.0,1.0,0.0,4.0,4.0,0.0,52.55,54.17,49.35,75.0,2,Brazil,Rio de Janeiro,,-22.06694317,-42.0633655677008,17366189,BRA,BR,76,BRL,33,ChIJw4riypQYmAAR0IMFwRrDSQM,Rio de Janeiro (state),BRRJ,,BRA.19_1,872813.0,10025.0,16483351.0,12529.142857142857
8afaf004,2021-06-23,941712,54662,872813.0,2313502.0,7181702.0,5201618.0,1980084.0,,,,2.0,1.0,-2.0,-4.0,1.0,0.0,0.0,3.0,2.0,1.0,0.0,4.0,4.0,0.0,52.55,54.17,49.35,75.0,2,Brazil,Rio de Janeiro,,-22.06694317,-42.0633655677008,17366189,BRA,BR,76,BRL,33,ChIJw4riypQYmAAR0IMFwRrDSQM,Rio de Janeiro (state),BRRJ,,BRA.19_1,872813.0,14237.0,16479139.0,13010.57142857143
8afaf004,2021-06-24,945242,54848,872813.0,2313502.0,7275497.0,5282718.0,1992779.0,,,,2.0,1.0,-2.0,-4.0,1.0,0.0,0.0,3.0,2.0,1.0,0.0,4.0,4.0,0.0,52.55,54.17,49.35,75.0,2,Brazil,Rio de Janeiro,,-22.06694317,-42.0633655677008,17366189,BRA,BR,76,BRL,33,ChIJw4riypQYmAAR0IMFwRrDSQM,Rio de Janeiro (state),BRRJ,,BRA.19_1,872813.0,17581.0,16475795.0,13291.42857142857
8afaf004,2021-06-25,949196,55007,883613.0,2313502.0,7467361.0,5425379.0,2041982.0,,,,2.0,1.0,-2.0,-4.0,1.0,0.0,0.0,3.0,2.0,1.0,0.0,4.0,4.0,0.0,52.55,54.17,49.35,75.0,2,Brazil,Rio de Janeiro,,-22.06694317,-42.0633655677008,17366189,BRA,BR,76,BRL,33,ChIJw4riypQYmAAR0IMFwRrDSQM,Rio de Janeiro (state),BRRJ,,BRA.19_1,883613.0,10576.0,16472000.0,12294.42857142857
8afaf004,2021-06-26,950877,55153,883613.0,2313502.0,7498827.0,5454637.0,2055456.0,,,,2.0,1.0,-2.0,-4.0,1.0,0.0,0.0,3.0,2.0,1.0,0.0,4.0,4.0,0.0,52.55,54.17,49.35,75.0,2,Brazil,Rio de Janeiro,,-22.06694317,-42.0633655677008,17366189,BRA,BR,76,BRL,33,ChIJw4riypQYmAAR0IMFwRrDSQM,Rio de Janeiro (state),BRRJ,,BRA.19_1,883613.0,12111.0,16470465.0,12330.0
8afaf004,2021-06-27,951360,55181,883613.0,2313502.0,7511613.0,5466570.0,2057301.0,,,,2.0,1.0,-2.0,-4.0,1.0,0.0,0.0,3.0,2.0,1.0,0.0,4.0,4.0,0.0,52.55,54.17,49.35,75.0,2,Brazil,Rio de Janeiro,,-22.06694317,-42.0633655677008,17366189,BRA,BR,76,BRL,33,ChIJw4riypQYmAAR0IMFwRrDSQM,Rio de Janeiro (state),BRRJ,,BRA.19_1,883613.0,12566.0,16470010.0,12396.857142857143
8afaf004,2021-06-28,953858,55195,889396.0,2313502.0,7537751.0,5489796.0,2066110.0,,,,2.0,1.0,-2.0,-4.0,1.0,0.0,0.0,3.0,2.0,1.0,0.0,4.0,4.0,0.0,52.55,54.17,49.35,75.0,2,Brazil,Rio de Janeiro,,-22.06694317,-42.0633655677008,17366189,BRA,BR,76,BRL,33,ChIJw4riypQYmAAR0IMFwRrDSQM,Rio de Janeiro (state),BRRJ,,BRA.19_1,889396.0,9267.0,16467526.0,12337.57142857143
8afaf004,2021-06-29,957424,55337,892309.0,2313502.0,7727096.0,5660564.0,2110769.0,,,,2.0,1.0,-2.0,-4.0,1.0,0.0,0.0,3.0,2.0,1.0,0.0,4.0,4.0,0.0,52.55,54.17,49.35,75.0,2,Brazil,Rio de Janeiro,,-22.06694317,-42.0633655677008,17366189,BRA,BR,76,BRL,33,ChIJw4riypQYmAAR0IMFwRrDSQM,Rio de Janeiro (state),BRRJ,,BRA.19_1,892309.0,9778.0,16464102.0,12302.285714285714
8afaf004,2021-06-30,958199,55470,893595.0,2313502.0,7727096.0,5660564.0,2110769.0,,,,2.0,1.0,-2.0,-4.0,1.0,0.0,0.0,3.0,2.0,1.0,0.0,4.0,4.0,0.0,52.55,54.17,49.35,75.0,2,Brazil,Rio de Janeiro,,-22.06694317,-42.0633655677008,17366189,BRA,BR,76,BRL,33,ChIJw4riypQYmAAR0IMFwRrDSQM,Rio de Janeiro (state),BRRJ,,BRA.19_1,893595.0,9134.0,16463460.0,11573.285714285714
8afaf004,2021-07-01,960495,55703,895595.0,2313502.0,7905215.0,5820911.0,2137081.0,,,,2.0,1.0,-2.0,-4.0,1.0,0.0,0.0,3.0,2.0,1.0,0.0,4.0,4.0,0.0,52.55,54.17,49.35,75.0,2,Brazil,Rio de Janeiro,,-22.06694317,-42.0633655677008,17366189,BRA,BR,76,BRL,33,ChIJw4riypQYmAAR0IMFwRrDSQM,Rio de Janeiro (state),BRRJ,,BRA.19_1,895595.0,9197.0,16461397.0,10375.57142857143
8afaf004,2021-07-02,963166,55876,895595.0,2313502.0,8072111.0,5962343.0,2169681.0,,,,2.0,1.0,-2.0,-4.0,1.0,0.0,0.0,3.0,2.0,1.0,0.0,4.0,4.0,0.0,52.55,54.17,49.35,75.0,2,Brazil,Rio de Janeiro,,-22.06694317,-42.0633655677008,17366189,BRA,BR,76,BRL,33,ChIJw4riypQYmAAR0IMFwRrDSQM,Rio de Janeiro (state),BRRJ,,BRA.19_1,895595.0,11695.0,16458899.0,10535.42857142857
8afaf004,2021-07-03,965699,56011,895595.0,2313502.0,8084518.0,5972611.0,2172640.0,,,,2.0,1.0,-2.0,-4.0,1.0,0.0,0.0,3.0,2.0,1.0,0.0,4.0,4.0,0.0,52.55,54.17,49.35,75.0,2,Brazil,Rio de Janeiro,,-22.06694317,-42.0633655677008,17366189,BRA,BR,76,BRL,33,ChIJw4riypQYmAAR0IMFwRrDSQM,Rio de Janeiro (state),BRRJ,,BRA.19_1,895595.0,14093.0,16456501.0,10818.57142857143
8afaf004,2021-07-04,966114,56031,901266.0,2313502.0,8176073.0,6051532.0,2187991.0,,,,2.0,1.0,-2.0,-4.0,1.0,0.0,0.0,3.0,2.0,1.0,0.0,4.0,4.0,0.0,52.55,54.17,49.35,75.0,2,Brazil,Rio de Janeiro,,-22.06694317,-42.0633655677008,17366189,BRA,BR,76,BRL,33,ChIJw4riypQYmAAR0IMFwRrDSQM,Rio de Janeiro (state),BRRJ,,BRA.19_1,901266.0,8817.0,16456106.0,10283.0
8afaf004,2021-07-05,966888,56039,902869.0,2313502.0,8292637.0,6136502.0,2223711.0,,,,2.0,1.0,-2.0,-4.0,1.0,0.0,0.0,3.0,2.0,1.0,0.0,4.0,4.0,0.0,52.55,54.17,49.35,75.0,2,Brazil,Rio de Janeiro,,-22.06694317,-42.0633655677008,17366189,BRA,BR,76,BRL,33,ChIJw4riypQYmAAR0IMFwRrDSQM,Rio de Janeiro (state),BRRJ,,BRA.19_1,902869.0,7980.0,16455340.0,10099.142857142857
8afaf004,2021-07-06,970268,56192,905728.0,2313502.0,8422356.0,6237230.0,2258414.0,,,,2.0,1.0,-2.0,-4.0,1.0,0.0,0.0,3.0,2.0,1.0,0.0,4.0,4.0,0.0,52.55,54.17,49.35,75.0,2,Brazil,Rio de Janeiro,,-22.06694317,-42.0633655677008,17366189,BRA,BR,76,BRL,33,ChIJw4riypQYmAAR0IMFwRrDSQM,Rio de Janeiro (state),BRRJ,,BRA.19_1,905728.0,8348.0,16452113.0,9894.857142857143
8afaf004,2021-07-07,972619,56321,905728.0,2313502.0,8578065.0,6369431.0,2336372.0,,,,2.0,1.0,-2.0,-4.0,1.0,0.0,0.0,3.0,2.0,1.0,0.0,4.0,4.0,0.0,52.55,54.17,49.35,75.0,2,Brazil,Rio de Janeiro,,-22.06694317,-42.0633655677008,17366189,BRA,BR,76,BRL,33,ChIJw4riypQYmAAR0IMFwRrDSQM,Rio de Janeiro (state),BRRJ,,BRA.19_1,905728.0,10570.0,16449891.0,10100.0
8afaf004,2021-07-08,974848,56498,905728.0,2313502.0,8668076.0,6437057.0,2376844.0,,,,2.0,1.0,-2.0,-4.0,1.0,0.0,0.0,3.0,2.0,1.0,0.0,4.0,4.0,0.0,52.55,54.17,49.35,75.0,2,Brazil,Rio de Janeiro,,-22.06694317,-42.0633655677008,17366189,BRA,BR,76,BRL,33,ChIJw4riypQYmAAR0IMFwRrDSQM,Rio de Janeiro (state),BRRJ,,BRA.19_1,905728.0,12622.0,16447839.0,10589.285714285714
8afaf004,2021-07-09,977770,56559,905728.0,2313502.0,8736361.0,6489711.0,2402282.0,,,,2.0,1.0,-2.0,-4.0,1.0,0.0,0.0,3.0,2.0,1.0,0.0,4.0,4.0,0.0,52.55,54.17,49.35,75.0,2,Brazil,Rio de Janeiro,,-22.06694317,-42.0633655677008,17366189,BRA,BR,76,BRL,33,ChIJw4riypQYmAAR0IMFwRrDSQM,Rio de Janeiro (state),BRRJ,,BRA.19_1,905728.0,15483.0,16444978.0,11130.42857142857
8afaf004,2021-07-10,981088,56755,914722.0,2313502.0,8801027.0,6534767.0,2428694.0,,,,2.0,1.0,-2.0,-4.0,1.0,0.0,0.0,3.0,2.0,1.0,0.0,4.0,4.0,0.0,52.55,54.17,49.35,75.0,2,Brazil,Rio de Janeiro,,-22.06694317,-42.0633655677008,17366189,BRA,BR,76,BRL,33,ChIJw4riypQYmAAR0IMFwRrDSQM,Rio de Janeiro (state),BRRJ,,BRA.19_1,914722.0,9611.0,16441856.0,10490.142857142857
8afaf004,2021-07-11,981839,56808,915980.0,2313502.0,8945633.0,6648281.0,2475386.0,,,,2.0,1.0,-2.0,-4.0,1.0,0.0,0.0,3.0,2.0,1.0,0.0,4.0,4.0,0.0,52.55,54.17,49.35,75.0,2,Brazil,Rio de Janeiro,,-22.06694317,-42.0633655677008,17366189,BRA,BR,76,BRL,33,ChIJw4riypQYmAAR0IMFwRrDSQM,Rio de Janeiro (state),BRRJ,,BRA.19_1,915980.0,9051.0,16441158.0,10523.57142857143
8afaf004,2021-07-12,982609,56848,915980.0,2313502.0,9030005.0,6712858.0,2500733.0,,,,2.0,1.0,-2.0,-4.0,1.0,0.0,0.0,3.0,2.0,1.0,0.0,4.0,4.0,0.0,52.55,54.17,49.35,75.0,2,Brazil,Rio de Janeiro,,-22.06694317,-42.0633655677008,17366189,BRA,BR,76,BRL,33,ChIJw4riypQYmAAR0IMFwRrDSQM,Rio de Janeiro (state),BRRJ,,BRA.19_1,915980.0,9781.0,16440428.0,10780.857142857143
8afaf004,2021-07-13,984554,56947,919191.0,2313502.0,9211898.0,6839553.0,2567907.0,,,,2.0,1.0,-2.0,-4.0,1.0,-1.0,0.0,3.0,2.0,1.0,0.0,4.0,4.0,-2.0,56.72,56.02,54.11,75.0,2,Brazil,Rio de Janeiro,,-22.06694317,-42.0633655677008,17366189,BRA,BR,76,BRL,33,ChIJw4riypQYmAAR0IMFwRrDSQM,Rio de Janeiro (state),BRRJ,,BRA.19_1,919191.0,8416.0,16438582.0,10790.57142857143
8afaf004,2021-07-14,986233,57075,920383.0,2313502.0,9362091.0,6949750.0,2618356.0,,,,2.0,1.0,-2.0,-4.0,1.0,-1.0,0.0,3.0,2.0,1.0,0.0,4.0,4.0,-2.0,56.72,56.02,54.11,75.0,2,Brazil,Rio de Janeiro,,-22.06694317,-42.0633655677008,17366189,BRA,BR,76,BRL,33,ChIJw4riypQYmAAR0IMFwRrDSQM,Rio de Janeiro (state),BRRJ,,BRA.19_1,920383.0,8775.0,16437031.0,10534.142857142857
8afaf004,2021-07-15,992619,57252,920383.0,2313502.0,9510803.0,7045930.0,2677653.0,,,,2.0,1.0,-2.0,-4.0,1.0,-1.0,0.0,3.0,2.0,1.0,0.0,4.0,4.0,-2.0,56.72,56.02,54.11,75.0,2,Brazil,Rio de Janeiro,,-22.06694317,-42.0633655677008,17366189,BRA,BR,76,BRL,33,ChIJw4riypQYmAAR0IMFwRrDSQM,Rio de Janeiro (state),BRRJ,,BRA.19_1,920383.0,14984.0,16430822.0,10871.57142857143
8afaf004,2021-07-16,995266,57388,927931.0,2313502.0,9646942.0,7135620.0,2733202.0,,,,2.0,1.0,-2.0,-4.0,1.0,-1.0,0.0,3.0,2.0,1.0,0.0,4.0,4.0,-2.0,56.72,56.02,54.11,75.0,2,Brazil,Rio de Janeiro,,-22.06694317,-42.0633655677008,17366189,BRA,BR,76,BRL,33,ChIJw4riypQYmAAR0IMFwRrDSQM,Rio de Janeiro (state),BRRJ,,BRA.19_1,927931.0,9947.0,16428311.0,10080.714285714286
8afaf004,2021-07-17,998919,57522,927931.0,2313502.0,9719556.0,7181521.0,2761793.0,,,,2.0,1.0,-2.0,-4.0,1.0,-1.0,0.0,3.0,2.0,1.0,0.0,4.0,4.0,-2.0,56.72,56.02,54.11,75.0,2,Brazil,Rio de Janeiro,,-22.06694317,-42.0633655677008,17366189,BRA,BR,76,BRL,33,ChIJw4riypQYmAAR0IMFwRrDSQM,Rio de Janeiro (state),BRRJ,,BRA.19_1,927931.0,13466.0,16424792.0,10631.42857142857
8afaf004,2021-07-18,999906,57578,927931.0,2313502.0,9731072.0,7189790.0,2765579.0,,,,2.0,1.0,-2.0,-4.0,1.0,-1.0,0.0,3.0,2.0,1.0,0.0,4.0,4.0,-2.0,56.72,56.02,54.11,75.0,2,Brazil,Rio de Janeiro,,-22.06694317,-42.0633655677008,17366189,BRA,BR,76,BRL,33,ChIJw4riypQYmAAR0IMFwRrDSQM,Rio de Janeiro (state),BRRJ,,BRA.19_1,927931.0,14397.0,16423861.0,11395.142857142857
8afaf004,2021-07-19,1000496,57585,933640.0,2313502.0,9731074.0,7189792.0,2765581.0,,,,2.0,1.0,-2.0,-4.0,1.0,-1.0,0.0,3.0,2.0,1.0,0.0,4.0,4.0,-2.0,56.72,56.02,54.11,75.0,2,Brazil,Rio de Janeiro,,-22.06694317,-42.0633655677008,17366189,BRA,BR,76,BRL,33,ChIJw4riypQYmAAR0IMFwRrDSQM,Rio de Janeiro (state),BRRJ,,BRA.19_1,933640.0,9271.0,16423278.0,11322.285714285714
8afaf004,2021-07-20,1001670,57705,935355.0,2313502.0,9977636.0,7342658.0,2873829.0,,,,2.0,1.0,-2.0,-4.0,1.0,-1.0,0.0,3.0,2.0,1.0,0.0,4.0,4.0,-2.0,56.72,56.02,54.11,75.0,2,Brazil,Rio de Janeiro,,-22.06694317,-42.0633655677008,17366189,BRA,BR,76,BRL,33,ChIJw4riypQYmAAR0IMFwRrDSQM,Rio de Janeiro (state),BRRJ,,BRA.19_1,935355.0,8610.0,16422224.0,11350.0
8afaf004,2021-07-21,1005098,57856,935355.0,2313502.0,10094083.0,7419748.0,2917296.0,,,,2.0,1.0,-2.0,-4.0,1.0,-1.0,0.0,3.0,2.0,1.0,0.0,4.0,4.0,-2.0,56.72,56.02,54.11,75.0,2,Brazil,Rio de Janeiro,,-22.06694317,-42.0633655677008,17366189,BRA,BR,76,BRL,33,ChIJw4riypQYmAAR0IMFwRrDSQM,Rio de Janeiro (state),BRRJ,,BRA.19_1,935355.0,11887.0,16418947.0,11794.57142857143
8afaf004,2021-07-22,1008623,58036,940297.0,2313502.0,10264146.0,7533211.0,2978922.0,,,,2.0,1.0,-2.0,-4.0,1.0,-1.0,0.0,3.0,2.0,1.0,0.0,4.0,4.0,-2.0,56.72,56.02,54.11,75.0,2,Brazil,Rio de Janeiro,,-22.06694317,-42.0633655677008,17366189,BRA,BR,76,BRL,33,ChIJw4riypQYmAAR0IMFwRrDSQM,Rio de Janeiro (state),BRRJ,,BRA.19_1,940297.0,10290.0,16415602.0,11124.0
8afaf004,2021-07-23,1012026,58219,943055.0,2313502.0,10390754.0,7614636.0,3026948.0,,,,2.0,1.0,-2.0,-4.0,1.0,-1.0,0.0,3.0,2.0,1.0,0.0,4.0,4.0,-2.0,56.72,56.02,54.11,75.0,2,Brazil,Rio de Janeiro,,-22.06694317,-42.0633655677008,17366189,BRA,BR,76,BRL,33,ChIJw4riypQYmAAR0IMFwRrDSQM,Rio de Janeiro (state),BRRJ,,BRA.19_1,943055.0,10752.0,16412382.0,11239.0
8afaf004,2021-07-24,1013744,58361,943055.0,2313502.0,10444903.0,7645661.0,3052019.0,,,,2.0,1.0,-2.0,-4.0,1.0,-1.0,0.0,3.0,2.0,1.0,0.0,4.0,4.0,-2.0,56.72,56.02,54.11,75.0,2,Brazil,Rio de Janeiro,,-22.06694317,-42.0633655677008,17366189,BRA,BR,76,BRL,33,ChIJw4riypQYmAAR0IMFwRrDSQM,Rio de Janeiro (state),BRRJ,,BRA.19_1,943055.0,12328.0,16410806.0,11076.42857142857
8afaf004,2021-07-25,1014583,58412,944924.0,2313502.0,10457725.0,7655233.0,3056221.0,,,,2.0,1.0,-2.0,-4.0,1.0,-1.0,0.0,3.0,2.0,1.0,0.0,4.0,4.0,-2.0,56.72,56.02,54.11,75.0,2,Brazil,Rio de Janeiro,,-22.06694317,-42.0633655677008,17366189,BRA,BR,76,BRL,33,ChIJw4riypQYmAAR0IMFwRrDSQM,Rio de Janeiro (state),BRRJ,,BRA.19_1,944924.0,11247.0,16410018.0,10626.42857142857
8afaf004,2021-07-26,1014915,58452,947587.0,2313502.0,10536020.0,7692463.0,3099595.0,,,,2.0,1.0,-2.0,-4.0,1.0,-1.0,0.0,3.0,2.0,1.0,0.0,4.0,4.0,-2.0,56.72,56.02,54.11,75.0,2,Brazil,Rio de Janeiro,,-22.06694317,-42.0633655677008,17366189,BRA,BR,76,BRL,33,ChIJw4riypQYmAAR0IMFwRrDSQM,Rio de Janeiro (state),BRRJ,,BRA.19_1,947587.0,8876.0,16409726.0,10570.0
8afaf004,2021-07-27,1018721,58612,947587.0,2313502.0,10586542.0,7723511.0,3120406.0,,,,2.0,1.0,-2.0,-4.0,1.0,-1.0,0.0,3.0,2.0,1.0,0.0,4.0,4.0,-2.0,56.72,56.02,54.11,75.0,2,Brazil,Rio de Janeiro,,-22.06694317,-42.0633655677008,17366189,BRA,BR,76,BRL,33,ChIJw4riypQYmAAR0IMFwRrDSQM,Rio de Janeiro (state),BRRJ,,BRA.19_1,947587.0,12522.0,16406080.0,11128.857142857143
8afaf004,2021-07-28,1022499,58766,947587.0,2313502.0,10830390.0,7859554.0,3234711.0,,,,2.0,1.0,-2.0,-4.0,1.0,-1.0,0.0,3.0,2.0,1.0,0.0,4.0,4.0,-2.0,56.72,56.02,54.11,75.0,2,Brazil,Rio de Janeiro,,-22.06694317,-42.0633655677008,17366189,BRA,BR,76,BRL,33,ChIJw4riypQYmAAR0IMFwRrDSQM,Rio de Janeiro (state),BRRJ,,BRA.19_1,947587.0,16146.0,16402456.0,11737.285714285714
8afaf004,2021-07-29,1023940,58973,947587.0,2313502.0,10830390.0,7859554.0,3234711.0,,,,2.0,1.0,-2.0,-4.0,1.0,-1.0,0.0,3.0,2.0,1.0,0.0,4.0,4.0,-2.0,56.72,56.02,54.11,75.0,2,Brazil,Rio de Janeiro,,-22.06694317,-42.0633655677008,17366189,BRA,BR,76,BRL,33,ChIJw4riypQYmAAR0IMFwRrDSQM,Rio de Janeiro (state),BRRJ,,BRA.19_1,947587.0,17380.0,16401222.0,12750.142857142857
8afaf004,2021-07-30,1029016,59110,947587.0,2313502.0,11122416.0,8047859.0,3343957.0,,,,2.0,1.0,-2.0,-2.0,1.0,0.0,0.0,3.0,2.0,1.0,0.0,4.0,4.0,-2.0,52.55,48.61,49.35,75.0,2,Brazil,Rio de Janeiro,,-22.06694317,-42.0633655677008,17366189,BRA,BR,76,BRL,33,ChIJw4riypQYmAAR0IMFwRrDSQM,Rio de Janeiro (state),BRRJ,,BRA.19_1,947587.0,22319.0,16396283.0,14402.57142857143
8afaf004,2021-07-31,1031839,59269,947587.0,2313502.0,11275565.0,8141072.0,3406592.0,,,,2.0,1.0,-2.0,-2.0,1.0,0.0,0.0,3.0,2.0,1.0,0.0,4.0,4.0,-2.0,52.55,48.61,49.35,75.0,2,Brazil,Rio de Janeiro,,-22.06694317,-42.0633655677008,17366189,BRA,BR,76,BRL,33,ChIJw4riypQYmAAR0IMFwRrDSQM,Rio de Janeiro (state),BRRJ,,BRA.19_1,947587.0,24983.0,16393619.0,16210.42857142857
8afaf004,2021-08-01,1032320,59298,947587.0,2313502.0,11328610.0,8176847.0,3424651.0,,,,2.0,1.0,-2.0,-2.0,1.0,0.0,0.0,3.0,2.0,1.0,0.0,4.0,4.0,-2.0,52.55,48.61,49.35,75.0,2,Brazil,Rio de Janeiro,,-22.06694317,-42.0633655677008,17366189,BRA,BR,76,BRL,33,ChIJw4riypQYmAAR0IMFwRrDSQM,Rio de Janeiro (state),BRRJ,,BRA.19_1,947587.0,25435.0,16393167.0,18237.285714285714
8afaf004,2021-08-02,1033477,59375,947587.0,2313502.0,11342552.0,8188121.0,3427627.0,,,,2.0,1.0,-2.0,-2.0,1.0,0.0,0.0,3.0,2.0,1.0,0.0,4.0,4.0,-2.0,52.55,48.61,49.35,75.0,2,Brazil,Rio de Janeiro,,-22.06694317,-42.0633655677008,17366189,BRA,BR,76,BRL,33,ChIJw4riypQYmAAR0IMFwRrDSQM,Rio de Janeiro (state),BRRJ,,BRA.19_1,947587.0,26515.0,16392087.0,20757.14285714286
8afaf004,2021-08-03,1036927,59487,947587.0,2313502.0,11342552.0,8188121.0,3427627.0,,,,2.0,1.0,-2.0,-2.0,1.0,0.0,0.0,3.0,2.0,1.0,0.0,4.0,4.0,-2.0,52.55,48.61,49.35,75.0,2,Brazil,Rio de Janeiro,,-22.06694317,-42.0633655677008,17366189,BRA,BR,76,BRL,33,ChIJw4riypQYmAAR0IMFwRrDSQM,Rio de Janeiro (state),BRRJ,,BRA.19_1,947587.0,29853.0,16388749.0,23233.0
8afaf004,2021-08-04,1041216,59535,947587.0,2313502.0,11670832.0,8410752.0,3539606.0,,,,2.0,1.0,-2.0,-2.0,1.0,0.0,0.0,3.0,2.0,1.0,0.0,4.0,4.0,-2.0,52.55,48.61,49.35,75.0,2,Brazil,Rio de Janeiro,,-22.06694317,-42.0633655677008,17366189,BRA,BR,76,BRL,33,ChIJw4riypQYmAAR0IMFwRrDSQM,Rio de Janeiro (state),BRRJ,,BRA.19_1,947587.0,34094.0,16384508.0,25797.0
8afaf004,2021-08-05,1044535,59659,968931.0,2313502.0,11825593.0,8513641.0,3595454.0,,,,2.0,1.0,-2.0,-2.0,1.0,0.0,0.0,3.0,2.0,1.0,0.0,4.0,4.0,-2.0,52.55,48.61,49.35,75.0,2,Brazil,Rio de Janeiro,,-22.06694317,-42.0633655677008,17366189,BRA,BR,76,BRL,33,ChIJw4riypQYmAAR0IMFwRrDSQM,Rio de Janeiro (state),BRRJ,,BRA.19_1,968931.0,15945.0,16381313.0,25592.0
8afaf004,2021-08-06,1046494,59787,968931.0,2313502.0,11987242.0,8628112.0,3646868.0,,,,2.0,1.0,-2.0,-2.0,1.0,0.0,0.0,3.0,2.0,1.0,0.0,4.0,4.0,-2.0,52.55,48.61,49.35,75.0,2,Brazil,Rio de Janeiro,,-22.06694317,-42.0633655677008,17366189,BRA,BR,76,BRL,33,ChIJw4riypQYmAAR0IMFwRrDSQM,Rio de Janeiro (state),BRRJ,,BRA.19_1,968931.0,17776.0,16379482.0,24943.0
8afaf004,2021-08-07,1058911,59959,968931.0,2313502.0,11987242.0,8628112.0,3646868.0,,,,2.0,1.0,-2.0,-2.0,1.0,0.0,0.0,3.0,2.0,1.0,0.0,4.0,4.0,-2.0,52.55,48.61,49.35,75.0,2,Brazil,Rio de Janeiro,,-22.06694317,-42.0633655677008,17366189,BRA,BR,76,BRL,33,ChIJw4riypQYmAAR0IMFwRrDSQM,Rio de Janeiro (state),BRRJ,,BRA.19_1,968931.0,30021.0,16367237.0,25662.714285714286
8afaf004,2021-08-08,1060591,59984,968931.0,2313502.0,12056728.0,8676728.0,3668071.0,,,,2.0,1.0,-2.0,-2.0,1.0,0.0,0.0,3.0,2.0,1.0,0.0,4.0,4.0,-2.0,52.55,48.61,49.35,75.0,2,Brazil,Rio de Janeiro,,-22.06694317,-42.0633655677008,17366189,BRA,BR,76,BRL,33,ChIJw4riypQYmAAR0IMFwRrDSQM,Rio de Janeiro (state),BRRJ,,BRA.19_1,968931.0,31676.0,16365582.0,26554.285714285714
8afaf004,2021-08-09,1061793,59990,968931.0,2313502.0,12214585.0,8791428.0,3713427.0,,,,2.0,1.0,-2.0,-2.0,1.0,0.0,0.0,3.0,2.0,1.0,0.0,4.0,4.0,-2.0,52.55,48.61,49.35,75.0,2,Brazil,Rio de Janeiro,,-22.06694317,-42.0633655677008,17366189,BRA,BR,76,BRL,33,ChIJw4riypQYmAAR0IMFwRrDSQM,Rio de Janeiro (state),BRRJ,,BRA.19_1,968931.0,32872.0,16364386.0,27462.428571428572
8afaf004,2021-08-10,1063772,60136,988571.0,2313502.0,12375179.0,8895688.0,3772761.0,,,,2.0,1.0,-2.0,-2.0,1.0,0.0,0.0,3.0,2.0,1.0,0.0,4.0,4.0,-2.0,52.55,48.61,49.35,75.0,2,Brazil,Rio de Janeiro,,-22.06694317,-42.0633655677008,17366189,BRA,BR,76,BRL,33,ChIJw4riypQYmAAR0IMFwRrDSQM,Rio de Janeiro (state),BRRJ,,BRA.19_1,988571.0,15065.0,16362553.0,25349.85714285714
8afaf004,2021-08-11,1067809,60266,988571.0,2313502.0,12501807.0,8982808.0,3814385.0,,,,2.0,1.0,-2.0,-2.0,1.0,0.0,0.0,3.0,2.0,1.0,0.0,4.0,4.0,-2.0,52.55,48.61,49.35,75.0,2,Brazil,Rio de Janeiro,,-22.06694317,-42.0633655677008,17366189,BRA,BR,76,BRL,33,ChIJw4riypQYmAAR0IMFwRrDSQM,Rio de Janeiro (state),BRRJ,,BRA.19_1,988571.0,18972.0,16358646.0,23189.571428571428
8afaf004,2021-08-12,1072522,60441,988571.0,2313502.0,12641991.0,9063266.0,3878798.0,,,,2.0,1.0,-2.0,-2.0,1.0,0.0,0.0,3.0,2.0,1.0,0.0,4.0,4.0,-2.0,52.55,48.61,49.35,75.0,2,Brazil,Rio de Janeiro,,-22.06694317,-42.0633655677008,17366189,BRA,BR,76,BRL,33,ChIJw4riypQYmAAR0IMFwRrDSQM,Rio de Janeiro (state),BRRJ,,BRA.19_1,988571.0,23510.0,16354108.0,24270.285714285714
8afaf004,2021-08-13,1076885,60549,988571.0,2313502.0,12781595.0,9138458.0,3947262.0,,,,2.0,1.0,-2.0,-2.0,1.0,0.0,0.0,3.0,2.0,1.0,0.0,4.0,4.0,-2.0,52.55,48.61,49.35,75.0,2,Brazil,Rio de Janeiro,,-22.06694317,-42.0633655677008,17366189,BRA,BR,76,BRL,33,ChIJw4riypQYmAAR0IMFwRrDSQM,Rio de Janeiro (state),BRRJ,,BRA.19_1,988571.0,27765.0,16349853.0,25697.285714285714
8afaf004,2021-08-14,1080746,60632,988571.0,2313502.0,12817542.0,9165267.0,3957493.0,,,,2.0,1.0,-2.0,-2.0,1.0,0.0,0.0,3.0,2.0,1.0,0.0,4.0,4.0,-2.0,52.55,48.61,49.35,75.0,2,Brazil,Rio de Janeiro,,-22.06694317,-42.0633655677008,17366189,BRA,BR,76,BRL,33,ChIJw4riypQYmAAR0IMFwRrDSQM,Rio de Janeiro (state),BRRJ,,BRA.19_1,988571.0,31543.0,16346075.0,25914.714285714286
8afaf004,2021-08-15,1080845,60647,988571.0,2313502.0,12817542.0,9165267.0,3957493.0,,,,2.0,1.0,-2.0,-2.0,1.0,0.0,0.0,3.0,2.0,1.0,0.0,4.0,4.0,-2.0,52.55,48.61,49.35,75.0,2,Brazil,Rio de Janeiro,,-22.06694317,-42.0633655677008,17366189,BRA,BR,76,BRL,33,ChIJw4riypQYmAAR0IMFwRrDSQM,Rio de Janeiro (state),BRRJ,,BRA.19_1,988571.0,31627.0,16345991.0,25907.714285714286
8afaf004,2021-08-16,1083263,60655,988571.0,2313502.0,12817542.0,9165267.0,3957493.0,,,,-2.0,1.0,-2.0,-2.0,1.0,0.0,0.0,3.0,2.0,1.0,0.0,4.0,4.0,-2.0,51.51,46.76,48.15,75.0,2,Brazil,Rio de Janeiro,,-22.06694317,-42.0633655677008,17366189,BRA,BR,76,BRL,33,ChIJw4riypQYmAAR0IMFwRrDSQM,Rio de Janeiro (state),BRRJ,,BRA.19_1,988571.0,34037.0,16343581.0,26074.14285714286
8afaf004,2021-08-17,1088188,60771,988571.0,2313502.0,13333996.0,9509968.0,4135235.0,,,,-2.0,1.0,-2.0,-2.0,1.0,0.0,0.0,3.0,2.0,1.0,0.0,4.0,4.0,-2.0,51.51,46.76,48.15,75.0,2,Brazil,Rio de Janeiro,,-22.06694317,-42.0633655677008,17366189,BRA,BR,76,BRL,33,ChIJw4riypQYmAAR0IMFwRrDSQM,Rio de Janeiro (state),BRRJ,,BRA.19_1,988571.0,38846.0,16338772.0,29471.428571428572
8afaf004,2021-08-18,1093165,60902,1010539.0,2313502.0,13333996.0,9509968.0,4135235.0,,,,-2.0,1.0,-2.0,-2.0,1.0,0.0,0.0,3.0,2.0,1.0,0.0,4.0,4.0,-2.0,51.51,46.76,48.15,75.0,2,Brazil,Rio de Janeiro,,-22.06694317,-42.0633655677008,17366189,BRA,BR,76,BRL,33,ChIJw4riypQYmAAR0IMFwRrDSQM,Rio de Janeiro (state),BRRJ,,BRA.19_1,1010539.0,21724.0,16333926.0,29864.571428571428
8afaf004,2021-08-19,1097935,61090,1010539.0,2313502.0,13754025.0,9772050.0,4296127.0,,,,-2.0,1.0,-2.0,-2.0,1.0,0.0,0.0,3.0,2.0,1.0,0.0,4.0,4.0,-2.0,51.51,46.76,48.15,75.0,2,Brazil,Rio de Janeiro,,-22.06694317,-42.0633655677008,17366189,BRA,BR,76,BRL,33,ChIJw4riypQYmAAR0IMFwRrDSQM,Rio de Janeiro (state),BRRJ,,BRA.19_1,1010539.0,26306.0,16329344.0,30264.0
8afaf004,2021-08-20,1102305,61254,1010539.0,2313502.0,13943863.0,9893396.0,4366262.0,,,,-2.0,1.0,-2.0,0.0,1.0,0.0,0.0,3.0,2.0,1.0,0.0,4.0,4.0,-2.0,49.17,42.59,45.48,75.0,2,Brazil,Rio de Janeiro,,-22.06694317,-42.0633655677008,17366189,BRA,BR,76,BRL,33,ChIJw4riypQYmAAR0IMFwRrDSQM,Rio de Janeiro (state),BRRJ,,BRA.19_1,1010539.0,30512.0,16325138.0,30656.428571428572
8afaf004,2021-08-21,1104215,61368,1010539.0,2313502.0,13943863.0,9893396.0,4366262.0,,,,-2.0,1.0,-2.0,0.0,1.0,0.0,0.0,3.0,2.0,1.0,0.0,4.0,4.0,-2.0,49.17,42.59,45.48,75.0,2,Brazil,Rio de Janeiro,,-22.06694317,-42.0633655677008,17366189,BRA,BR,76,BRL,33,ChIJw4riypQYmAAR0IMFwRrDSQM,Rio de Janeiro (state),BRRJ,,BRA.19_1,1010539.0,32308.0,16323342.0,30765.714285714286
8afaf004,2021-08-22,1106424,61388,1010539.0,2313502.0,14148628.0,10030194.0,4435968.0,,,,-2.0,1.0,-2.0,0.0,1.0,0.0,0.0,3.0,2.0,1.0,0.0,4.0,4.0,-2.0,49.17,42.59,45.48,75.0,2,Brazil,Rio de Janeiro,,-22.06694317,-42.0633655677008,17366189,BRA,BR,76,BRL,33,ChIJw4riypQYmAAR0IMFwRrDSQM,Rio de Janeiro (state),BRRJ,,BRA.19_1,1010539.0,34497.0,16321153.0,31175.714285714286
8afaf004,2021-08-23,1107794,61403,1029035.0,2313502.0,14225055.0,10069151.0,4475716.0,,,,-2.0,1.0,-2.0,0.0,1.0,0.0,0.0,3.0,2.0,1.0,0.0,4.0,4.0,-2.0,49.17,42.59,45.48,75.0,2,Brazil,Rio de Janeiro,,-22.06694317,-42.0633655677008,17366189,BRA,BR,76,BRL,33,ChIJw4riypQYmAAR0IMFwRrDSQM,Rio de Janeiro (state),BRRJ,,BRA.19_1,1029035.0,17356.0,16319798.0,28792.714285714286
8afaf004,2021-08-24,1112203,61605,1032738.0,2313502.0,14374346.0,10161785.0,4533084.0,,,,-2.0,1.0,-2.0,0.0,1.0,0.0,0.0,3.0,2.0,1.0,0.0,4.0,4.0,-2.0,49.17,42.59,45.48,75.0,2,Brazil,Rio de Janeiro,,-22.06694317,-42.0633655677008,17366189,BRA,BR,76,BRL,33,ChIJw4riypQYmAAR0IMFwRrDSQM,Rio de Janeiro (state),BRRJ,,BRA.19_1,1032738.0,17860.0,16315591.0,25794.714285714286
8afaf004,2021-08-25,1116338,61752,1036617.0,2313502.0,14524715.0,10251170.0,4594933.0,,,,-2.0,1.0,-2.0,0.0,1.0,0.0,0.0,3.0,2.0,1.0,0.0,4.0,4.0,-2.0,49.17,42.59,45.48,75.0,2,Brazil,Rio de Janeiro,,-22.06694317,-42.0633655677008,17366189,BRA,BR,76,BRL,33,ChIJw4riypQYmAAR0IMFwRrDSQM,Rio de Janeiro (state),BRRJ,,BRA.19_1,1036617.0,17969.0,16311603.0,25258.285714285714
8afaf004,2021-08-26,1119881,61982,1036617.0,2313502.0,14667449.0,10321496.0,4668468.0,,,,-2.0,1.0,-2.0,0.0,1.0,0.0,0.0,3.0,2.0,1.0,0.0,4.0,4.0,-2.0,49.17,42.59,45.48,75.0,2,Brazil,Rio de Janeiro,,-22.06694317,-42.0633655677008,17366189,BRA,BR,76,BRL,33,ChIJw4riypQYmAAR0IMFwRrDSQM,Rio de Janeiro (state),BRRJ,,BRA.19_1,1036617.0,21282.0,16308290.0,24540.571428571428
8afaf004,2021-08-27,1122331,62091,1036617.0,2313502.0,14825460.0,10413697.0,4735248.0,,,,-2.0,1.0,-2.0,0.0,1.0,0.0,0.0,3.0,2.0,1.0,0.0,4.0,5.0,-2.0,50.42,42.59,46.9,75.0,2,Brazil,Rio de Janeiro,,-22.06694317,-42.0633655677008,17366189,BRA,BR,76,BRL,33,ChIJw4riypQYmAAR0IMFwRrDSQM,Rio de Janeiro (state),BRRJ,,BRA.19_1,1036617.0,23623.0,16305949.0,23556.428571428572
8afaf004,2021-08-28,1124612,62221,1036617.0,2313502.0,14991952.0,10515757.0,4800902.0,,,,-2.0,1.0,-2.0,0.0,1.0,0.0,0.0,3.0,2.0,1.0,0.0,4.0,5.0,-2.0,50.42,42.59,46.9,75.0,2,Brazil,Rio de Janeiro,,-22.06694317,-42.0633655677008,17366189,BRA,BR,76,BRL,33,ChIJw4riypQYmAAR0IMFwRrDSQM,Rio de Janeiro (state),BRRJ,,BRA.19_1,1036617.0,25774.0,16303798.0,22623.0
8afaf004,2021-08-29,1125234,62242,1036617.0,2313502.0,15092220.0,10580799.0,4836723.0,,,,-2.0,1.0,-2.0,0.0,1.0,0.0,0.0,3.0,2.0,1.0,0.0,4.0,5.0,-2.0,50.42,42.59,46.9,75.0,2,Brazil,Rio de Janeiro,,-22.06694317,-42.0633655677008,17366189,BRA,BR,76,BRL,33,ChIJw4riypQYmAAR0IMFwRrDSQM,Rio de Janeiro (state),BRRJ,,BRA.19_1,1036617.0,26375.0,16303197.0,21462.714285714286
8afaf004,2021-08-30,1125567,62248,1036617.0,2313502.0,15108848.0,10593165.0,4841249.0,,,,-2.0,1.0,-2.0,0.0,1.0,0.0,0.0,3.0,2.0,1.0,0.0,4.0,5.0,-2.0,50.42,42.59,46.9,75.0,2,Brazil,Rio de Janeiro,,-22.06694317,-42.0633655677008,17366189,BRA,BR,76,BRL,33,ChIJw4riypQYmAAR0IMFwRrDSQM,Rio de Janeiro (state),BRRJ,,BRA.19_1,1036617.0,26702.0,16302870.0,22797.85714285714
8afaf004,2021-08-31,1128166,62457,1036617.0,2313502.0,15293512.0,10700152.0,4919687.0,,,,-2.0,1.0,-2.0,0.0,1.0,0.0,0.0,3.0,2.0,1.0,0.0,4.0,5.0,-2.0,50.42,42.59,46.9,75.0,2,Brazil,Rio de Janeiro,,-22.06694317,-42.0633655677008,17366189,BRA,BR,76,BRL,33,ChIJw4riypQYmAAR0IMFwRrDSQM,Rio de Janeiro (state),BRRJ,,BRA.19_1,1036617.0,29092.0,16300480.0,24402.428571428572
8afaf004,2021-09-01,1130276,62595,1044698.0,2313502.0,15476614.0,10797366.0,5006335.0,,,,-2.0,1.0,-2.0,0.0,1.0,0.0,0.0,3.0,2.0,1.0,0.0,4.0,5.0,-2.0,50.42,42.59,46.9,75.0,2,Brazil,Rio de Janeiro,,-22.06694317,-42.0633655677008,17366189,BRA,BR,76,BRL,33,ChIJw4riypQYmAAR0IMFwRrDSQM,Rio de Janeiro (state),BRRJ,,BRA.19_1,1044698.0,22983.0,16298508.0,25118.714285714286
8afaf004,2021-09-02,1132381,62774,1044698.0,2313502.0,15635942.0,10854842.0,5109220.0,,,,-2.0,1.0,-2.0,0.0,1.0,0.0,0.0,3.0,2.0,1.0,0.0,4.0,5.0,-2.0,50.42,42.59,46.9,75.0,2,Brazil,Rio de Janeiro,,-22.06694317,-42.0633655677008,17366189,BRA,BR,76,BRL,33,ChIJw4riypQYmAAR0IMFwRrDSQM,Rio de Janeiro (state),BRRJ,,BRA.19_1,1044698.0,24909.0,16296582.0,25636.85714285714
8afaf004,2021-09-03,1134359,62978,1049172.0,2313502.0,15804455.0,10935007.0,5199977.0,,,,-2.0,1.0,-2.0,0.0,1.0,0.0,0.0,3.0,2.0,1.0,0.0,4.0,5.0,-2.0,50.42,42.59,46.9,75.0,2,Brazil,Rio de Janeiro,,-22.06694317,-42.0633655677008,17366189,BRA,BR,76,BRL,33,ChIJw4riypQYmAAR0IMFwRrDSQM,Rio de Janeiro (state),BRRJ,,BRA.19_1,1049172.0,22209.0,16294808.0,25434.85714285714
8afaf004,2021-09-04,1136652,63142,1049172.0,2313502.0,15941324.0,10996714.0,5276649.0,,,,-2.0,1.0,-2.0,0.0,1.0,0.0,0.0,3.0,2.0,1.0,0.0,4.0,5.0,-2.0,50.42,42.59,46.9,75.0,2,Brazil,Rio de Janeiro,,-22.06694317,-42.0633655677008,17366189,BRA,BR,76,BRL,33,ChIJw4riypQYmAAR0IMFwRrDSQM,Rio de Janeiro (state),BRRJ,,BRA.19_1,1049172.0,24338.0,16292679.0,25229.714285714286
8afaf004,2021-09-05,1137593,63234,1049172.0,2313502.0,16014324.0,11021922.0,5324574.0,,,,-2.0,1.0,-2.0,0.0,1.0,0.0,0.0,3.0,2.0,1.0,0.0,4.0,5.0,-2.0,50.42,42.59,46.9,75.0,2,Brazil,Rio de Janeiro,,-22.06694317,-42.0633655677008,17366189,BRA,BR,76,BRL,33,ChIJw4riypQYmAAR0IMFwRrDSQM,Rio de Janeiro (state),BRRJ,,BRA.19_1,1049172.0,25187.0,16291830.0,25060.0
8afaf004,2021-09-06,1137927,63243,1049172.0,2313502.0,16018868.0,11026254.0,5324842.0,,,,-2.0,1.0,-2.0,0.0,1.0,0.0,0.0,3.0,2.0,1.0,0.0,4.0,5.0,-2.0,50.42,42.59,46.9,75.0,2,Brazil,Rio de Janeiro,,-22.06694317,-42.0633655677008,17366189,BRA,BR,76,BRL,33,ChIJw4riypQYmAAR0IMFwRrDSQM,Rio de Janeiro (state),BRRJ,,BRA.19_1,1049172.0,25512.0,16291505.0,24890.0
8afaf004,2021-09-07,1140025,63312,1049172.0,2313502.0,16126177.0,11066011.0,5392886.0,,,,-2.0,1.0,-2.0,0.0,1.0,0.0,0.0,3.0,2.0,1.0,0.0,4.0,5.0,-2.0,50.42,42.59,46.9,75.0,2,Brazil,Rio de Janeiro,,-22.06694317,-42.0633655677008,17366189,BRA,BR,76,BRL,33,ChIJw4riypQYmAAR0IMFwRrDSQM,Rio de Janeiro (state),BRRJ,,BRA.19_1,1049172.0,27541.0,16289476.0,24668.428571428572
8afaf004,2021-09-08,1140428,63354,1049172.0,2313502.0,16149015.0,11080152.0,5402617.0,,,,-2.0,1.0,-2.0,0.0,1.0,0.0,0.0,3.0,2.0,1.0,0.0,4.0,5.0,-2.0,50.42,42.59,46.9,75.0,2,Brazil,Rio de Janeiro,,-22.06694317,-42.0633655677008,17366189,BRA,BR,76,BRL,33,ChIJw4riypQYmAAR0IMFwRrDSQM,Rio de Janeiro (state),BRRJ,,BRA.19_1,1049172.0,27902.0,16289115.0,25371.14285714286
8afaf004,2021-09-09,1158164,63545,1049172.0,2313502.0,16350481.0,11160153.0,5524806.0,,,,-2.0,1.0,-2.0,0.0,1.0,0.0,0.0,3.0,2.0,1.0,0.0,4.0,5.0,-2.0,50.42,42.59,46.9,75.0,2,Brazil,Rio de Janeiro,,-22.06694317,-42.0633655677008,17366189,BRA,BR,76,BRL,33,ChIJw4riypQYmAAR0IMFwRrDSQM,Rio de Janeiro (state),BRRJ,,BRA.19_1,1049172.0,45447.0,16271570.0,28305.14285714286
8afaf004,2021-09-10,1158414,63641,1049172.0,2313502.0,16525915.0,11234741.0,5626797.0,,,,-2.0,1.0,-2.0,0.0,1.0,0.0,0.0,3.0,2.0,1.0,0.0,4.0,5.0,-2.0,50.42,42.59,46.9,75.0,2,Brazil,Rio de Janeiro,,-22.06694317,-42.0633655677008,17366189,BRA,BR,76,BRL,33,ChIJw4riypQYmAAR0IMFwRrDSQM,Rio de Janeiro (state),BRRJ,,BRA.19_1,1049172.0,45601.0,16271416.0,31646.85714285714
8afaf004,2021-09-11,1159088,63846,1087157.0,2313502.0,16700857.0,11318461.0,5719430.0,,,,-2.0,1.0,-2.0,0.0,1.0,0.0,0.0,3.0,2.0,1.0,0.0,4.0,5.0,-2.0,50.42,42.59,46.9,75.0,2,Brazil,Rio de Janeiro,,-22.06694317,-42.0633655677008,17366189,BRA,BR,76,BRL,33,ChIJw4riypQYmAAR0IMFwRrDSQM,Rio de Janeiro (state),BRRJ,,BRA.19_1,1087157.0,8085.0,16270947.0,29325.0
8afaf004,2021-09-12,1159247,63880,1087157.0,2313502.0,16781858.0,11356265.0,5762987.0,,,,-2.0,1.0,-2.0,0.0,1.0,0.0,0.0,3.0,2.0,1.0,0.0,4.0,5.0,-2.0,50.42,42.59,46.9,75.0,2,Brazil,Rio de Janeiro,,-22.06694317,-42.0633655677008,17366189,BRA,BR,76,BRL,33,ChIJw4riypQYmAAR0IMFwRrDSQM,Rio de Janeiro (state),BRRJ,,BRA.19_1,1087157.0,8210.0,16270822.0,26899.714285714286
8afaf004,2021-09-13,1159247,63880,1087157.0,2313502.0,16800000.0,11366599.0,5770962.0,,,,-2.0,1.0,-2.0,0.0,1.0,0.0,0.0,3.0,2.0,1.0,0.0,4.0,5.0,-2.0,50.42,42.59,46.9,75.0,2,Brazil,Rio de Janeiro,,-22.06694317,-42.0633655677008,17366189,BRA,BR,76,BRL,33,ChIJw4riypQYmAAR0IMFwRrDSQM,Rio de Janeiro (state),BRRJ,,BRA.19_1,1087157.0,8210.0,16270822.0,24428.0
8afaf004,2021-09-14,1159801,64077,1088710.0,2313502.0,16949089.0,11429369.0,5858875.0,,,,-2.0,1.0,-2.0,0.0,1.0,0.0,0.0,3.0,2.0,1.0,0.0,4.0,5.0,-2.0,50.42,42.59,46.9,75.0,2,Brazil,Rio de Janeiro,,-22.06694317,-42.0633655677008,17366189,BRA,BR,76,BRL,33,ChIJw4riypQYmAAR0IMFwRrDSQM,Rio de Janeiro (state),BRRJ,,BRA.19_1,1088710.0,7014.0,16270465.0,21495.571428571428
8afaf004,2021-09-15,1160185,64295,1088710.0,2313502.0,17131100.0,11495237.0,5976527.0,,,,-2.0,1.0,1.0,0.0,1.0,0.0,0.0,3.0,2.0,1.0,0.0,4.0,5.0,-2.0,48.85,39.81,45.12,75.0,2,Brazil,Rio de Janeiro,,-22.06694317,-42.0633655677008,17366189,BRA,BR,76,BRL,33,ChIJw4riypQYmAAR0IMFwRrDSQM,Rio de Janeiro (state),BRRJ,,BRA.19_1,1088710.0,7180.0,16270299.0,18535.285714285714
8afaf004,2021-09-16,1161182,64472,1088710.0,2313502.0,17139255.0,11500183.0,5979840.0,,,,-2.0,1.0,1.0,0.0,1.0,0.0,0.0,3.0,2.0,1.0,0.0,4.0,5.0,-2.0,48.85,39.81,45.12,75.0,2,Brazil,Rio de Janeiro,,-22.06694317,-42.0633655677008,17366189,BRA,BR,76,BRL,33,ChIJw4riypQYmAAR0IMFwRrDSQM,Rio de Janeiro (state),BRRJ,,BRA.19_1,1088710.0,8000.0,16269479.0,13185.714285714286
8afaf004,2021-09-17,1161682,64677,1088710.0,2313502.0,17480666.0,11654095.0,6171496.0,,,,-2.0,1.0,1.0,0.0,1.0,0.0,0.0,3.0,2.0,1.0,0.0,4.0,5.0,-2.0,48.85,39.81,45.12,75.0,2,Brazil,Rio de Janeiro,,-22.06694317,-42.0633655677008,17366189,BRA,BR,76,BRL,33,ChIJw4riypQYmAAR0IMFwRrDSQM,Rio de Janeiro (state),BRRJ,,BRA.19_1,1088710.0,8295.0,16269184.0,7856.285714285715
8afaf004,2021-09-18,1266882,64843,1088710.0,2313502.0,17640547.0,11734603.0,6251363.0,,,,-2.0,1.0,1.0,0.0,1.0,0.0,0.0,3.0,2.0,1.0,0.0,4.0,5.0,-2.0,48.85,39.81,45.12,75.0,2,Brazil,Rio de Janeiro,,-22.06694317,-42.0633655677008,17366189,BRA,BR,76,BRL,33,ChIJw4riypQYmAAR0IMFwRrDSQM,Rio de Janeiro (state),BRRJ,,BRA.19_1,1088710.0,113329.0,16164150.0,22891.14285714286
8afaf004,2021-09-19,1268614,64895,1088710.0,2313502.0,17693984.0,11756793.0,6282693.0,,,,-2.0,1.0,1.0,0.0,1.0,0.0,0.0,3.0,2.0,1.0,0.0,4.0,5.0,-2.0,48.85,39.81,45.12,75.0,2,Brazil,Rio de Janeiro,,-22.06694317,-42.0633655677008,17366189,BRA,BR,76,BRL,33,ChIJw4riypQYmAAR0IMFwRrDSQM,Rio de Janeiro (state),BRRJ,,BRA.19_1,1088710.0,115009.0,16162470.0,38148.142857142855
8afaf004,2021-09-20,1269239,64918,1088710.0,2313502.0,17701665.0,11760089.0,6287090.0,,,,-2.0,1.0,1.0,0.0,1.0,0.0,0.0,3.0,2.0,1.0,0.0,4.0,5.0,-2.0,48.85,39.81,45.12,75.0,2,Brazil,Rio de Janeiro,,-22.06694317,-42.0633655677008,17366189,BRA,BR,76,BRL,33,ChIJw4riypQYmAAR0IMFwRrDSQM,Rio de Janeiro (state),BRRJ,,BRA.19_1,1088710.0,115611.0,16161868.0,53491.142857142855
8afaf004,2021-09-21,1272342,65103,1088710.0,2313502.0,17852924.0,11818158.0,6382067.0,,,,-2.0,1.0,1.0,-2.0,1.0,0.0,0.0,3.0,2.0,1.0,0.0,4.0,5.0,0.0,48.07,43.98,44.23,75.0,2,Brazil,Rio de Janeiro,,-22.06694317,-42.0633655677008,17366189,BRA,BR,76,BRL,33,ChIJw4riypQYmAAR0IMFwRrDSQM,Rio de Janeiro (state),BRRJ,,BRA.19_1,1088710.0,118529.0,16158950.0,69421.85714285714
8afaf004,2021-09-22,1273870,65227,1088710.0,2313502.0,18007944.0,11876642.0,6479846.0,,,,-2.0,1.0,1.0,-2.0,1.0,0.0,0.0,3.0,2.0,1.0,0.0,4.0,5.0,0.0,48.07,43.98,44.23,75.0,2,Brazil,Rio de Janeiro,,-22.06694317,-42.0633655677008,17366189,BRA,BR,76,BRL,33,ChIJw4riypQYmAAR0IMFwRrDSQM,Rio de Janeiro (state),BRRJ,,BRA.19_1,1088710.0,119933.0,16157546.0,85529.42857142857
8afaf004,2021-09-23,1275932,65382,1202168.0,2313502.0,18196290.0,11960852.0,6584501.0,,,,-2.0,1.0,1.0,-2.0,1.0,0.0,0.0,3.0,2.0,1.0,0.0,4.0,5.0,0.0,48.07,43.98,44.23,75.0,2,Brazil,Rio de Janeiro,,-22.06694317,-42.0633655677008,17366189,BRA,BR,76,BRL,33,ChIJw4riypQYmAAR0IMFwRrDSQM,Rio de Janeiro (state),BRRJ,,BRA.19_1,1202168.0,8382.0,16155639.0,85584.0
8afaf004,2021-09-24,1278031,65498,1206222.0,2313502.0,18348916.0,12022104.0,6675966.0,,,,-2.0,1.0,1.0,-2.0,1.0,0.0,0.0,3.0,2.0,1.0,0.0,4.0,5.0,0.0,48.07,43.98,44.23,75.0,2,Brazil,Rio de Janeiro,,-22.06694317,-42.0633655677008,17366189,BRA,BR,76,BRL,33,ChIJw4riypQYmAAR0IMFwRrDSQM,Rio de Janeiro (state),BRRJ,,BRA.19_1,1206222.0,6311.0,16153656.0,85300.57142857143
8afaf004,2021-09-25,1278906,65613,1206222.0,2313502.0,18536232.0,12127547.0,6757674.0,,,,-2.0,1.0,1.0,-2.0,1.0,0.0,0.0,3.0,2.0,1.0,0.0,4.0,5.0,0.0,48.07,43.98,44.23,75.0,2,Brazil,Rio de Janeiro,,-22.06694317,-42.0633655677008,17366189,BRA,BR,76,BRL,33,ChIJw4riypQYmAAR0IMFwRrDSQM,Rio de Janeiro (state),BRRJ,,BRA.19_1,1206222.0,7071.0,16152896.0,70120.85714285714
8afaf004,2021-09-26,1280126,65653,1206222.0,2313502.0,18670738.0,12190229.0,6829357.0,,,,-2.0,1.0,1.0,-2.0,1.0,0.0,0.0,3.0,2.0,1.0,0.0,4.0,5.0,0.0,48.07,43.98,44.23,75.0,2,Brazil,Rio de Janeiro,,-22.06694317,-42.0633655677008,17366189,BRA,BR,76,BRL,33,ChIJw4riypQYmAAR0IMFwRrDSQM,Rio de Janeiro (state),BRRJ,,BRA.19_1,1206222.0,8251.0,16151716.0,54869.71428571428
8afaf004,2021-09-27,1280544,65661,1206222.0,2313502.0,18734390.0,12194643.0,6835184.0,,,,-2.0,1.0,1.0,-2.0,1.0,0.0,0.0,3.0,2.0,1.0,0.0,4.0,5.0,0.0,48.07,43.98,44.23,75.0,2,Brazil,Rio de Janeiro,,-22.06694317,-42.0633655677008,17366189,BRA,BR,76,BRL,33,ChIJw4riypQYmAAR0IMFwRrDSQM,Rio de Janeiro (state),BRRJ,,BRA.19_1,1206222.0,8661.0,16151306.0,39591.142857142855
8afaf004,2021-09-28,1282592,65856,1211612.0,2313502.0,18892281.0,12256388.0,6931646.0,,,,-2.0,1.0,1.0,-2.0,1.0,0.0,0.0,3.0,2.0,1.0,0.0,4.0,5.0,0.0,48.07,43.98,44.23,75.0,2,Brazil,Rio de Janeiro,,-22.06694317,-42.0633655677008,17366189,BRA,BR,76,BRL,33,ChIJw4riypQYmAAR0IMFwRrDSQM,Rio de Janeiro (state),BRRJ,,BRA.19_1,1211612.0,5124.0,16149453.0,23390.428571428572
8afaf004,2021-09-29,1283454,66015,1211612.0,2313502.0,19042969.0,12309125.0,7029137.0,,,,-2.0,1.0,1.0,-2.0,1.0,0.0,0.0,3.0,2.0,1.0,0.0,4.0,5.0,0.0,48.07,43.98,44.23,75.0,2,Brazil,Rio de Janeiro,,-22.06694317,-42.0633655677008,17366189,BRA,BR,76,BRL,33,ChIJw4riypQYmAAR0IMFwRrDSQM,Rio de Janeiro (state),BRRJ,,BRA.19_1,1211612.0,5827.0,16148750.0,7089.571428571428
8afaf004,2021-09-30,1285731,66134,1211612.0,2313502.0,19191089.0,12355065.0,7111831.0,,,,-2.0,1.0,1.0,-2.0,1.0,0.0,0.0,3.0,2.0,1.0,0.0,4.0,5.0,0.0,48.07,43.98,44.23,75.0,2,Brazil,Rio de Janeiro,,-22.06694317,-42.0633655677008,17366189,BRA,BR,76,BRL,33,ChIJw4riypQYmAAR0IMFwRrDSQM,Rio de Janeiro (state),BRRJ,,BRA.19_1,1211612.0,7985.0,16146592.0,7032.857142857143
8afaf004,2021-10-01,1288476,66261,1211612.0,2313502.0,19384393.0,12397356.0,7194540.0,,,,-2.0,1.0,1.0,-2.0,1.0,0.0,0.0,3.0,2.0,1.0,0.0,4.0,5.0,0.0,48.07,43.98,44.23,75.0,2,Brazil,Rio de Janeiro,,-22.06694317,-42.0633655677008,17366189,BRA,BR,76,BRL,33,ChIJw4riypQYmAAR0IMFwRrDSQM,Rio de Janeiro (state),BRRJ,,BRA.19_1,1211612.0,10603.0,16143974.0,7646.0
8afaf004,2021-10-02,1289639,66422,1218470.0,2313502.0,19522275.0,12438941.0,7268882.0,,,,-2.0,1.0,1.0,-2.0,1.0,0.0,0.0,3.0,2.0,1.0,0.0,4.0,5.0,0.0,48.07,43.98,44.23,75.0,2,Brazil,Rio de Janeiro,,-22.06694317,-42.0633655677008,17366189,BRA,BR,76,BRL,33,ChIJw4riypQYmAAR0IMFwRrDSQM,Rio de Janeiro (state),BRRJ,,BRA.19_1,1218470.0,4747.0,16142972.0,7314.0
8afaf004,2021-10-03,1289808,66437,1218470.0,2313502.0,19585983.0,12453307.0,7298961.0,,,,-2.0,1.0,1.0,-2.0,1.0,0.0,0.0,3.0,2.0,1.0,0.0,4.0,5.0,0.0,48.07,43.98,44.23,75.0,2,Brazil,Rio de Janeiro,,-22.06694317,-42.0633655677008,17366189,BRA,BR,76,BRL,33,ChIJw4riypQYmAAR0IMFwRrDSQM,Rio de Janeiro (state),BRRJ,,BRA.19_1,1218470.0,4901.0,16142818.0,6835.428571428572
8afaf004,2021-10-04,1291106,66465,1218470.0,2313502.0,19595677.0,12456272.0,7305421.0,,,,-2.0,1.0,1.0,-2.0,1.0,0.0,0.0,3.0,2.0,1.0,0.0,4.0,5.0,0.0,48.07,43.98,44.23,75.0,2,Brazil,Rio de Janeiro,,-22.06694317,-42.0633655677008,17366189,BRA,BR,76,BRL,33,ChIJw4riypQYmAAR0IMFwRrDSQM,Rio de Janeiro (state),BRRJ,,BRA.19_1,1218470.0,6171.0,16141548.0,6479.714285714285
8afaf004,2021-10-05,1293429,66648,1218470.0,2313502.0,19741049.0,12494965.0,7379285.0,,,,-2.0,1.0,1.0,-2.0,1.0,0.0,0.0,1.0,2.0,1.0,0.0,4.0,5.0,0.0,44.95,38.43,40.65,75.0,2,Brazil,Rio de Janeiro,,-22.06694317,-42.0633655677008,17366189,BRA,BR,76,BRL,33,ChIJw4riypQYmAAR0IMFwRrDSQM,Rio de Janeiro (state),BRRJ,,BRA.19_1,1218470.0,8311.0,16139408.0,6935.0
8afaf004,2021-10-06,1295429,66741,1218470.0,2313502.0,19885667.0,12531753.0,7454702.0,,,,-2.0,1.0,1.0,-2.0,1.0,0.0,0.0,1.0,2.0,1.0,0.0,4.0,5.0,0.0,44.95,38.43,40.65,75.0,2,Brazil,Rio de Janeiro,,-22.06694317,-42.0633655677008,17366189,BRA,BR,76,BRL,33,ChIJw4riypQYmAAR0IMFwRrDSQM,Rio de Janeiro (state),BRRJ,,BRA.19_1,1218470.0,10218.0,16137501.0,7562.285714285715
8afaf004,2021-10-07,1295545,66785,1225066.0,2313502.0,20020158.0,12562178.0,7526072.0,,,,-2.0,1.0,1.0,-2.0,1.0,0.0,0.0,1.0,2.0,1.0,0.0,4.0,5.0,0.0,44.95,38.43,40.65,75.0,2,Brazil,Rio de Janeiro,,-22.06694317,-42.0633655677008,17366189,BRA,BR,76,BRL,33,ChIJw4riypQYmAAR0IMFwRrDSQM,Rio de Janeiro (state),BRRJ,,BRA.19_1,1225066.0,3694.0,16137429.0,6949.285714285715
8afaf004,2021-10-08,1299010,67029,1225066.0,2313502.0,20171534.0,12593636.0,7596604.0,,,,-2.0,1.0,1.0,-2.0,1.0,0.0,0.0,1.0,2.0,1.0,0.0,4.0,5.0,0.0,41.82,38.43,40.65,50.0,2,Brazil,Rio de Janeiro,,-22.06694317,-42.0633655677008,17366189,BRA,BR,76,BRL,33,ChIJw4riypQYmAAR0IMFwRrDSQM,Rio de Janeiro (state),BRRJ,,BRA.19_1,1225066.0,6915.0,16134208.0,6422.428571428572
8afaf004,2021-10-09,1299493,67170,1228592.0,2313502.0,20331476.0,12624562.0,7666326.0,,,,-2.0,1.0,1.0,-2.0,1.0,0.0,0.0,1.0,2.0,1.0,0.0,4.0,5.0,0.0,41.82,38.43,40.65,50.0,2,Brazil,Rio de Janeiro,,-22.06694317,-42.0633655677008,17366189,BRA,BR,76,BRL,33,ChIJw4riypQYmAAR0IMFwRrDSQM,Rio de Janeiro (state),BRRJ,,BRA.19_1,1228592.0,3731.0,16133866.0,6277.285714285715
8afaf004,2021-10-10,1300712,67175,1228592.0,2313502.0,20391836.0,12635026.0,7694560.0,,,,-2.0,1.0,1.0,-2.0,1.0,0.0,0.0,1.0,2.0,1.0,0.0,4.0,5.0,0.0,41.82,38.43,40.65,50.0,2,Brazil,Rio de Janeiro,,-22.06694317,-42.0633655677008,17366189,BRA,BR,76,BRL,33,ChIJw4riypQYmAAR0IMFwRrDSQM,Rio de Janeiro (state),BRRJ,,BRA.19_1,1228592.0,4945.0,16132652.0,6283.571428571428
8afaf004,2021-10-11,1301362,67188,1228592.0,2313502.0,20491981.0,12636550.0,7696570.0,,,,-2.0,1.0,1.0,-2.0,1.0,0.0,0.0,1.0,2.0,1.0,0.0,4.0,5.0,0.0,41.82,38.43,40.65,50.0,2,Brazil,Rio de Janeiro,,-22.06694317,-42.0633655677008,17366189,BRA,BR,76,BRL,33,ChIJw4riypQYmAAR0IMFwRrDSQM,Rio de Janeiro (state),BRRJ,,BRA.19_1,1228592.0,5582.0,16132015.0,6199.428571428572
8afaf004,2021-10-12,1301890,67204,1228592.0,2313502.0,20491981.0,12636550.0,7696570.0,,,,-2.0,1.0,1.0,-2.0,1.0,0.0,0.0,1.0,2.0,1.0,0.0,4.0,5.0,0.0,41.82,38.43,40.65,50.0,2,Brazil,Rio de Janeiro,,-22.06694317,-42.0633655677008,17366189,BRA,BR,76,BRL,33,ChIJw4riypQYmAAR0IMFwRrDSQM,Rio de Janeiro (state),BRRJ,,BRA.19_1,1228592.0,6094.0,16131503.0,5882.714285714285
8afaf004,2021-10-13,1302530,67207,1228592.0,2313502.0,20493873.0,12637587.0,7697425.0,,,,-2.0,1.0,1.0,-2.0,1.0,0.0,0.0,1.0,2.0,1.0,0.0,4.0,5.0,0.0,41.82,38.43,40.65,50.0,2,Brazil,Rio de Janeiro,,-22.06694317,-42.0633655677008,17366189,BRA,BR,76,BRL,33,ChIJw4riypQYmAAR0IMFwRrDSQM,Rio de Janeiro (state),BRRJ,,BRA.19_1,1228592.0,6731.0,16130866.0,5384.571428571428
8afaf004,2021-10-14,1304445,67342,1234312.0,2313502.0,20545261.0,12665408.0,7770328.0,,,,-2.0,1.0,1.0,-2.0,1.0,0.0,0.0,1.0,2.0,1.0,0.0,4.0,5.0,0.0,41.82,38.43,40.65,50.0,2,Brazil,Rio de Janeiro,,-22.06694317,-42.0633655677008,17366189,BRA,BR,76,BRL,33,ChIJw4riypQYmAAR0IMFwRrDSQM,Rio de Janeiro (state),BRRJ,,BRA.19_1,1234312.0,2791.0,16129086.0,5255.571428571428
8afaf004,2021-10-15,1305919,67457,1234312.0,2313502.0,20705861.0,12728750.0,7867998.0,,,,-2.0,1.0,1.0,-2.0,1.0,0.0,0.0,1.0,2.0,1.0,0.0,4.0,5.0,0.0,41.82,38.43,40.65,50.0,2,Brazil,Rio de Janeiro,,-22.06694317,-42.0633655677008,17366189,BRA,BR,76,BRL,33,ChIJw4riypQYmAAR0IMFwRrDSQM,Rio de Janeiro (state),BRRJ,,BRA.19_1,1234312.0,4150.0,16127727.0,4860.571428571428
8afaf004,2021-10-16,1306675,67575,1234312.0,2313502.0,20816071.0,12764886.0,7942420.0,,,,-2.0,1.0,1.0,-2.0,1.0,0.0,0.0,1.0,2.0,1.0,0.0,4.0,5.0,0.0,41.82,38.43,40.65,50.0,2,Brazil,Rio de Janeiro,,-22.06694317,-42.0633655677008,17366189,BRA,BR,76,BRL,33,ChIJw4riypQYmAAR0IMFwRrDSQM,Rio de Janeiro (state),BRRJ,,BRA.19_1,1234312.0,4788.0,16127089.0,5011.571428571428
8afaf004,2021-10-17,1306819,67584,1234312.0,2313502.0,20924802.0,12778945.0,7978395.0,,,,-2.0,1.0,1.0,-2.0,1.0,0.0,0.0,1.0,2.0,1.0,0.0,4.0,5.0,0.0,41.82,38.43,40.65,50.0,2,Brazil,Rio de Janeiro,,-22.06694317,-42.0633655677008,17366189,BRA,BR,76,BRL,33,ChIJw4riypQYmAAR0IMFwRrDSQM,Rio de Janeiro (state),BRRJ,,BRA.19_1,1234312.0,4923.0,16126954.0,5008.428571428572
8afaf004,2021-10-18,1308193,67584,1234312.0,2313502.0,21017287.0,12781660.0,8001921.0,,,,-2.0,1.0,1.0,-2.0,1.0,0.0,0.0,1.0,2.0,1.0,0.0,4.0,5.0,0.0,41.82,38.43,40.65,50.0,2,Brazil,Rio de Janeiro,,-22.06694317,-42.0633655677008,17366189,BRA,BR,76,BRL,33,ChIJw4riypQYmAAR0IMFwRrDSQM,Rio de Janeiro (state),BRRJ,,BRA.19_1,1234312.0,6297.0,16125580.0,5110.571428571428
8afaf004,2021-10-19,1307160,67652,1234312.0,2313502.0,21134203.0,12813337.0,8087860.0,,,,-2.0,1.0,1.0,-2.0,1.0,0.0,0.0,1.0,2.0,1.0,0.0,4.0,5.0,0.0,41.82,38.43,40.65,50.0,2,Brazil,Rio de Janeiro,,-22.06694317,-42.0633655677008,17366189,BRA,BR,76,BRL,33,ChIJw4riypQYmAAR0IMFwRrDSQM,Rio de Janeiro (state),BRRJ,,BRA.19_1,1234312.0,5196.0,16126681.0,4982.285714285715
8afaf004,2021-10-20,1308908,67697,1234312.0,2313502.0,21160921.0,12816193.0,8100000.0,,,,-2.0,1.0,1.0,-2.0,1.0,0.0,0.0,1.0,2.0,1.0,0.0,4.0,5.0,0.0,41.82,38.43,40.65,50.0,2,Brazil,Rio de Janeiro,,-22.06694317,-42.0633655677008,17366189,BRA,BR,76,BRL,33,ChIJw4riypQYmAAR0IMFwRrDSQM,Rio de Janeiro (state),BRRJ,,BRA.19_1,1234312.0,6899.0,16124978.0,5006.285714285715
8afaf004,2021-10-21,1311219,67774,1234312.0,2313502.0,21171550.0,12816206.0,8100000.0,,,,-2.0,1.0,1.0,-2.0,1.0,0.0,0.0,1.0,2.0,1.0,0.0,4.0,5.0,0.0,41.82,38.43,40.65,50.0,2,Brazil,Rio de Janeiro,,-22.06694317,-42.0633655677008,17366189,BRA,BR,76,BRL,33,ChIJw4riypQYmAAR0IMFwRrDSQM,Rio de Janeiro (state),BRRJ,,BRA.19_1,1234312.0,9133.0,16122744.0,5912.285714285715
8afaf004,2021-10-22,1312954,67905,1242865.0,2313502.0,21219100.0,12824184.0,8127864.0,,,,-2.0,1.0,1.0,-2.0,0.0,1.0,0.0,1.0,2.0,1.0,1.0,4.0,5.0,1.0,45.99,36.57,45.42,50.0,2,Brazil,Rio de Janeiro,,-22.06694317,-42.0633655677008,17366189,BRA,BR,76,BRL,33,ChIJw4riypQYmAAR0IMFwRrDSQM,Rio de Janeiro (state),BRRJ,,BRA.19_1,1242865.0,2184.0,16121140.0,5631.428571428572
8afaf004,2021-10-23,1314605,67997,1242865.0,2313502.0,21278957.0,12840975.0,8171212.0,,,,-2.0,1.0,1.0,-2.0,0.0,1.0,0.0,1.0,2.0,1.0,1.0,4.0,5.0,1.0,45.99,36.57,45.42,50.0,2,Brazil,Rio de Janeiro,,-22.06694317,-42.0633655677008,17366189,BRA,BR,76,BRL,33,ChIJw4riypQYmAAR0IMFwRrDSQM,Rio de Janeiro (state),BRRJ,,BRA.19_1,1242865.0,3743.0,16119581.0,5482.142857142857
8afaf004,2021-10-24,1314622,67997,1242865.0,2313502.0,21522952.0,12901775.0,8340107.0,,,,-2.0,1.0,1.0,-2.0,0.0,1.0,0.0,1.0,2.0,1.0,1.0,4.0,5.0,1.0,45.99,36.57,45.42,50.0,2,Brazil,Rio de Janeiro,,-22.06694317,-42.0633655677008,17366189,BRA,BR,76,BRL,33,ChIJw4riypQYmAAR0IMFwRrDSQM,Rio de Janeiro (state),BRRJ,,BRA.19_1,1242865.0,3760.0,16119564.0,5316.0
8afaf004,2021-10-25,1314717,68004,1242865.0,2313502.0,21773046.0,12950488.0,8494710.0,,,,-2.0,1.0,1.0,-2.0,0.0,1.0,0.0,1.0,2.0,1.0,1.0,4.0,5.0,1.0,45.99,36.57,45.42,50.0,2,Brazil,Rio de Janeiro,,-22.06694317,-42.0633655677008,17366189,BRA,BR,76,BRL,33,ChIJw4riypQYmAAR0IMFwRrDSQM,Rio de Janeiro (state),BRRJ,,BRA.19_1,1242865.0,3848.0,16119476.0,4966.142857142857
8afaf004,2021-10-26,1315560,68108,1242865.0,2313502.0,21991629.0,12974522.0,8601698.0,,,,-2.0,1.0,1.0,-2.0,0.0,1.0,0.0,1.0,2.0,1.0,1.0,4.0,5.0,1.0,45.99,36.57,45.42,50.0,2,Brazil,Rio de Janeiro,,-22.06694317,-42.0633655677008,17366189,BRA,BR,76,BRL,33,ChIJw4riypQYmAAR0IMFwRrDSQM,Rio de Janeiro (state),BRRJ,,BRA.19_1,1242865.0,4587.0,16118737.0,4879.142857142857
8afaf004,2021-10-27,1317850,68203,1242865.0,2313502.0,22127781.0,12995020.0,8701883.0,,,,-2.0,1.0,1.0,-1.0,0.0,1.0,0.0,1.0,2.0,1.0,1.0,4.0,5.0,1.0,44.43,33.8,43.63,50.0,2,Brazil,Rio de Janeiro,,-22.06694317,-42.0633655677008,17366189,BRA,BR,76,BRL,33,ChIJw4riypQYmAAR0IMFwRrDSQM,Rio de Janeiro (state),BRRJ,,BRA.19_1,1242865.0,6782.0,16116542.0,4862.428571428572
8afaf004,2021-10-28,1319439,68229,1242865.0,2313502.0,22281033.0,13019711.0,8793590.0,,,,1.0,1.0,1.0,-1.0,0.0,1.0,0.0,1.0,2.0,1.0,1.0,4.0,5.0,1.0,43.39,31.94,42.44,50.0,2,Brazil,Rio de Janeiro,,-22.06694317,-42.0633655677008,17366189,BRA,BR,76,BRL,33,ChIJw4riypQYmAAR0IMFwRrDSQM,Rio de Janeiro (state),BRRJ,,BRA.19_1,1242865.0,8345.0,16114979.0,4749.857142857143
8afaf004,2021-10-29,1320762,68321,1249939.0,2313502.0,22460682.0,13040572.0,8886323.0,,,,1.0,1.0,1.0,-1.0,0.0,1.0,0.0,1.0,2.0,1.0,1.0,4.0,5.0,1.0,43.39,31.94,42.44,50.0,2,Brazil,Rio de Janeiro,,-22.06694317,-42.0633655677008,17366189,BRA,BR,76,BRL,33,ChIJw4riypQYmAAR0IMFwRrDSQM,Rio de Janeiro (state),BRRJ,,BRA.19_1,1249939.0,2502.0,16113748.0,4795.285714285715
8afaf004,2021-10-30,1321174,68347,1249939.0,2313502.0,22488158.0,13040903.0,8886654.0,,,,1.0,1.0,1.0,-1.0,0.0,1.0,0.0,1.0,2.0,1.0,1.0,4.0,5.0,1.0,43.39,31.94,42.44,50.0,2,Brazil,Rio de Janeiro,,-22.06694317,-42.0633655677008,17366189,BRA,BR,76,BRL,33,ChIJw4riypQYmAAR0IMFwRrDSQM,Rio de Janeiro (state),BRRJ,,BRA.19_1,1249939.0,2888.0,16113362.0,4673.142857142857
8afaf004,2021-10-31,1322087,68357,1249939.0,2313502.0,22623904.0,13055794.0,8959853.0,,,,1.0,1.0,1.0,-1.0,0.0,1.0,0.0,1.0,2.0,1.0,1.0,4.0,5.0,1.0,43.39,31.94,42.44,50.0,2,Brazil,Rio de Janeiro,,-22.06694317,-42.0633655677008,17366189,BRA,BR,76,BRL,33,ChIJw4riypQYmAAR0IMFwRrDSQM,Rio de Janeiro (state),BRRJ,,BRA.19_1,1249939.0,3791.0,16112459.0,4677.571428571428
8afaf004,2021-11-01,1322150,68370,1249939.0,2313502.0,22723118.0,13062620.0,9006961.0,,,,1.0,1.0,1.0,-1.0,0.0,1.0,0.0,1.0,2.0,1.0,1.0,4.0,5.0,1.0,43.39,31.94,42.44,50.0,2,Brazil,Rio de Janeiro,,-22.06694317,-42.0633655677008,17366189,BRA,BR,76,BRL,33,ChIJw4riypQYmAAR0IMFwRrDSQM,Rio de Janeiro (state),BRRJ,,BRA.19_1,1249939.0,3841.0,16112409.0,4676.571428571428
8afaf004,2021-11-02,1322497,68383,1251766.0,2313502.0,22763402.0,13066342.0,9022046.0,,,,1.0,1.0,1.0,-1.0,0.0,1.0,0.0,1.0,2.0,1.0,1.0,4.0,5.0,1.0,43.39,31.94,42.44,50.0,2,Brazil,Rio de Janeiro,,-22.06694317,-42.0633655677008,17366189,BRA,BR,76,BRL,33,ChIJw4riypQYmAAR0IMFwRrDSQM,Rio de Janeiro (state),BRRJ,,BRA.19_1,1251766.0,2348.0,16112075.0,4356.714285714285
8afaf004,2021-11-03,1322861,68391,1251766.0,2313502.0,22791452.0,13068473.0,9028689.0,,,,1.0,1.0,1.0,-1.0,0.0,1.0,0.0,1.0,2.0,1.0,1.0,4.0,5.0,1.0,43.39,31.94,42.44,50.0,2,Brazil,Rio de Janeiro,,-22.06694317,-42.0633655677008,17366189,BRA,BR,76,BRL,33,ChIJw4riypQYmAAR0IMFwRrDSQM,Rio de Janeiro (state),BRRJ,,BRA.19_1,1251766.0,2704.0,16111719.0,3774.1428571428573
8afaf004,2021-11-04,1323955,68409,1251766.0,2313502.0,22794456.0,13069387.0,9030779.0,,,,1.0,1.0,1.0,-1.0,0.0,1.0,0.0,1.0,2.0,1.0,1.0,4.0,5.0,1.0,43.39,31.94,42.44,50.0,2,Brazil,Rio de Janeiro,,-22.06694317,-42.0633655677008,17366189,BRA,BR,76,BRL,33,ChIJw4riypQYmAAR0IMFwRrDSQM,Rio de Janeiro (state),BRRJ,,BRA.19_1,1251766.0,3780.0,16110643.0,3122.0
8afaf004,2021-11-05,1325246,68461,1251766.0,2313502.0,23049268.0,13107689.0,9217082.0,,,,1.0,1.0,1.0,-1.0,0.0,1.0,0.0,1.0,2.0,1.0,1.0,4.0,5.0,1.0,43.39,31.94,42.44,50.0,2,Brazil,Rio de Janeiro,,-22.06694317,-42.0633655677008,17366189,BRA,BR,76,BRL,33,ChIJw4riypQYmAAR0IMFwRrDSQM,Rio de Janeiro (state),BRRJ,,BRA.19_1,1251766.0,5019.0,16109404.0,3481.5714285714284
8afaf004,2021-11-06,1326476,68494,1251766.0,2313502.0,23251026.0,13122106.0,9319355.0,,,,1.0,1.0,1.0,-1.0,0.0,1.0,0.0,1.0,2.0,1.0,1.0,4.0,5.0,1.0,43.39,31.94,42.44,50.0,2,Brazil,Rio de Janeiro,,-22.06694317,-42.0633655677008,17366189,BRA,BR,76,BRL,33,ChIJw4riypQYmAAR0IMFwRrDSQM,Rio de Janeiro (state),BRRJ,,BRA.19_1,1251766.0,6216.0,16108207.0,3957.0
8afaf004,2021-11-07,1326833,68505,1251766.0,2313502.0,23297973.0,13126756.0,9361840.0,,,,1.0,1.0,1.0,-1.0,0.0,1.0,0.0,1.0,2.0,1.0,1.0,4.0,5.0,1.0,43.39,31.94,42.44,50.0,2,Brazil,Rio de Janeiro,,-22.06694317,-42.0633655677008,17366189,BRA,BR,76,BRL,33,ChIJw4riypQYmAAR0IMFwRrDSQM,Rio de Janeiro (state),BRRJ,,BRA.19_1,1251766.0,6562.0,16107861.0,4352.857142857143
8afaf004,2021-11-08,1327116,68520,1251766.0,2313502.0,23477730.0,13126756.0,9473729.0,,,,1.0,1.0,1.0,-1.0,0.0,1.0,0.0,1.0,2.0,1.0,1.0,4.0,5.0,1.0,43.39,31.94,42.44,50.0,2,Brazil,Rio de Janeiro,,-22.06694317,-42.0633655677008,17366189,BRA,BR,76,BRL,33,ChIJw4riypQYmAAR0IMFwRrDSQM,Rio de Janeiro (state),BRRJ,,BRA.19_1,1251766.0,6830.0,16107593.0,4779.857142857143
8afaf004,2021-11-09,1328192,68553,1251766.0,2313502.0,23500033.0,13148555.0,9476494.0,,,,1.0,1.0,-1.0,-1.0,0.0,1.0,0.0,1.0,2.0,1.0,1.0,4.0,5.0,0.0,39.74,29.17,38.27,50.0,2,Brazil,Rio de Janeiro,,-22.06694317,-42.0633655677008,17366189,BRA,BR,76,BRL,33,ChIJw4riypQYmAAR0IMFwRrDSQM,Rio de Janeiro (state),BRRJ,,BRA.19_1,1251766.0,7873.0,16106550.0,5569.142857142857
8afaf004,2021-11-10,1329609,68607,1251766.0,2313502.0,23661964.0,13165204.0,9575167.0,,,,1.0,1.0,-1.0,-1.0,0.0,1.0,0.0,1.0,2.0,1.0,1.0,4.0,5.0,0.0,39.74,29.17,38.27,50.0,2,Brazil,Rio de Janeiro,,-22.06694317,-42.0633655677008,17366189,BRA,BR,76,BRL,33,ChIJw4riypQYmAAR0IMFwRrDSQM,Rio de Janeiro (state),BRRJ,,BRA.19_1,1251766.0,9236.0,16105187.0,6502.285714285715
8afaf004,2021-11-11,1330549,68635,1251766.0,2313502.0,23812198.0,13180953.0,9672138.0,,,,1.0,1.0,-1.0,-1.0,0.0,1.0,0.0,1.0,2.0,1.0,1.0,4.0,5.0,0.0,39.74,29.17,38.27,50.0,2,Brazil,Rio de Janeiro,,-22.06694317,-42.0633655677008,17366189,BRA,BR,76,BRL,33,ChIJw4riypQYmAAR0IMFwRrDSQM,Rio de Janeiro (state),BRRJ,,BRA.19_1,1251766.0,10148.0,16104275.0,7412.0
8afaf004,2021-11-12,1331675,68665,1251766.0,2313502.0,23967934.0,13195391.0,9772355.0,,,,1.0,1.0,0.0,0.0,0.0,1.0,0.0,1.0,2.0,1.0,1.0,4.0,5.0,0.0,37.4,25.0,35.6,50.0,2,Brazil,Rio de Janeiro,,-22.06694317,-42.0633655677008,17366189,BRA,BR,76,BRL,33,ChIJw4riypQYmAAR0IMFwRrDSQM,Rio de Janeiro (state),BRRJ,,BRA.19_1,1251766.0,11244.0,16103179.0,8301.285714285714
8afaf004,2021-11-13,1332674,68719,1251766.0,2313502.0,24043274.0,13213129.0,9796402.0,,,,1.0,1.0,0.0,0.0,0.0,1.0,0.0,1.0,2.0,1.0,1.0,4.0,5.0,0.0,37.4,25.0,35.6,50.0,2,Brazil,Rio de Janeiro,,-22.06694317,-42.0633655677008,17366189,BRA,BR,76,BRL,33,ChIJw4riypQYmAAR0IMFwRrDSQM,Rio de Janeiro (state),BRRJ,,BRA.19_1,1251766.0,12189.0,16102234.0,9154.57142857143
8afaf004,2021-11-14,1332780,68726,1251766.0,2313502.0,24090843.0,13217713.0,9827597.0,,,,1.0,1.0,0.0,0.0,0.0,1.0,0.0,1.0,2.0,1.0,1.0,4.0,5.0,0.0,37.4,25.0,35.6,50.0,2,Brazil,Rio de Janeiro,,-22.06694317,-42.0633655677008,17366189,BRA,BR,76,BRL,33,ChIJw4riypQYmAAR0IMFwRrDSQM,Rio de Janeiro (state),BRRJ,,BRA.19_1,1251766.0,12288.0,16102135.0,9972.57142857143
8afaf004,2021-11-15,1333046,68732,1251766.0,2313502.0,24208412.0,13220007.0,9924268.0,,,,1.0,1.0,0.0,0.0,0.0,1.0,0.0,1.0,2.0,1.0,1.0,4.0,5.0,0.0,37.4,25.0,35.6,50.0,2,Brazil,Rio de Janeiro,,-22.06694317,-42.0633655677008,17366189,BRA,BR,76,BRL,33,ChIJw4riypQYmAAR0IMFwRrDSQM,Rio de Janeiro (state),BRRJ,,BRA.19_1,1251766.0,12548.0,16101875.0,10789.42857142857
8afaf004,2021-11-16,1333434,68753,1251766.0,2313502.0,24222105.0,13221976.0,9935992.0,,,,1.0,1.0,0.0,0.0,0.0,1.0,0.0,1.0,2.0,1.0,1.0,4.0,5.0,0.0,37.4,25.0,35.6,50.0,2,Brazil,Rio de Janeiro,,-22.06694317,-42.0633655677008,17366189,BRA,BR,76,BRL,33,ChIJw4riypQYmAAR0IMFwRrDSQM,Rio de Janeiro (state),BRRJ,,BRA.19_1,1251766.0,12915.0,16101508.0,11509.714285714286
8afaf004,2021-11-17,1334462,68774,1251766.0,2313502.0,24360892.0,13237560.0,10034933.0,,,,1.0,1.0,0.0,0.0,0.0,1.0,0.0,1.0,2.0,1.0,1.0,4.0,5.0,0.0,37.4,25.0,35.6,50.0,2,Brazil,Rio de Janeiro,,-22.06694317,-42.0633655677008,17366189,BRA,BR,76,BRL,33,ChIJw4riypQYmAAR0IMFwRrDSQM,Rio de Janeiro (state),BRRJ,,BRA.19_1,1251766.0,13922.0,16100501.0,12179.142857142857
8afaf004,2021-11-18,1335211,68793,1251766.0,2313502.0,24360892.0,13237560.0,10034933.0,,,,1.0,1.0,0.0,0.0,0.0,1.0,0.0,1.0,2.0,1.0,1.0,4.0,5.0,0.0,37.4,25.0,35.6,50.0,2,Brazil,Rio de Janeiro,,-22.06694317,-42.0633655677008,17366189,BRA,BR,76,BRL,33,ChIJw4riypQYmAAR0IMFwRrDSQM,Rio de Janeiro (state),BRRJ,,BRA.19_1,1251766.0,14652.0,16099771.0,12822.57142857143
8afaf004,2021-11-19,1336274,68817,1251766.0,2313502.0,24405275.0,13237926.0,10039868.0,,,,1.0,1.0,0.0,0.0,0.0,1.0,0.0,1.0,2.0,1.0,1.0,4.0,5.0,0.0,37.4,25.0,35.6,50.0,2,Brazil,Rio de Janeiro,,-22.06694317,-42.0633655677008,17366189,BRA,BR,76,BRL,33,ChIJw4riypQYmAAR0IMFwRrDSQM,Rio de Janeiro (state),BRRJ,,BRA.19_1,1251766.0,15691.0,16098732.0,13457.857142857143
8afaf004,2021-11-20,1337091,68832,1251766.0,2313502.0,24519337.0,13252337.0,10131846.0,,,,1.0,1.0,0.0,0.0,0.0,1.0,0.0,1.0,2.0,1.0,1.0,4.0,5.0,0.0,37.4,25.0,35.6,50.0,2,Brazil,Rio de Janeiro,,-22.06694317,-42.0633655677008,17366189,BRA,BR,76,BRL,33,ChIJw4riypQYmAAR0IMFwRrDSQM,Rio de Janeiro (state),BRRJ,,BRA.19_1,1251766.0,16493.0,16097930.0,14072.714285714286
8afaf004,2021-11-21,1337805,68837,1251766.0,2313502.0,24653968.0,13266582.0,10216149.0,,,,1.0,1.0,0.0,0.0,0.0,1.0,0.0,1.0,2.0,1.0,1.0,4.0,5.0,0.0,37.4,25.0,35.6,50.0,2,Brazil,Rio de Janeiro,,-22.06694317,-42.0633655677008,17366189,BRA,BR,76,BRL,33,ChIJw4riypQYmAAR0IMFwRrDSQM,Rio de Janeiro (state),BRRJ,,BRA.19_1,1251766.0,17202.0,16097221.0,14774.714285714286
8afaf004,2021-11-22,1337867,68841,1251766.0,2313502.0,24795592.0,13279464.0,10288905.0,,,,1.0,1.0,0.0,0.0,0.0,1.0,0.0,1.0,2.0,1.0,1.0,4.0,5.0,0.0,37.4,25.0,35.6,50.0,2,Brazil,Rio de Janeiro,,-22.06694317,-42.0633655677008,17366189,BRA,BR,76,BRL,33,ChIJw4riypQYmAAR0IMFwRrDSQM,Rio de Janeiro (state),BRRJ,,BRA.19_1,1251766.0,17260.0,16097163.0,15447.857142857143
8afaf004,2021-11-23,1338708,68884,1251766.0,2313502.0,24843662.0,13284598.0,10331910.0,,,,1.0,1.0,0.0,0.0,0.0,1.0,0.0,1.0,2.0,1.0,1.0,4.0,5.0,0.0,37.4,25.0,35.6,50.0,2,Brazil,Rio de Janeiro,,-22.06694317,-42.0633655677008,17366189,BRA,BR,76,BRL,33,ChIJw4riypQYmAAR0IMFwRrDSQM,Rio de Janeiro (state),BRRJ,,BRA.19_1,1251766.0,18058.0,16096365.0,16182.57142857143
8afaf004,2021-11-24,1339819,68919,1251766.0,2313502.0,24867073.0,13285267.0,10335185.0,,,,1.0,1.0,0.0,0.0,0.0,1.0,0.0,1.0,2.0,1.0,1.0,4.0,5.0,0.0,37.4,25.0,35.6,50.0,2,Brazil,Rio de Janeiro,,-22.06694317,-42.0633655677008,17366189,BRA,BR,76,BRL,33,ChIJw4riypQYmAAR0IMFwRrDSQM,Rio de Janeiro (state),BRRJ,,BRA.19_1,1251766.0,19134.0,16095289.0,16927.14285714286
8afaf004,2021-11-25,1340886,68935,1251766.0,2313502.0,24970318.0,13299787.0,10419395.0,,,,1.0,1.0,0.0,0.0,0.0,1.0,0.0,1.0,2.0,1.0,1.0,4.0,5.0,0.0,37.4,25.0,35.6,50.0,2,Brazil,Rio de Janeiro,,-22.06694317,-42.0633655677008,17366189,BRA,BR,76,BRL,33,ChIJw4riypQYmAAR0IMFwRrDSQM,Rio de Janeiro (state),BRRJ,,BRA.19_1,1251766.0,20185.0,16094238.0,17717.571428571428
8afaf004,2021-11-26,1341850,68998,1251766.0,2313502.0,25099841.0,13313210.0,10504290.0,,,,1.0,1.0,0.0,0.0,0.0,1.0,0.0,1.0,2.0,1.0,1.0,4.0,5.0,0.0,37.4,25.0,35.6,50.0,2,Brazil,Rio de Janeiro,,-22.06694317,-42.0633655677008,17366189,BRA,BR,76,BRL,33,ChIJw4riypQYmAAR0IMFwRrDSQM,Rio de Janeiro (state),BRRJ,,BRA.19_1,1251766.0,21086.0,16093337.0,18488.285714285714
8afaf004,2021-11-27,1342671,69011,1251766.0,2313502.0,25099841.0,13313210.0,10504290.0,,,,1.0,1.0,0.0,0.0,0.0,1.0,0.0,1.0,2.0,1.0,1.0,4.0,5.0,0.0,37.4,25.0,35.6,50.0,2,Brazil,Rio de Janeiro,,-22.06694317,-42.0633655677008,17366189,BRA,BR,76,BRL,33,ChIJw4riypQYmAAR0IMFwRrDSQM,Rio de Janeiro (state),BRRJ,,BRA.19_1,1251766.0,21894.0,16092529.0,19259.85714285714
8afaf004,2021-11-28,1342767,69024,1251766.0,2313502.0,25201314.0,13325096.0,10567188.0,,,,1.0,1.0,0.0,0.0,0.0,1.0,0.0,1.0,2.0,1.0,1.0,4.0,5.0,0.0,37.4,25.0,35.6,50.0,2,Brazil,Rio de Janeiro,,-22.06694317,-42.0633655677008,17366189,BRA,BR,76,BRL,33,ChIJw4riypQYmAAR0IMFwRrDSQM,Rio de Janeiro (state),BRRJ,,BRA.19_1,1251766.0,21977.0,16092446.0,19942.0
8afaf004,2021-11-29,1342801,69027,1251766.0,2313502.0,25201314.0,13325096.0,10567188.0,,,,1.0,1.0,0.0,0.0,0.0,1.0,0.0,1.0,2.0,1.0,1.0,4.0,5.0,0.0,37.4,25.0,35.6,50.0,2,Brazil,Rio de Janeiro,,-22.06694317,-42.0633655677008,17366189,BRA,BR,76,BRL,33,ChIJw4riypQYmAAR0IMFwRrDSQM,Rio de Janeiro (state),BRRJ,,BRA.19_1,1251766.0,22008.0,16092415.0,20620.285714285714
8afaf004,2021-11-30,1343927,69061,1251766.0,2313502.0,25388377.0,13360055.0,10662768.0,,,,1.0,1.0,0.0,0.0,0.0,1.0,0.0,1.0,2.0,1.0,1.0,4.0,5.0,0.0,37.4,25.0,35.6,50.0,2,Brazil,Rio de Janeiro,,-22.06694317,-42.0633655677008,17366189,BRA,BR,76,BRL,33,ChIJw4riypQYmAAR0IMFwRrDSQM,Rio de Janeiro (state),BRRJ,,BRA.19_1,1251766.0,23100.0,16091323.0,21340.571428571428
8afaf004,2021-12-01,1344816,69082,1274186.0,2313502.0,25396777.0,13360150.0,10670528.0,,,,1.0,1.0,0.0,0.0,0.0,1.0,0.0,1.0,2.0,1.0,1.0,4.0,5.0,0.0,37.4,25.0,35.6,50.0,2,Brazil,Rio de Janeiro,,-22.06694317,-42.0633655677008,17366189,BRA,BR,76,BRL,33,ChIJw4riypQYmAAR0IMFwRrDSQM,Rio de Janeiro (state),BRRJ,,BRA.19_1,1274186.0,1548.0,16090455.0,18828.285714285714
8afaf004,2021-12-02,1345572,69102,1274186.0,2313502.0,25475290.0,13367933.0,10713965.0,,,,1.0,1.0,0.0,0.0,0.0,1.0,0.0,1.0,2.0,1.0,1.0,4.0,5.0,0.0,37.4,25.0,35.6,50.0,2,Brazil,Rio de Janeiro,,-22.06694317,-42.0633655677008,17366189,BRA,BR,76,BRL,33,ChIJw4riypQYmAAR0IMFwRrDSQM,Rio de Janeiro (state),BRRJ,,BRA.19_1,1274186.0,2284.0,16089719.0,16271.0
8afaf004,2021-12-03,1346494,69124,1274186.0,2313502.0,25475290.0,13367933.0,10713965.0,,,,1.0,1.0,0.0,0.0,0.0,1.0,0.0,1.0,2.0,1.0,1.0,4.0,5.0,0.0,37.4,25.0,35.6,50.0,2,Brazil,Rio de Janeiro,,-22.06694317,-42.0633655677008,17366189,BRA,BR,76,BRL,33,ChIJw4riypQYmAAR0IMFwRrDSQM,Rio de Janeiro (state),BRRJ,,BRA.19_1,1274186.0,3184.0,16088819.0,13713.57142857143
8afaf004,2021-12-04,1346998,69132,1274186.0,2313502.0,25637106.0,13368021.0,10815018.0,,,,1.0,1.0,0.0,0.0,0.0,1.0,0.0,1.0,2.0,1.0,1.0,4.0,5.0,0.0,37.4,25.0,35.6,50.0,2,Brazil,Rio de Janeiro,,-22.06694317,-42.0633655677008,17366189,BRA,BR,76,BRL,33,ChIJw4riypQYmAAR0IMFwRrDSQM,Rio de Janeiro (state),BRRJ,,BRA.19_1,1274186.0,3680.0,16088323.0,11111.57142857143
8afaf004,2021-12-05,1347465,69140,1274186.0,2313502.0,25674717.0,13389319.0,10831331.0,,,,1.0,1.0,0.0,0.0,0.0,1.0,0.0,1.0,2.0,1.0,1.0,4.0,5.0,0.0,37.4,25.0,35.6,50.0,2,Brazil,Rio de Janeiro,,-22.06694317,-42.0633655677008,17366189,BRA,BR,76,BRL,33,ChIJw4riypQYmAAR0IMFwRrDSQM,Rio de Janeiro (state),BRRJ,,BRA.19_1,1274186.0,4139.0,16087864.0,8563.285714285714
8afaf004,2021-12-06,1347628,69153,1274186.0,2313502.0,25674726.0,13389323.0,10831335.0,,,,1.0,1.0,0.0,0.0,0.0,1.0,0.0,1.0,2.0,1.0,1.0,4.0,5.0,0.0,37.4,25.0,35.6,50.0,2,Brazil,Rio de Janeiro,,-22.06694317,-42.0633655677008,17366189,BRA,BR,76,BRL,33,ChIJw4riypQYmAAR0IMFwRrDSQM,Rio de Janeiro (state),BRRJ,,BRA.19_1,1274186.0,4289.0,16087714.0,6032.0
8afaf004,2021-12-07,1348159,69181,1274186.0,2313502.0,25674726.0,13389323.0,10831335.0,,,,1.0,1.0,0.0,0.0,0.0,1.0,0.0,1.0,2.0,1.0,1.0,4.0,5.0,0.0,37.4,25.0,35.6,50.0,2,Brazil,Rio de Janeiro,,-22.06694317,-42.0633655677008,17366189,BRA,BR,76,BRL,33,ChIJw4riypQYmAAR0IMFwRrDSQM,Rio de Janeiro (state),BRRJ,,BRA.19_1,1274186.0,4792.0,16087211.0,3416.5714285714284
8afaf004,2021-12-08,1348861,69200,1274186.0,2313502.0,25674726.0,13389323.0,10831335.0,,,,1.0,1.0,0.0,0.0,0.0,1.0,0.0,1.0,2.0,1.0,1.0,4.0,5.0,0.0,37.4,25.0,35.6,50.0,2,Brazil,Rio de Janeiro,,-22.06694317,-42.0633655677008,17366189,BRA,BR,76,BRL,33,ChIJw4riypQYmAAR0IMFwRrDSQM,Rio de Janeiro (state),BRRJ,,BRA.19_1,1274186.0,5475.0,16086528.0,3977.5714285714284
8afaf004,2021-12-09,1349385,69224,1274186.0,2313502.0,25674726.0,13389323.0,10831335.0,,,,1.0,1.0,0.0,0.0,0.0,1.0,0.0,1.0,2.0,1.0,1.0,4.0,5.0,0.0,37.4,25.0,35.6,50.0,2,Brazil,Rio de Janeiro,,-22.06694317,-42.0633655677008,17366189,BRA,BR,76,BRL,33,ChIJw4riypQYmAAR0IMFwRrDSQM,Rio de Janeiro (state),BRRJ,,BRA.19_1,1274186.0,5975.0,16086028.0,4504.857142857143
8afaf004,2021-12-10,1349461,69255,1274186.0,2313502.0,25674726.0,13389323.0,10831335.0,,,,1.0,1.0,0.0,0.0,0.0,1.0,0.0,1.0,2.0,1.0,1.0,4.0,5.0,0.0,37.4,25.0,35.6,50.0,2,Brazil,Rio de Janeiro,,-22.06694317,-42.0633655677008,17366189,BRA,BR,76,BRL,33,ChIJw4riypQYmAAR0IMFwRrDSQM,Rio de Janeiro (state),BRRJ,,BRA.19_1,1274186.0,6020.0,16085983.0,4910.0
8afaf004,2021-12-11,1349520,69259,1274186.0,2313502.0,25674726.0,13389323.0,10831335.0,,,,1.0,1.0,0.0,0.0,0.0,1.0,0.0,1.0,2.0,1.0,1.0,4.0,5.0,0.0,37.4,25.0,35.6,50.0,2,Brazil,Rio de Janeiro,,-22.06694317,-42.0633655677008,17366189,BRA,BR,76,BRL,33,ChIJw4riypQYmAAR0IMFwRrDSQM,Rio de Janeiro (state),BRRJ,,BRA.19_1,1274186.0,6075.0,16085928.0,5252.142857142857
8afaf004,2021-12-12,1349551,69290,1274186.0,2313502.0,25674726.0,13389323.0,10831335.0,,,,1.0,1.0,0.0,0.0,0.0,1.0,0.0,1.0,2.0,1.0,1.0,4.0,5.0,0.0,37.4,25.0,35.6,50.0,2,Brazil,Rio de Janeiro,,-22.06694317,-42.0633655677008,17366189,BRA,BR,76,BRL,33,ChIJw4riypQYmAAR0IMFwRrDSQM,Rio de Janeiro (state),BRRJ,,BRA.19_1,1274186.0,6075.0,16085928.0,5528.714285714285
8afaf004,2021-12-13,1349551,69290,1274186.0,2313502.0,25674726.0,13389323.0,10831335.0,,,,1.0,1.0,0.0,0.0,0.0,1.0,0.0,1.0,2.0,1.0,1.0,4.0,5.0,0.0,37.4,25.0,35.6,50.0,2,Brazil,Rio de Janeiro,,-22.06694317,-42.0633655677008,17366189,BRA,BR,76,BRL,33,ChIJw4riypQYmAAR0IMFwRrDSQM,Rio de Janeiro (state),BRRJ,,BRA.19_1,1274186.0,6075.0,16085928.0,5783.857142857143
8afaf004,2021-12-14,1349551,69290,1274186.0,2313502.0,25674726.0,13389323.0,10831335.0,,,,1.0,1.0,0.0,0.0,0.0,1.0,0.0,1.0,2.0,1.0,1.0,4.0,5.0,0.0,37.4,25.0,35.6,50.0,2,Brazil,Rio de Janeiro,,-22.06694317,-42.0633655677008,17366189,BRA,BR,76,BRL,33,ChIJw4riypQYmAAR0IMFwRrDSQM,Rio de Janeiro (state),BRRJ,,BRA.19_1,1274186.0,6075.0,16085928.0,5967.142857142857
8afaf004,2021-12-15,1349564,69303,1274186.0,2313502.0,25674726.0,13389323.0,10831335.0,,,,1.0,1.0,0.0,0.0,0.0,1.0,0.0,1.0,2.0,1.0,1.0,4.0,5.0,0.0,37.4,25.0,35.6,50.0,2,Brazil,Rio de Janeiro,,-22.06694317,-42.0633655677008,17366189,BRA,BR,76,BRL,33,ChIJw4riypQYmAAR0IMFwRrDSQM,Rio de Janeiro (state),BRRJ,,BRA.19_1,1274186.0,6075.0,16085928.0,6052.857142857143
8afaf004,2021-12-16,1349569,69308,1274186.0,2313502.0,25674726.0,13389323.0,10831335.0,,,,1.0,1.0,0.0,0.0,0.0,1.0,0.0,1.0,2.0,1.0,1.0,4.0,5.0,0.0,37.4,25.0,35.6,50.0,2,Brazil,Rio de Janeiro,,-22.06694317,-42.0633655677008,17366189,BRA,BR,76,BRL,33,ChIJw4riypQYmAAR0IMFwRrDSQM,Rio de Janeiro (state),BRRJ,,BRA.19_1,1274186.0,6075.0,16085928.0,6067.142857142857
8afaf004,2021-12-17,1349569,69308,1274186.0,2313502.0,25674726.0,13389323.0,10831335.0,,,,1.0,1.0,0.0,0.0,0.0,1.0,0.0,1.0,2.0,1.0,1.0,4.0,5.0,0.0,37.4,25.0,35.6,50.0,2,Brazil,Rio de Janeiro,,-22.06694317,-42.0633655677008,17366189,BRA,BR,76,BRL,33,ChIJw4riypQYmAAR0IMFwRrDSQM,Rio de Janeiro (state),BRRJ,,BRA.19_1,1274186.0,6075.0,16085928.0,6075.0
8afaf004,2021-12-18,1349599,69338,1274186.0,2313502.0,25674726.0,13389323.0,10831335.0,,,,1.0,1.0,0.0,0.0,0.0,1.0,0.0,1.0,2.0,1.0,1.0,4.0,5.0,0.0,37.4,25.0,35.6,50.0,2,Brazil,Rio de Janeiro,,-22.06694317,-42.0633655677008,17366189,BRA,BR,76,BRL,33,ChIJw4riypQYmAAR0IMFwRrDSQM,Rio de Janeiro (state),BRRJ,,BRA.19_1,1274186.0,6075.0,16085928.0,6075.0
8afaf004,2021-12-19,1349606,69345,1274186.0,2313502.0,25674726.0,13389323.0,10831335.0,,,,1.0,1.0,0.0,0.0,0.0,1.0,0.0,1.0,2.0,1.0,1.0,4.0,5.0,0.0,37.4,25.0,35.6,50.0,2,Brazil,Rio de Janeiro,,-22.06694317,-42.0633655677008,17366189,BRA,BR,76,BRL,33,ChIJw4riypQYmAAR0IMFwRrDSQM,Rio de Janeiro (state),BRRJ,,BRA.19_1,1274186.0,6075.0,16085928.0,6075.0
8afaf004,2021-12-20,1349608,69347,1274186.0,2313502.0,25674726.0,13389323.0,10831335.0,,,,1.0,1.0,-2.0,0.0,0.0,1.0,0.0,1.0,2.0,1.0,1.0,4.0,5.0,0.0,42.08,33.33,40.95,50.0,2,Brazil,Rio de Janeiro,,-22.06694317,-42.0633655677008,17366189,BRA,BR,76,BRL,33,ChIJw4riypQYmAAR0IMFwRrDSQM,Rio de Janeiro (state),BRRJ,,BRA.19_1,1274186.0,6075.0,16085928.0,6075.0
8afaf004,2021-12-21,1349608,69347,1274186.0,2313502.0,25674726.0,13389323.0,10831335.0,,,,1.0,1.0,-2.0,0.0,0.0,1.0,0.0,1.0,2.0,1.0,1.0,4.0,5.0,0.0,42.08,33.33,40.95,50.0,2,Brazil,Rio de Janeiro,,-22.06694317,-42.0633655677008,17366189,BRA,BR,76,BRL,33,ChIJw4riypQYmAAR0IMFwRrDSQM,Rio de Janeiro (state),BRRJ,,BRA.19_1,1274186.0,6075.0,16085928.0,6075.0
8afaf004,2021-12-22,1349608,69347,1274186.0,2313502.0,25674726.0,13389323.0,10831335.0,,,,1.0,1.0,-2.0,0.0,0.0,1.0,0.0,1.0,2.0,1.0,1.0,4.0,5.0,0.0,42.08,33.33,40.95,50.0,2,Brazil,Rio de Janeiro,,-22.06694317,-42.0633655677008,17366189,BRA,BR,76,BRL,33,ChIJw4riypQYmAAR0IMFwRrDSQM,Rio de Janeiro (state),BRRJ,,BRA.19_1,1274186.0,6075.0,16085928.0,6075.0
8afaf004,2021-12-23,1349642,69381,1274186.0,2313502.0,25674726.0,13389323.0,10831335.0,,,,1.0,1.0,-2.0,0.0,0.0,1.0,0.0,1.0,2.0,1.0,1.0,4.0,5.0,0.0,42.08,33.33,40.95,50.0,2,Brazil,Rio de Janeiro,,-22.06694317,-42.0633655677008,17366189,BRA,BR,76,BRL,33,ChIJw4riypQYmAAR0IMFwRrDSQM,Rio de Janeiro (state),BRRJ,,BRA.19_1,1274186.0,6075.0,16085928.0,6075.0
8afaf004,2021-12-24,1349715,69402,1274186.0,2313502.0,25674726.0,13389323.0,10831335.0,,,,1.0,1.0,-2.0,0.0,0.0,1.0,0.0,1.0,2.0,1.0,1.0,4.0,5.0,0.0,42.08,33.33,40.95,50.0,2,Brazil,Rio de Janeiro,,-22.06694317,-42.0633655677008,17366189,BRA,BR,76,BRL,33,ChIJw4riypQYmAAR0IMFwRrDSQM,Rio de Janeiro (state),BRRJ,,BRA.19_1,1274186.0,6127.0,16085876.0,6082.428571428572
8afaf004,2021-12-25,1350792,69404,1274186.0,2313502.0,25674726.0,13389323.0,10831335.0,,,,1.0,1.0,-2.0,0.0,0.0,1.0,0.0,1.0,2.0,1.0,1.0,4.0,5.0,0.0,42.08,33.33,40.95,50.0,2,Brazil,Rio de Janeiro,,-22.06694317,-42.0633655677008,17366189,BRA,BR,76,BRL,33,ChIJw4riypQYmAAR0IMFwRrDSQM,Rio de Janeiro (state),BRRJ,,BRA.19_1,1274186.0,7202.0,16084801.0,6243.428571428572
8afaf004,2021-12-26,1350843,69408,1274186.0,2313502.0,25674726.0,13389323.0,10831335.0,,,,1.0,1.0,-2.0,0.0,0.0,1.0,0.0,1.0,2.0,1.0,1.0,4.0,5.0,0.0,42.08,33.33,40.95,50.0,2,Brazil,Rio de Janeiro,,-22.06694317,-42.0633655677008,17366189,BRA,BR,76,BRL,33,ChIJw4riypQYmAAR0IMFwRrDSQM,Rio de Janeiro (state),BRRJ,,BRA.19_1,1274186.0,7249.0,16084754.0,6411.142857142857
8afaf004,2021-12-27,1350964,69425,1274186.0,2313502.0,25674726.0,13389323.0,10831335.0,,,,1.0,1.0,-2.0,0.0,0.0,1.0,0.0,1.0,2.0,1.0,1.0,4.0,5.0,0.0,42.08,33.33,40.95,50.0,2,Brazil,Rio de Janeiro,,-22.06694317,-42.0633655677008,17366189,BRA,BR,76,BRL,33,ChIJw4riypQYmAAR0IMFwRrDSQM,Rio de Janeiro (state),BRRJ,,BRA.19_1,1274186.0,7353.0,16084650.0,6593.714285714285
8afaf004,2021-12-28,1351261,69435,1274186.0,2313502.0,25674726.0,13389323.0,10831335.0,,,,1.0,1.0,-2.0,0.0,0.0,1.0,0.0,1.0,2.0,1.0,1.0,4.0,5.0,0.0,42.08,33.33,40.95,50.0,2,Brazil,Rio de Janeiro,,-22.06694317,-42.0633655677008,17366189,BRA,BR,76,BRL,33,ChIJw4riypQYmAAR0IMFwRrDSQM,Rio de Janeiro (state),BRRJ,,BRA.19_1,1274186.0,7640.0,16084363.0,6817.285714285715
8afaf004,2021-12-29,1351861,69457,1274186.0,2313502.0,25674726.0,13389323.0,10831335.0,,,,1.0,1.0,-2.0,0.0,0.0,1.0,0.0,1.0,2.0,1.0,1.0,4.0,5.0,0.0,42.08,33.33,40.95,50.0,2,Brazil,Rio de Janeiro,,-22.06694317,-42.0633655677008,17366189,BRA,BR,76,BRL,33,ChIJw4riypQYmAAR0IMFwRrDSQM,Rio de Janeiro (state),BRRJ,,BRA.19_1,1274186.0,8218.0,16083785.0,7123.428571428572
8afaf004,2021-12-30,1351876,69459,1274186.0,2313502.0,25674726.0,13389323.0,10831335.0,,,,1.0,1.0,-2.0,0.0,0.0,1.0,0.0,1.0,2.0,1.0,1.0,4.0,5.0,0.0,42.08,33.33,40.95,50.0,2,Brazil,Rio de Janeiro,,-22.06694317,-42.0633655677008,17366189,BRA,BR,76,BRL,33,ChIJw4riypQYmAAR0IMFwRrDSQM,Rio de Janeiro (state),BRRJ,,BRA.19_1,1274186.0,8231.0,16083772.0,7431.428571428572
8afaf004,2021-12-31,1352824,69467,1281908.0,2313502.0,25674726.0,13389323.0,10831335.0,,,,1.0,1.0,-2.0,0.0,0.0,1.0,0.0,1.0,2.0,1.0,1.0,4.0,5.0,0.0,42.08,33.33,40.95,50.0,2,Brazil,Rio de Janeiro,,-22.06694317,-42.0633655677008,17366189,BRA,BR,76,BRL,33,ChIJw4riypQYmAAR0IMFwRrDSQM,Rio de Janeiro (state),BRRJ,,BRA.19_1,1281908.0,1449.0,16082832.0,6763.142857142857
8afaf004,2022-01-01,1352852,69472,1281908.0,2313502.0,25674726.0,13389323.0,10831335.0,,,,1.0,1.0,-2.0,0.0,0.0,1.0,0.0,1.0,2.0,1.0,1.0,4.0,5.0,0.0,42.08,33.33,40.95,50.0,2,Brazil,Rio de Janeiro,,-22.06694317,-42.0633655677008,17366189,BRA,BR,76,BRL,33,ChIJw4riypQYmAAR0IMFwRrDSQM,Rio de Janeiro (state),BRRJ,,BRA.19_1,1281908.0,1472.0,16082809.0,5944.571428571428
8afaf004,2022-01-02,1352925,69472,1281908.0,2313502.0,25674726.0,13389323.0,10831335.0,,,,1.0,1.0,-2.0,0.0,0.0,1.0,0.0,1.0,2.0,1.0,1.0,4.0,5.0,0.0,42.08,33.33,40.95,50.0,2,Brazil,Rio de Janeiro,,-22.06694317,-42.0633655677008,17366189,BRA,BR,76,BRL,33,ChIJw4riypQYmAAR0IMFwRrDSQM,Rio de Janeiro (state),BRRJ,,BRA.19_1,1281908.0,1545.0,16082736.0,5129.714285714285
8afaf004,2022-01-03,1356863,69472,1281908.0,2313502.0,25674726.0,13389323.0,10831335.0,,,,1.0,1.0,-2.0,0.0,0.0,1.0,0.0,1.0,2.0,1.0,1.0,4.0,5.0,0.0,42.08,33.33,40.95,50.0,2,Brazil,Rio de Janeiro,,-22.06694317,-42.0633655677008,17366189,BRA,BR,76,BRL,33,ChIJw4riypQYmAAR0IMFwRrDSQM,Rio de Janeiro (state),BRRJ,,BRA.19_1,1281908.0,5483.0,16078798.0,4862.571428571428
8afaf004,2022-01-04,1359403,69513,1281908.0,2313502.0,25674726.0,13389323.0,10831335.0,,,,1.0,1.0,-2.0,0.0,0.0,1.0,0.0,1.0,2.0,1.0,1.0,4.0,5.0,0.0,42.08,33.33,40.95,50.0,2,Brazil,Rio de Janeiro,,-22.06694317,-42.0633655677008,17366189,BRA,BR,76,BRL,33,ChIJw4riypQYmAAR0IMFwRrDSQM,Rio de Janeiro (state),BRRJ,,BRA.19_1,1281908.0,7982.0,16076299.0,4911.428571428572
8afaf004,2022-01-05,1362872,69515,1281908.0,2313502.0,25674726.0,13389323.0,10831335.0,,,,1.0,1.0,-2.0,0.0,0.0,1.0,0.0,1.0,2.0,1.0,1.0,4.0,5.0,0.0,42.08,33.33,40.95,50.0,2,Brazil,Rio de Janeiro,,-22.06694317,-42.0633655677008,17366189,BRA,BR,76,BRL,33,ChIJw4riypQYmAAR0IMFwRrDSQM,Rio de Janeiro (state),BRRJ,,BRA.19_1,1281908.0,11449.0,16072832.0,5373.0
8afaf004,2022-01-06,1368337,69520,1281908.0,2313502.0,25674726.0,13389323.0,10831335.0,,,,1.0,1.0,-2.0,0.0,0.0,1.0,0.0,1.0,2.0,1.0,1.0,4.0,5.0,0.0,42.08,33.33,40.95,50.0,2,Brazil,Rio de Janeiro,,-22.06694317,-42.0633655677008,17366189,BRA,BR,76,BRL,33,ChIJw4riypQYmAAR0IMFwRrDSQM,Rio de Janeiro (state),BRRJ,,BRA.19_1,1281908.0,16909.0,16067372.0,6612.714285714285
8afaf004,2022-01-07,1375179,69524,1281908.0,2313502.0,25674726.0,13389323.0,10831335.0,,,,1.0,1.0,-2.0,0.0,0.0,1.0,0.0,1.0,2.0,1.0,1.0,4.0,5.0,0.0,42.08,33.33,40.95,50.0,2,Brazil,Rio de Janeiro,,-22.06694317,-42.0633655677008,17366189,BRA,BR,76,BRL,33,ChIJw4riypQYmAAR0IMFwRrDSQM,Rio de Janeiro (state),BRRJ,,BRA.19_1,1281908.0,23747.0,16060534.0,9798.142857142857
8afaf004,2022-01-08,1382484,69530,1281908.0,2313502.0,25674726.0,13389323.0,10831335.0,,,,1.0,1.0,-2.0,0.0,0.0,1.0,0.0,1.0,2.0,1.0,1.0,4.0,5.0,0.0,42.08,33.33,40.95,50.0,2,Brazil,Rio de Janeiro,,-22.06694317,-42.0633655677008,17366189,BRA,BR,76,BRL,33,ChIJw4riypQYmAAR0IMFwRrDSQM,Rio de Janeiro (state),BRRJ,,BRA.19_1,1281908.0,31046.0,16053235.0,14023.0
8afaf004,2022-01-09,1385935,69532,1281908.0,2313502.0,25674726.0,13389323.0,10831335.0,,,,1.0,-2.0,-2.0,0.0,0.0,1.0,0.0,1.0,2.0,1.0,1.0,4.0,5.0,0.0,43.12,35.19,42.14,50.0,2,Brazil,Rio de Janeiro,,-22.06694317,-42.0633655677008,17366189,BRA,BR,76,BRL,33,ChIJw4riypQYmAAR0IMFwRrDSQM,Rio de Janeiro (state),BRRJ,,BRA.19_1,1281908.0,34495.0,16049786.0,18730.14285714286
8afaf004,2022-01-10,1386877,69532,1281908.0,2313502.0,25674726.0,13389323.0,10831335.0,,,,1.0,-2.0,-2.0,0.0,0.0,1.0,0.0,1.0,2.0,1.0,1.0,4.0,5.0,0.0,43.12,35.19,42.14,50.0,2,Brazil,Rio de Janeiro,,-22.06694317,-42.0633655677008,17366189,BRA,BR,76,BRL,33,ChIJw4riypQYmAAR0IMFwRrDSQM,Rio de Janeiro (state),BRRJ,,BRA.19_1,1281908.0,35437.0,16048844.0,23009.285714285714
8afaf004,2022-01-11,1397366,69546,1281908.0,2313502.0,25674726.0,13389323.0,10831335.0,,,,1.0,-2.0,-2.0,0.0,0.0,1.0,0.0,1.0,2.0,1.0,1.0,4.0,5.0,0.0,43.12,35.19,42.14,50.0,2,Brazil,Rio de Janeiro,,-22.06694317,-42.0633655677008,17366189,BRA,BR,76,BRL,33,ChIJw4riypQYmAAR0IMFwRrDSQM,Rio de Janeiro (state),BRRJ,,BRA.19_1,1281908.0,45912.0,16038369.0,28427.85714285714
8afaf004,2022-01-12,1409367,69553,1281908.0,2313502.0,25674726.0,13389323.0,10831335.0,,,,1.0,2.0,-2.0,0.0,0.0,1.0,0.0,1.0,2.0,1.0,1.0,4.0,5.0,0.0,44.17,37.04,43.33,50.0,2,Brazil,Rio de Janeiro,,-22.06694317,-42.0633655677008,17366189,BRA,BR,76,BRL,33,ChIJw4riypQYmAAR0IMFwRrDSQM,Rio de Janeiro (state),BRRJ,,BRA.19_1,1281908.0,57906.0,16026375.0,35064.57142857143
8afaf004,2022-01-13,1422204,69565,1281908.0,2313502.0,25674726.0,13389323.0,10831335.0,,,,1.0,2.0,-2.0,0.0,0.0,1.0,0.0,1.0,2.0,1.0,1.0,4.0,5.0,0.0,44.17,37.04,43.33,50.0,2,Brazil,Rio de Janeiro,,-22.06694317,-42.0633655677008,17366189,BRA,BR,76,BRL,33,ChIJw4riypQYmAAR0IMFwRrDSQM,Rio de Janeiro (state),BRRJ,,BRA.19_1,1281908.0,70731.0,16013550.0,42753.42857142857
8afaf004,2022-01-14,1438321,69574,1281908.0,2313502.0,25674726.0,13389323.0,10831335.0,,,,1.0,2.0,-2.0,0.0,0.0,1.0,0.0,1.0,2.0,1.0,1.0,4.0,5.0,0.0,44.17,37.04,43.33,50.0,2,Brazil,Rio de Janeiro,,-22.06694317,-42.0633655677008,17366189,BRA,BR,76,BRL,33,ChIJw4riypQYmAAR0IMFwRrDSQM,Rio de Janeiro (state),BRRJ,,BRA.19_1,1281908.0,86839.0,15997442.0,51766.57142857143
8afaf004,2022-01-15,1438711,69579,1281908.0,2313502.0,25674726.0,13389323.0,10831335.0,,,,1.0,2.0,-2.0,0.0,0.0,1.0,0.0,1.0,2.0,1.0,1.0,4.0,5.0,0.0,44.17,37.04,43.33,50.0,2,Brazil,Rio de Janeiro,,-22.06694317,-42.0633655677008,17366189,BRA,BR,76,BRL,33,ChIJw4riypQYmAAR0IMFwRrDSQM,Rio de Janeiro (state),BRRJ,,BRA.19_1,1281908.0,87224.0,15997057.0,59792.0
8afaf004,2022-01-16,1442517,69585,1281908.0,2313502.0,27143242.0,13477939.0,11279171.0,,,,1.0,2.0,-2.0,0.0,0.0,1.0,0.0,1.0,2.0,1.0,1.0,4.0,5.0,0.0,44.17,37.04,43.33,50.0,2,Brazil,Rio de Janeiro,,-22.06694317,-42.0633655677008,17366189,BRA,BR,76,BRL,33,ChIJw4riypQYmAAR0IMFwRrDSQM,Rio de Janeiro (state),BRRJ,,BRA.19_1,1281908.0,91024.0,15993257.0,67867.57142857143
8afaf004,2022-01-17,1444349,69586,1281908.0,2313502.0,27143242.0,13477939.0,11279171.0,,,,1.0,2.0,-2.0,0.0,0.0,1.0,0.0,1.0,2.0,1.0,1.0,4.0,5.0,0.0,44.17,37.04,43.33,50.0,2,Brazil,Rio de Janeiro,,-22.06694317,-42.0633655677008,17366189,BRA,BR,76,BRL,33,ChIJw4riypQYmAAR0IMFwRrDSQM,Rio de Janeiro (state),BRRJ,,BRA.19_1,1281908.0,92855.0,15991426.0,76070.14285714286
8afaf004,2022-01-18,1459328,69616,1307974.0,2313502.0,27143242.0,13477939.0,11279171.0,,,,1.0,2.0,-2.0,0.0,0.0,1.0,0.0,1.0,2.0,1.0,1.0,4.0,5.0,0.0,44.17,37.04,43.33,50.0,2,Brazil,Rio de Janeiro,,-22.06694317,-42.0633655677008,17366189,BRA,BR,76,BRL,33,ChIJw4riypQYmAAR0IMFwRrDSQM,Rio de Janeiro (state),BRRJ,,BRA.19_1,1307974.0,81738.0,15976477.0,81188.14285714286
8afaf004,2022-01-19,1528551,69623,1307974.0,2313502.0,27143242.0,13477939.0,11279171.0,,,,1.0,2.0,-2.0,0.0,0.0,1.0,0.0,1.0,2.0,1.0,1.0,4.0,5.0,0.0,44.17,37.04,43.33,50.0,2,Brazil,Rio de Janeiro,,-22.06694317,-42.0633655677008,17366189,BRA,BR,76,BRL,33,ChIJw4riypQYmAAR0IMFwRrDSQM,Rio de Janeiro (state),BRRJ,,BRA.19_1,1307974.0,150954.0,15907261.0,94480.71428571429
8afaf004,2022-01-20,1550953,69637,1307974.0,2313502.0,27143242.0,13477939.0,11279171.0,,,,1.0,2.0,-2.0,0.0,0.0,1.0,0.0,1.0,2.0,1.0,1.0,4.0,5.0,0.0,44.17,37.04,43.33,50.0,2,Brazil,Rio de Janeiro,,-22.06694317,-42.0633655677008,17366189,BRA,BR,76,BRL,33,ChIJw4riypQYmAAR0IMFwRrDSQM,Rio de Janeiro (state),BRRJ,,BRA.19_1,1307974.0,173342.0,15884873.0,109139.42857142857
8afaf004,2022-01-21,1571974,69649,1307974.0,2313502.0,27143242.0,13477939.0,11279171.0,,,,1.0,2.0,-2.0,0.0,0.0,1.0,0.0,1.0,2.0,1.0,1.0,4.0,5.0,0.0,44.17,37.04,43.33,50.0,2,Brazil,Rio de Janeiro,,-22.06694317,-42.0633655677008,17366189,BRA,BR,76,BRL,33,ChIJw4riypQYmAAR0IMFwRrDSQM,Rio de Janeiro (state),BRRJ,,BRA.19_1,1307974.0,194351.0,15863864.0,124498.28571428571
8afaf004,2022-01-22,1602066,69674,1307974.0,2313502.0,27672652.0,13484716.0,11469714.0,,,,1.0,2.0,-2.0,0.0,0.0,1.0,0.0,1.0,2.0,1.0,1.0,4.0,5.0,0.0,44.17,37.04,43.33,50.0,2,Brazil,Rio de Janeiro,,-22.06694317,-42.0633655677008,17366189,BRA,BR,76,BRL,33,ChIJw4riypQYmAAR0IMFwRrDSQM,Rio de Janeiro (state),BRRJ,,BRA.19_1,1307974.0,224418.0,15833797.0,144097.42857142858
8afaf004,2022-01-23,1610135,69677,1307974.0,2313502.0,27672652.0,13484716.0,11469714.0,,,,1.0,2.0,-2.0,0.0,0.0,1.0,0.0,1.0,2.0,1.0,1.0,4.0,5.0,0.0,44.17,37.04,43.33,50.0,2,Brazil,Rio de Janeiro,,-22.06694317,-42.0633655677008,17366189,BRA,BR,76,BRL,33,ChIJw4riypQYmAAR0IMFwRrDSQM,Rio de Janeiro (state),BRRJ,,BRA.19_1,1307974.0,232484.0,15825731.0,164306.0
8afaf004,2022-01-24,1613260,69689,1307974.0,2313502.0,27672652.0,13484716.0,11469714.0,,,,1.0,2.0,-2.0,0.0,0.0,1.0,0.0,1.0,2.0,1.0,1.0,4.0,5.0,0.0,44.17,37.04,43.33,50.0,2,Brazil,Rio de Janeiro,,-22.06694317,-42.0633655677008,17366189,BRA,BR,76,BRL,33,ChIJw4riypQYmAAR0IMFwRrDSQM,Rio de Janeiro (state),BRRJ,,BRA.19_1,1307974.0,235597.0,15822618.0,184697.7142857143
8afaf004,2022-01-25,1637812,69700,1307974.0,2313502.0,27672652.0,13484716.0,11469714.0,,,,1.0,2.0,-2.0,0.0,0.0,1.0,0.0,1.0,2.0,1.0,1.0,4.0,5.0,0.0,44.17,37.04,43.33,50.0,2,Brazil,Rio de Janeiro,,-22.06694317,-42.0633655677008,17366189,BRA,BR,76,BRL,33,ChIJw4riypQYmAAR0IMFwRrDSQM,Rio de Janeiro (state),BRRJ,,BRA.19_1,1307974.0,260138.0,15798077.0,210183.42857142858
8afaf004,2022-01-26,1661208,69726,1307974.0,2313502.0,27743942.0,13588937.0,11439174.0,,,,1.0,2.0,-2.0,0.0,0.0,1.0,0.0,1.0,2.0,1.0,1.0,4.0,5.0,0.0,44.17,37.04,43.33,50.0,2,Brazil,Rio de Janeiro,,-22.06694317,-42.0633655677008,17366189,BRA,BR,76,BRL,33,ChIJw4riypQYmAAR0IMFwRrDSQM,Rio de Janeiro (state),BRRJ,,BRA.19_1,1307974.0,283508.0,15774707.0,229119.7142857143
8afaf004,2022-01-27,1695972,69776,1307974.0,2313502.0,27835474.0,13588937.0,11440655.0,,,,1.0,2.0,-2.0,0.0,0.0,1.0,0.0,1.0,2.0,1.0,1.0,4.0,5.0,0.0,44.17,37.04,43.33,50.0,2,Brazil,Rio de Janeiro,,-22.06694317,-42.0633655677008,17366189,BRA,BR,76,BRL,33,ChIJw4riypQYmAAR0IMFwRrDSQM,Rio de Janeiro (state),BRRJ,,BRA.19_1,1307974.0,318222.0,15739993.0,249816.85714285713
8afaf004,2022-01-28,1723682,69804,1307974.0,2313502.0,28056757.0,13618983.0,11510343.0,,,,1.0,2.0,-2.0,0.0,0.0,1.0,0.0,1.0,2.0,1.0,1.0,4.0,5.0,0.0,44.17,37.04,43.33,50.0,2,Brazil,Rio de Janeiro,,-22.06694317,-42.0633655677008,17366189,BRA,BR,76,BRL,33,ChIJw4riypQYmAAR0IMFwRrDSQM,Rio de Janeiro (state),BRRJ,,BRA.19_1,1307974.0,345904.0,15712311.0,271467.28571428574
8afaf004,2022-01-29,1747887,69849,1307974.0,2313502.0,28115695.0,13618983.0,11510343.0,,,,1.0,2.0,-2.0,0.0,0.0,1.0,0.0,1.0,2.0,1.0,1.0,4.0,5.0,0.0,44.17,37.04,43.33,50.0,2,Brazil,Rio de Janeiro,,-22.06694317,-42.0633655677008,17366189,BRA,BR,76,BRL,33,ChIJw4riypQYmAAR0IMFwRrDSQM,Rio de Janeiro (state),BRRJ,,BRA.19_1,1307974.0,370064.0,15688151.0,292273.85714285716
8afaf004,2022-01-30,1753395,69878,1307974.0,2313502.0,28115695.0,13618983.0,11510343.0,,,,1.0,2.0,-2.0,0.0,0.0,1.0,0.0,1.0,2.0,1.0,1.0,4.0,5.0,0.0,44.17,37.04,43.33,50.0,2,Brazil,Rio de Janeiro,,-22.06694317,-42.0633655677008,17366189,BRA,BR,76,BRL,33,ChIJw4riypQYmAAR0IMFwRrDSQM,Rio de Janeiro (state),BRRJ,,BRA.19_1,1307974.0,375543.0,15682672.0,312710.85714285716
8afaf004,2022-01-31,1757151,69884,1307974.0,2313502.0,28225531.0,13637745.0,11529236.0,,,,1.0,2.0,-2.0,0.0,0.0,1.0,0.0,1.0,2.0,1.0,1.0,4.0,5.0,0.0,44.17,37.04,43.33,50.0,2,Brazil,Rio de Janeiro,,-22.06694317,-42.0633655677008,17366189,BRA,BR,76,BRL,33,ChIJw4riypQYmAAR0IMFwRrDSQM,Rio de Janeiro (state),BRRJ,,BRA.19_1,1307974.0,379293.0,15678922.0,333238.85714285716
8afaf004,2022-02-01,1772794,69922,1307974.0,2313502.0,28205051.0,13591969.0,11529236.0,,,,1.0,2.0,-2.0,0.0,0.0,1.0,0.0,1.0,2.0,1.0,1.0,4.0,5.0,0.0,44.17,37.04,43.33,50.0,2,Brazil,Rio de Janeiro,,-22.06694317,-42.0633655677008,17366189,BRA,BR,76,BRL,33,ChIJw4riypQYmAAR0IMFwRrDSQM,Rio de Janeiro (state),BRRJ,,BRA.19_1,1307974.0,394898.0,15663317.0,352490.28571428574
8afaf004,2022-02-02,1790994,69970,1307974.0,2313502.0,28262695.0,13600305.0,11530703.0,,,,1.0,2.0,-2.0,0.0,0.0,1.0,0.0,1.0,2.0,1.0,1.0,4.0,5.0,0.0,44.17,37.04,43.33,50.0,2,Brazil,Rio de Janeiro,,-22.06694317,-42.0633655677008,17366189,BRA,BR,76,BRL,33,ChIJw4riypQYmAAR0IMFwRrDSQM,Rio de Janeiro (state),BRRJ,,BRA.19_1,1307974.0,413050.0,15645165.0,370996.28571428574
8afaf004,2022-02-03,1819607,70026,1307974.0,2313502.0,28374471.0,13612562.0,11553834.0,,,,1.0,2.0,-2.0,0.0,0.0,1.0,0.0,1.0,2.0,1.0,1.0,4.0,5.0,0.0,44.17,37.04,43.33,50.0,2,Brazil,Rio de Janeiro,,-22.06694317,-42.0633655677008,17366189,BRA,BR,76,BRL,33,ChIJw4riypQYmAAR0IMFwRrDSQM,Rio de Janeiro (state),BRRJ,,BRA.19_1,1307974.0,441607.0,15616608.0,388622.71428571426
8afaf004,2022-02-04,1837001,70125,1307974.0,2313502.0,28448848.0,13636478.0,11572969.0,,,,1.0,2.0,-2.0,0.0,0.0,1.0,0.0,1.0,2.0,1.0,1.0,4.0,5.0,0.0,44.17,37.04,43.33,50.0,2,Brazil,Rio de Janeiro,,-22.06694317,-42.0633655677008,17366189,BRA,BR,76,BRL,33,ChIJw4riypQYmAAR0IMFwRrDSQM,Rio de Janeiro (state),BRRJ,,BRA.19_1,1307974.0,458902.0,15599313.0,404765.28571428574
8afaf004,2022-02-05,1852994,70206,1307974.0,2313502.0,28582588.0,13668640.0,11597298.0,,,,1.0,2.0,-2.0,0.0,0.0,1.0,0.0,1.0,2.0,1.0,1.0,4.0,5.0,0.0,44.17,37.04,43.33,50.0,2,Brazil,Rio de Janeiro,,-22.06694317,-42.0633655677008,17366189,BRA,BR,76,BRL,33,ChIJw4riypQYmAAR0IMFwRrDSQM,Rio de Janeiro (state),BRRJ,,BRA.19_1,1307974.0,474814.0,15583401.0,419729.5714285714
8afaf004,2022-02-06,1854963,70232,1307974.0,2313502.0,28727660.0,13677707.0,11622963.0,,,,1.0,2.0,-2.0,0.0,0.0,1.0,0.0,1.0,2.0,1.0,1.0,4.0,5.0,0.0,44.17,37.04,43.33,50.0,2,Brazil,Rio de Janeiro,,-22.06694317,-42.0633655677008,17366189,BRA,BR,76,BRL,33,ChIJw4riypQYmAAR0IMFwRrDSQM,Rio de Janeiro (state),BRRJ,,BRA.19_1,1307974.0,476757.0,15581458.0,434188.71428571426
8afaf004,2022-02-07,1856969,70234,1307974.0,2313502.0,28763259.0,13708349.0,11624107.0,,,,1.0,2.0,-2.0,0.0,0.0,1.0,0.0,1.0,2.0,1.0,1.0,4.0,5.0,0.0,44.17,37.04,43.33,50.0,2,Brazil,Rio de Janeiro,,-22.06694317,-42.0633655677008,17366189,BRA,BR,76,BRL,33,ChIJw4riypQYmAAR0IMFwRrDSQM,Rio de Janeiro (state),BRRJ,,BRA.19_1,1307974.0,478761.0,15579454.0,448398.4285714286
8afaf004,2022-02-08,1870522,70323,1307974.0,2313502.0,28825516.0,13722486.0,11635090.0,,,,1.0,2.0,-2.0,0.0,0.0,1.0,0.0,1.0,2.0,1.0,1.0,4.0,5.0,0.0,44.17,37.04,43.33,50.0,2,Brazil,Rio de Janeiro,,-22.06694317,-42.0633655677008,17366189,BRA,BR,76,BRL,33,ChIJw4riypQYmAAR0IMFwRrDSQM,Rio de Janeiro (state),BRRJ,,BRA.19_1,1307974.0,492225.0,15565990.0,462302.28571428574
8afaf004,2022-02-09,1882077,70448,1307974.0,2313502.0,28843091.0,13734868.0,11640283.0,,,,1.0,2.0,-2.0,0.0,0.0,1.0,0.0,1.0,2.0,1.0,1.0,4.0,5.0,0.0,44.17,37.04,43.33,50.0,2,Brazil,Rio de Janeiro,,-22.06694317,-42.0633655677008,17366189,BRA,BR,76,BRL,33,ChIJw4riypQYmAAR0IMFwRrDSQM,Rio de Janeiro (state),BRRJ,,BRA.19_1,1307974.0,503655.0,15554560.0,475245.85714285716
8afaf004,2022-02-10,1893620,70528,1307974.0,2313502.0,28977069.0,13768536.0,11658878.0,,,,1.0,2.0,-2.0,0.0,0.0,1.0,0.0,1.0,2.0,1.0,1.0,4.0,5.0,0.0,44.17,37.04,43.33,50.0,2,Brazil,Rio de Janeiro,,-22.06694317,-42.0633655677008,17366189,BRA,BR,76,BRL,33,ChIJw4riypQYmAAR0IMFwRrDSQM,Rio de Janeiro (state),BRRJ,,BRA.19_1,1307974.0,515118.0,15543097.0,485747.4285714286
8afaf004,2022-02-11,1905090,70668,1307974.0,2313502.0,29201042.0,13820736.0,11697085.0,,,,1.0,2.0,-2.0,0.0,0.0,1.0,0.0,1.0,2.0,1.0,1.0,4.0,5.0,0.0,44.17,37.04,43.33,50.0,2,Brazil,Rio de Janeiro,,-22.06694317,-42.0633655677008,17366189,BRA,BR,76,BRL,33,ChIJw4riypQYmAAR0IMFwRrDSQM,Rio de Janeiro (state),BRRJ,,BRA.19_1,1307974.0,526448.0,15531767.0,495396.85714285716
8afaf004,2022-02-12,1914945,70773,1307974.0,2313502.0,29303657.0,13846125.0,11714897.0,,,,1.0,2.0,-2.0,0.0,0.0,1.0,0.0,1.0,2.0,1.0,1.0,4.0,5.0,0.0,44.17,37.04,43.33,50.0,2,Brazil,Rio de Janeiro,,-22.06694317,-42.0633655677008,17366189,BRA,BR,76,BRL,33,ChIJw4riypQYmAAR0IMFwRrDSQM,Rio de Janeiro (state),BRRJ,,BRA.19_1,1307974.0,536198.0,15522017.0,504166.0
8afaf004,2022-02-13,1918651,70839,1307974.0,2313502.0,29329489.0,13853304.0,11719308.0,,,,1.0,2.0,-2.0,0.0,0.0,1.0,0.0,1.0,2.0,1.0,1.0,4.0,5.0,0.0,44.17,37.04,43.33,50.0,2,Brazil,Rio de Janeiro,,-22.06694317,-42.0633655677008,17366189,BRA,BR,76,BRL,33,ChIJw4riypQYmAAR0IMFwRrDSQM,Rio de Janeiro (state),BRRJ,,BRA.19_1,1307974.0,539838.0,15518377.0,513177.5714285714
8afaf004,2022-02-14,1920434,70842,1307974.0,2313502.0,29359090.0,13862446.0,11722654.0,,,,1.0,2.0,-2.0,0.0,0.0,1.0,0.0,1.0,2.0,1.0,1.0,4.0,5.0,0.0,44.17,37.04,43.33,50.0,2,Brazil,Rio de Janeiro,,-22.06694317,-42.0633655677008,17366189,BRA,BR,76,BRL,33,ChIJw4riypQYmAAR0IMFwRrDSQM,Rio de Janeiro (state),BRRJ,,BRA.19_1,1307974.0,541618.0,15516597.0,522157.14285714284
8afaf004,2022-02-15,1928598,70933,1831802.0,2313502.0,29359090.0,13862446.0,11722654.0,,,,1.0,2.0,-2.0,0.0,0.0,1.0,0.0,1.0,2.0,1.0,1.0,4.0,5.0,0.0,44.17,37.04,43.33,50.0,2,Brazil,Rio de Janeiro,,-22.06694317,-42.0633655677008,17366189,BRA,BR,76,BRL,33,ChIJw4riypQYmAAR0IMFwRrDSQM,Rio de Janeiro (state),BRRJ,,BRA.19_1,1831802.0,25863.0,15508524.0,455534.0
8afaf004,2022-02-16,1937810,70988,1831802.0,2313502.0,29359414.0,13862770.0,11722654.0,,,,1.0,2.0,-2.0,0.0,0.0,1.0,0.0,1.0,2.0,1.0,1.0,4.0,5.0,0.0,44.17,37.04,43.33,50.0,2,Brazil,Rio de Janeiro,,-22.06694317,-42.0633655677008,17366189,BRA,BR,76,BRL,33,ChIJw4riypQYmAAR0IMFwRrDSQM,Rio de Janeiro (state),BRRJ,,BRA.19_1,1831802.0,35020.0,15499367.0,388586.14285714284
8afaf004,2022-02-17,1946016,71074,1831802.0,2313502.0,29513808.0,13897497.0,11748553.0,,,,1.0,2.0,-2.0,0.0,0.0,1.0,0.0,1.0,2.0,1.0,1.0,4.0,5.0,0.0,44.17,37.04,43.33,50.0,2,Brazil,Rio de Janeiro,,-22.06694317,-42.0633655677008,17366189,BRA,BR,76,BRL,33,ChIJw4riypQYmAAR0IMFwRrDSQM,Rio de Janeiro (state),BRRJ,,BRA.19_1,1831802.0,43140.0,15491247.0,321160.71428571426
8afaf004,2022-02-18,1949779,71232,1831802.0,2313502.0,29645975.0,13925346.0,11770411.0,,,,1.0,2.0,-2.0,0.0,0.0,1.0,0.0,1.0,2.0,1.0,1.0,4.0,5.0,0.0,44.17,37.04,43.33,50.0,2,Brazil,Rio de Janeiro,,-22.06694317,-42.0633655677008,17366189,BRA,BR,76,BRL,33,ChIJw4riypQYmAAR0IMFwRrDSQM,Rio de Janeiro (state),BRRJ,,BRA.19_1,1831802.0,46745.0,15487642.0,252631.7142857143
8afaf004,2022-02-19,1960037,71278,1831802.0,2313502.0,29711960.0,13939250.0,11781566.0,,,,1.0,2.0,-2.0,0.0,0.0,1.0,0.0,1.0,2.0,1.0,1.0,4.0,5.0,0.0,44.17,37.04,43.33,50.0,2,Brazil,Rio de Janeiro,,-22.06694317,-42.0633655677008,17366189,BRA,BR,76,BRL,33,ChIJw4riypQYmAAR0IMFwRrDSQM,Rio de Janeiro (state),BRRJ,,BRA.19_1,1831802.0,56957.0,15477430.0,184168.7142857143
8afaf004,2022-02-20,1961856,71316,1831802.0,2313502.0,29770089.0,13951099.0,11790463.0,,,,1.0,2.0,-2.0,0.0,0.0,1.0,0.0,1.0,2.0,1.0,1.0,4.0,5.0,0.0,44.17,37.04,43.33,50.0,2,Brazil,Rio de Janeiro,,-22.06694317,-42.0633655677008,17366189,BRA,BR,76,BRL,33,ChIJw4riypQYmAAR0IMFwRrDSQM,Rio de Janeiro (state),BRRJ,,BRA.19_1,1831802.0,58738.0,15475649.0,115440.14285714286
8afaf004,2022-02-21,1963043,71323,1831802.0,2313502.0,29776492.0,13952468.0,11791351.0,,,,1.0,2.0,-2.0,0.0,0.0,1.0,0.0,1.0,2.0,1.0,1.0,4.0,5.0,0.0,44.17,37.04,43.33,50.0,2,Brazil,Rio de Janeiro,,-22.06694317,-42.0633655677008,17366189,BRA,BR,76,BRL,33,ChIJw4riypQYmAAR0IMFwRrDSQM,Rio de Janeiro (state),BRRJ,,BRA.19_1,1831802.0,59918.0,15474469.0,46625.857142857145
8afaf004,2022-02-22,1967184,71347,1875372.0,2313502.0,29776492.0,13952468.0,11791351.0,,,,1.0,2.0,-2.0,0.0,0.0,1.0,0.0,1.0,2.0,1.0,1.0,4.0,5.0,0.0,44.17,37.04,43.33,50.0,2,Brazil,Rio de Janeiro,,-22.06694317,-42.0633655677008,17366189,BRA,BR,76,BRL,33,ChIJw4riypQYmAAR0IMFwRrDSQM,Rio de Janeiro (state),BRRJ,,BRA.19_1,1875372.0,20465.0,15470352.0,45854.71428571428
8afaf004,2022-02-23,1977628,71419,1875372.0,2313502.0,29776492.0,13952468.0,11791351.0,,,,1.0,2.0,-2.0,0.0,0.0,1.0,0.0,1.0,2.0,1.0,1.0,4.0,5.0,0.0,44.17,37.04,43.33,50.0,2,Brazil,Rio de Janeiro,,-22.06694317,-42.0633655677008,17366189,BRA,BR,76,BRL,33,ChIJw4riypQYmAAR0IMFwRrDSQM,Rio de Janeiro (state),BRRJ,,BRA.19_1,1875372.0,30837.0,15459980.0,45257.142857142855
8afaf004,2022-02-24,1982921,71570,1875372.0,2313502.0,29961576.0,13989815.0,11819656.0,,,,1.0,2.0,-2.0,0.0,0.0,1.0,0.0,1.0,2.0,1.0,1.0,4.0,5.0,0.0,44.17,37.04,43.33,50.0,2,Brazil,Rio de Janeiro,,-22.06694317,-42.0633655677008,17366189,BRA,BR,76,BRL,33,ChIJw4riypQYmAAR0IMFwRrDSQM,Rio de Janeiro (state),BRRJ,,BRA.19_1,1875372.0,35979.0,15454838.0,44234.142857142855
8afaf004,2022-02-25,1989021,71659,1875372.0,2313502.0,30127032.0,14021828.0,11851243.0,,,,1.0,2.0,-2.0,0.0,0.0,1.0,0.0,1.0,2.0,1.0,1.0,4.0,5.0,0.0,44.17,37.04,43.33,50.0,2,Brazil,Rio de Janeiro,,-22.06694317,-42.0633655677008,17366189,BRA,BR,76,BRL,33,ChIJw4riypQYmAAR0IMFwRrDSQM,Rio de Janeiro (state),BRRJ,,BRA.19_1,1875372.0,41990.0,15448827.0,43554.857142857145
8afaf004,2022-02-26,1993810,71723,1875372.0,2313502.0,30210665.0,14036617.0,11868091.0,,,,1.0,2.0,-2.0,0.0,0.0,1.0,0.0,1.0,2.0,1.0,1.0,4.0,5.0,0.0,44.17,37.04,43.33,50.0,2,Brazil,Rio de Janeiro,,-22.06694317,-42.0633655677008,17366189,BRA,BR,76,BRL,33,ChIJw4riypQYmAAR0IMFwRrDSQM,Rio de Janeiro (state),BRRJ,,BRA.19_1,1875372.0,46715.0,15444102.0,42091.71428571428
8afaf004,2022-02-27,1995136,71774,1875372.0,2313502.0,30278008.0,14045298.0,11902450.0,,,,1.0,2.0,-2.0,0.0,0.0,1.0,0.0,1.0,2.0,1.0,1.0,4.0,5.0,0.0,44.17,37.04,43.33,50.0,2,Brazil,Rio de Janeiro,,-22.06694317,-42.0633655677008,17366189,BRA,BR,76,BRL,33,ChIJw4riypQYmAAR0IMFwRrDSQM,Rio de Janeiro (state),BRRJ,,BRA.19_1,1875372.0,47990.0,15442827.0,40556.28571428572
8afaf004,2022-02-28,1995678,71778,1875372.0,2313502.0,30806342.0,14129246.0,12185329.0,,,,1.0,2.0,-2.0,0.0,0.0,1.0,0.0,1.0,2.0,1.0,1.0,4.0,5.0,0.0,44.17,37.04,43.33,50.0,2,Brazil,Rio de Janeiro,,-22.06694317,-42.0633655677008,17366189,BRA,BR,76,BRL,33,ChIJw4riypQYmAAR0IMFwRrDSQM,Rio de Janeiro (state),BRRJ,,BRA.19_1,1875372.0,48528.0,15442289.0,38929.142857142855
8afaf004,2022-03-01,1996760,71781,1875372.0,2313502.0,30833362.0,14131406.0,12206895.0,,,,1.0,2.0,-2.0,0.0,0.0,1.0,0.0,1.0,2.0,1.0,1.0,4.0,5.0,0.0,44.17,37.04,43.33,50.0,2,Brazil,Rio de Janeiro,,-22.06694317,-42.0633655677008,17366189,BRA,BR,76,BRL,33,ChIJw4riypQYmAAR0IMFwRrDSQM,Rio de Janeiro (state),BRRJ,,BRA.19_1,1875372.0,49607.0,15441210.0,43092.28571428572
8afaf004,2022-03-02,1997617,71809,1875372.0,2313502.0,30833362.0,14131406.0,12206895.0,,,,1.0,2.0,-2.0,0.0,0.0,1.0,0.0,1.0,2.0,1.0,1.0,4.0,5.0,0.0,44.17,37.04,43.33,50.0,2,Brazil,Rio de Janeiro,,-22.06694317,-42.0633655677008,17366189,BRA,BR,76,BRL,33,ChIJw4riypQYmAAR0IMFwRrDSQM,Rio de Janeiro (state),BRRJ,,BRA.19_1,1875372.0,50436.0,15440381.0,45892.142857142855
8afaf004,2022-03-03,2001312,71837,1914519.0,2313502.0,30833362.0,14131406.0,12206895.0,,,,1.0,2.0,-2.0,0.0,0.0,1.0,0.0,1.0,2.0,1.0,1.0,4.0,5.0,0.0,44.17,37.04,43.33,50.0,2,Brazil,Rio de Janeiro,,-22.06694317,-42.0633655677008,17366189,BRA,BR,76,BRL,33,ChIJw4riypQYmAAR0IMFwRrDSQM,Rio de Janeiro (state),BRRJ,,BRA.19_1,1914519.0,14956.0,15436714.0,42888.857142857145
8afaf004,2022-03-04,2006761,71875,1914519.0,2313502.0,30833362.0,14131406.0,12206895.0,,,,1.0,2.0,-2.0,0.0,0.0,1.0,0.0,1.0,2.0,1.0,1.0,4.0,5.0,0.0,44.17,37.04,43.33,50.0,2,Brazil,Rio de Janeiro,,-22.06694317,-42.0633655677008,17366189,BRA,BR,76,BRL,33,ChIJw4riypQYmAAR0IMFwRrDSQM,Rio de Janeiro (state),BRRJ,,BRA.19_1,1914519.0,20367.0,15431303.0,39799.857142857145
8afaf004,2022-03-05,2011215,71947,1914519.0,2313502.0,30917904.0,14146646.0,12221141.0,,,,1.0,2.0,-2.0,0.0,0.0,1.0,0.0,1.0,2.0,1.0,1.0,4.0,5.0,0.0,44.17,37.04,43.33,50.0,2,Brazil,Rio de Janeiro,,-22.06694317,-42.0633655677008,17366189,BRA,BR,76,BRL,33,ChIJw4riypQYmAAR0IMFwRrDSQM,Rio de Janeiro (state),BRRJ,,BRA.19_1,1914519.0,24749.0,15426921.0,36661.857142857145
8afaf004,2022-03-06,2011573,71956,1914519.0,2313502.0,30930959.0,14149181.0,12223540.0,,,,1.0,2.0,-2.0,0.0,0.0,1.0,0.0,1.0,2.0,1.0,1.0,4.0,5.0,0.0,44.17,37.04,43.33,50.0,2,Brazil,Rio de Janeiro,,-22.06694317,-42.0633655677008,17366189,BRA,BR,76,BRL,33,ChIJw4riypQYmAAR0IMFwRrDSQM,Rio de Janeiro (state),BRRJ,,BRA.19_1,1914519.0,25098.0,15426572.0,33391.57142857143
8afaf004,2022-03-07,2011870,71977,1914519.0,2313502.0,31010441.0,14163233.0,12239821.0,,,,-1.0,2.0,-2.0,0.0,0.0,1.0,0.0,1.0,2.0,1.0,1.0,4.0,5.0,0.0,43.12,35.19,42.14,50.0,2,Brazil,Rio de Janeiro,,-22.06694317,-42.0633655677008,17366189,BRA,BR,76,BRL,33,ChIJw4riypQYmAAR0IMFwRrDSQM,Rio de Janeiro (state),BRRJ,,BRA.19_1,1914519.0,25374.0,15426296.0,30083.85714285714
8afaf004,2022-03-08,2017580,72014,1914519.0,2313502.0,31044082.0,14169385.0,12245786.0,,,,-1.0,2.0,-2.0,0.0,0.0,1.0,0.0,1.0,2.0,1.0,1.0,4.0,5.0,0.0,43.12,35.19,42.14,50.0,2,Brazil,Rio de Janeiro,,-22.06694317,-42.0633655677008,17366189,BRA,BR,76,BRL,33,ChIJw4riypQYmAAR0IMFwRrDSQM,Rio de Janeiro (state),BRRJ,,BRA.19_1,1914519.0,31047.0,15420623.0,27432.428571428572
8afaf004,2022-03-09,2022417,72067,1914519.0,2313502.0,31123396.0,14180839.0,12259491.0,,,,-1.0,2.0,-2.0,0.0,0.0,1.0,0.0,1.0,2.0,1.0,1.0,4.0,5.0,0.0,43.12,35.19,42.14,50.0,2,Brazil,Rio de Janeiro,,-22.06694317,-42.0633655677008,17366189,BRA,BR,76,BRL,33,ChIJw4riypQYmAAR0IMFwRrDSQM,Rio de Janeiro (state),BRRJ,,BRA.19_1,1914519.0,35831.0,15415839.0,25346.0
8afaf004,2022-03-10,2027636,72093,1914519.0,2313502.0,31157190.0,14186515.0,12265189.0,,,,-1.0,2.0,-2.0,0.0,0.0,1.0,0.0,1.0,2.0,1.0,1.0,4.0,5.0,0.0,43.12,35.19,42.14,50.0,2,Brazil,Rio de Janeiro,,-22.06694317,-42.0633655677008,17366189,BRA,BR,76,BRL,33,ChIJw4riypQYmAAR0IMFwRrDSQM,Rio de Janeiro (state),BRRJ,,BRA.19_1,1914519.0,41024.0,15410646.0,29070.0
8afaf004,2022-03-11,2032079,72116,1948731.0,2313502.0,31159895.0,14186515.0,12265189.0,,,,-1.0,2.0,-2.0,0.0,0.0,1.0,0.0,1.0,2.0,1.0,1.0,4.0,5.0,0.0,43.12,35.19,42.14,50.0,2,Brazil,Rio de Janeiro,,-22.06694317,-42.0633655677008,17366189,BRA,BR,76,BRL,33,ChIJw4riypQYmAAR0IMFwRrDSQM,Rio de Janeiro (state),BRRJ,,BRA.19_1,1948731.0,11232.0,15406226.0,27765.0
8afaf004,2022-03-12,2036283,72180,1948731.0,2313502.0,31311884.0,14210065.0,12293450.0,,,,-1.0,2.0,-2.0,0.0,0.0,0.0,0.0,1.0,2.0,1.0,1.0,4.0,5.0,0.0,41.04,31.48,39.76,50.0,2,Brazil,Rio de Janeiro,,-22.06694317,-42.0633655677008,17366189,BRA,BR,76,BRL,33,ChIJw4riypQYmAAR0IMFwRrDSQM,Rio de Janeiro (state),BRRJ,,BRA.19_1,1948731.0,15372.0,15402086.0,26425.428571428572
8afaf004,2022-03-13,2037051,72221,1948731.0,2313502.0,31346470.0,14215257.0,12300381.0,,,,-1.0,2.0,-2.0,0.0,0.0,0.0,0.0,1.0,2.0,1.0,1.0,4.0,5.0,0.0,41.04,31.48,39.76,50.0,2,Brazil,Rio de Janeiro,,-22.06694317,-42.0633655677008,17366189,BRA,BR,76,BRL,33,ChIJw4riypQYmAAR0IMFwRrDSQM,Rio de Janeiro (state),BRRJ,,BRA.19_1,1948731.0,16099.0,15401359.0,25139.85714285714
8afaf004,2022-03-14,2037418,72233,1948731.0,2313502.0,31383613.0,14221529.0,12306428.0,,,,-1.0,2.0,-2.0,0.0,0.0,0.0,0.0,1.0,2.0,1.0,1.0,4.0,5.0,0.0,41.04,31.48,39.76,50.0,2,Brazil,Rio de Janeiro,,-22.06694317,-42.0633655677008,17366189,BRA,BR,76,BRL,33,ChIJw4riypQYmAAR0IMFwRrDSQM,Rio de Janeiro (state),BRRJ,,BRA.19_1,1948731.0,16454.0,15401004.0,23865.571428571428
8afaf004,2022-03-15,2042494,72254,1948731.0,2313502.0,31383613.0,14221529.0,12306428.0,,,,-1.0,2.0,-2.0,0.0,0.0,0.0,0.0,1.0,2.0,1.0,1.0,4.0,5.0,0.0,41.04,31.48,39.76,50.0,2,Brazil,Rio de Janeiro,,-22.06694317,-42.0633655677008,17366189,BRA,BR,76,BRL,33,ChIJw4riypQYmAAR0IMFwRrDSQM,Rio de Janeiro (state),BRRJ,,BRA.19_1,1948731.0,21509.0,15395949.0,22503.0
8afaf004,2022-03-16,2046184,72284,1948731.0,2313502.0,31389230.0,14227146.0,12312045.0,,,,-1.0,2.0,-2.0,0.0,0.0,0.0,0.0,1.0,2.0,1.0,1.0,4.0,5.0,0.0,41.04,31.48,39.76,50.0,2,Brazil,Rio de Janeiro,,-22.06694317,-42.0633655677008,17366189,BRA,BR,76,BRL,33,ChIJw4riypQYmAAR0IMFwRrDSQM,Rio de Janeiro (state),BRRJ,,BRA.19_1,1948731.0,25169.0,15392289.0,20979.85714285714
8afaf004,2022-03-17,2050452,72360,1948731.0,2313502.0,31397539.0,14227410.0,12320354.0,,,,-1.0,2.0,-2.0,0.0,0.0,0.0,0.0,1.0,2.0,1.0,1.0,4.0,5.0,0.0,41.04,31.48,39.76,50.0,2,Brazil,Rio de Janeiro,,-22.06694317,-42.0633655677008,17366189,BRA,BR,76,BRL,33,ChIJw4riypQYmAAR0IMFwRrDSQM,Rio de Janeiro (state),BRRJ,,BRA.19_1,1948731.0,29361.0,15388097.0,19313.714285714286
8afaf004,2022-03-18,2054897,72425,1948731.0,2313502.0,31465377.0,14227636.0,12344843.0,,,,-1.0,2.0,-2.0,0.0,0.0,0.0,0.0,1.0,2.0,1.0,1.0,4.0,5.0,0.0,41.04,31.48,39.76,50.0,2,Brazil,Rio de Janeiro,,-22.06694317,-42.0633655677008,17366189,BRA,BR,76,BRL,33,ChIJw4riypQYmAAR0IMFwRrDSQM,Rio de Janeiro (state),BRRJ,,BRA.19_1,1948731.0,33741.0,15383717.0,22529.285714285714
8afaf004,2022-03-19,2058571,72464,1948731.0,2313502.0,31542718.0,14238194.0,12366817.0,,,,-1.0,2.0,-2.0,0.0,0.0,0.0,0.0,1.0,2.0,1.0,1.0,4.0,5.0,0.0,41.04,31.48,39.76,50.0,2,Brazil,Rio de Janeiro,,-22.06694317,-42.0633655677008,17366189,BRA,BR,76,BRL,33,ChIJw4riypQYmAAR0IMFwRrDSQM,Rio de Janeiro (state),BRRJ,,BRA.19_1,1948731.0,37376.0,15380082.0,25672.714285714286
8afaf004,2022-03-20,2058978,72495,1948731.0,2313502.0,31571175.0,14244314.0,12375436.0,,,,-1.0,2.0,-2.0,0.0,0.0,0.0,0.0,1.0,2.0,1.0,1.0,4.0,5.0,0.0,41.04,31.48,39.76,50.0,2,Brazil,Rio de Janeiro,,-22.06694317,-42.0633655677008,17366189,BRA,BR,76,BRL,33,ChIJw4riypQYmAAR0IMFwRrDSQM,Rio de Janeiro (state),BRRJ,,BRA.19_1,1948731.0,37752.0,15379706.0,28766.0
8afaf004,2022-03-21,2059810,72497,1948731.0,2313502.0,31588704.0,14246301.0,12381621.0,,,,-1.0,2.0,-2.0,0.0,0.0,0.0,0.0,1.0,2.0,1.0,1.0,4.0,5.0,0.0,41.04,31.48,39.76,50.0,2,Brazil,Rio de Janeiro,,-22.06694317,-42.0633655677008,17366189,BRA,BR,76,BRL,33,ChIJw4riypQYmAAR0IMFwRrDSQM,Rio de Janeiro (state),BRRJ,,BRA.19_1,1948731.0,38582.0,15378876.0,31927.14285714286
8afaf004,2022-03-22,2063668,72534,1948731.0,2313502.0,31593653.0,14247036.0,12382908.0,,,,-1.0,2.0,-2.0,0.0,0.0,0.0,0.0,1.0,2.0,1.0,1.0,4.0,5.0,0.0,41.04,31.48,39.76,50.0,2,Brazil,Rio de Janeiro,,-22.06694317,-42.0633655677008,17366189,BRA,BR,76,BRL,33,ChIJw4riypQYmAAR0IMFwRrDSQM,Rio de Janeiro (state),BRRJ,,BRA.19_1,1948731.0,42403.0,15375055.0,34912.0
8afaf004,2022-03-23,2068356,72556,1948731.0,2313502.0,31594476.0,14247036.0,12382908.0,,,,-1.0,2.0,-2.0,0.0,0.0,0.0,0.0,1.0,2.0,1.0,1.0,4.0,5.0,0.0,41.04,31.48,39.76,50.0,2,Brazil,Rio de Janeiro,,-22.06694317,-42.0633655677008,17366189,BRA,BR,76,BRL,33,ChIJw4riypQYmAAR0IMFwRrDSQM,Rio de Janeiro (state),BRRJ,,BRA.19_1,1948731.0,47069.0,15370389.0,38040.57142857143
8afaf004,2022-03-24,2071914,72591,1948731.0,2313502.0,31594977.0,14247036.0,12382908.0,,,,0.0,2.0,-2.0,0.0,0.0,0.0,0.0,1.0,2.0,1.0,1.0,4.0,5.0,0.0,40.0,29.63,38.57,50.0,2,Brazil,Rio de Janeiro,,-22.06694317,-42.0633655677008,17366189,BRA,BR,76,BRL,33,ChIJw4riypQYmAAR0IMFwRrDSQM,Rio de Janeiro (state),BRRJ,,BRA.19_1,1948731.0,50592.0,15366866.0,41073.57142857143
8afaf004,2022-03-25,2075187,72616,1948731.0,2313502.0,31608345.0,14249340.0,12386034.0,,,,0.0,2.0,-2.0,0.0,0.0,0.0,0.0,1.0,2.0,1.0,1.0,4.0,5.0,0.0,40.0,29.63,38.57,50.0,2,Brazil,Rio de Janeiro,,-22.06694317,-42.0633655677008,17366189,BRA,BR,76,BRL,33,ChIJw4riypQYmAAR0IMFwRrDSQM,Rio de Janeiro (state),BRRJ,,BRA.19_1,1948731.0,53840.0,15363618.0,43944.857142857145
8afaf004,2022-03-26,2078648,72650,1948731.0,2313502.0,31609132.0,14249340.0,12386034.0,,,,0.0,2.0,-2.0,0.0,0.0,0.0,0.0,1.0,2.0,1.0,1.0,4.0,5.0,0.0,40.0,29.63,38.57,50.0,2,Brazil,Rio de Janeiro,,-22.06694317,-42.0633655677008,17366189,BRA,BR,76,BRL,33,ChIJw4riypQYmAAR0IMFwRrDSQM,Rio de Janeiro (state),BRRJ,,BRA.19_1,1948731.0,57267.0,15360191.0,46786.42857142857
8afaf004,2022-03-27,2078817,72695,1948731.0,2313502.0,31631462.0,14252955.0,12391479.0,,,,0.0,2.0,-2.0,0.0,0.0,0.0,0.0,1.0,2.0,1.0,1.0,4.0,5.0,0.0,40.0,29.63,38.57,50.0,2,Brazil,Rio de Janeiro,,-22.06694317,-42.0633655677008,17366189,BRA,BR,76,BRL,33,ChIJw4riypQYmAAR0IMFwRrDSQM,Rio de Janeiro (state),BRRJ,,BRA.19_1,1948731.0,57391.0,15360067.0,49592.0
8afaf004,2022-03-28,2079801,72697,1948731.0,2313502.0,31742338.0,14269447.0,12419949.0,,,,0.0,2.0,-2.0,0.0,0.0,0.0,0.0,1.0,2.0,1.0,1.0,4.0,5.0,0.0,40.0,29.63,38.57,50.0,2,Brazil,Rio de Janeiro,,-22.06694317,-42.0633655677008,17366189,BRA,BR,76,BRL,33,ChIJw4riypQYmAAR0IMFwRrDSQM,Rio de Janeiro (state),BRRJ,,BRA.19_1,1948731.0,58373.0,15359085.0,52419.28571428572
8afaf004,2022-03-29,2082820,72756,1948731.0,2313502.0,31968148.0,14299935.0,12478700.0,,,,0.0,2.0,-2.0,0.0,0.0,0.0,0.0,1.0,2.0,1.0,1.0,4.0,5.0,0.0,40.0,29.63,38.57,50.0,2,Brazil,Rio de Janeiro,,-22.06694317,-42.0633655677008,17366189,BRA,BR,76,BRL,33,ChIJw4riypQYmAAR0IMFwRrDSQM,Rio de Janeiro (state),BRRJ,,BRA.19_1,1948731.0,61333.0,15356125.0,55123.57142857143
8afaf004,2022-03-30,2085915,72792,1948731.0,2313502.0,32095641.0,14315848.0,12511027.0,,,,0.0,2.0,-2.0,0.0,0.0,0.0,0.0,1.0,2.0,1.0,1.0,4.0,5.0,0.0,40.0,29.63,38.57,50.0,2,Brazil,Rio de Janeiro,,-22.06694317,-42.0633655677008,17366189,BRA,BR,76,BRL,33,ChIJw4riypQYmAAR0IMFwRrDSQM,Rio de Janeiro (state),BRRJ,,BRA.19_1,1948731.0,64392.0,15353066.0,57598.28571428572
8afaf004,2022-03-31,2089829,72835,1948731.0,2313502.0,32166500.0,14324085.0,12528612.0,,,,0.0,2.0,-2.0,0.0,0.0,0.0,0.0,1.0,2.0,1.0,1.0,4.0,5.0,0.0,40.0,29.63,38.57,50.0,2,Brazil,Rio de Janeiro,,-22.06694317,-42.0633655677008,17366189,BRA,BR,76,BRL,33,ChIJw4riypQYmAAR0IMFwRrDSQM,Rio de Janeiro (state),BRRJ,,BRA.19_1,1948731.0,68263.0,15349195.0,60122.71428571428
8afaf004,2022-04-01,2092612,72858,1948731.0,2313502.0,32226862.0,14332206.0,12543387.0,,,,0.0,2.0,-2.0,0.0,0.0,0.0,0.0,1.0,2.0,1.0,1.0,1.0,5.0,1.0,37.4,29.63,35.6,50.0,2,Brazil,Rio de Janeiro,,-22.06694317,-42.0633655677008,17366189,BRA,BR,76,BRL,33,ChIJw4riypQYmAAR0IMFwRrDSQM,Rio de Janeiro (state),BRRJ,,BRA.19_1,1948731.0,71023.0,15346435.0,62577.42857142857
8afaf004,2022-04-02,2092612,72858,1948731.0,2313502.0,32280188.0,14338923.0,12557407.0,,,,0.0,2.0,-2.0,0.0,0.0,0.0,0.0,1.0,2.0,1.0,1.0,1.0,5.0,1.0,37.4,29.63,35.6,50.0,2,Brazil,Rio de Janeiro,,-22.06694317,-42.0633655677008,17366189,BRA,BR,76,BRL,33,ChIJw4riypQYmAAR0IMFwRrDSQM,Rio de Janeiro (state),BRRJ,,BRA.19_1,1948731.0,71023.0,15346435.0,64542.57142857143
8afaf004,2022-04-03,2092612,72858,1948731.0,2313502.0,32305986.0,14342274.0,12565508.0,,,,0.0,2.0,-2.0,0.0,0.0,0.0,0.0,1.0,2.0,1.0,1.0,1.0,5.0,1.0,37.4,29.63,35.6,50.0,2,Brazil,Rio de Janeiro,,-22.06694317,-42.0633655677008,17366189,BRA,BR,76,BRL,33,ChIJw4riypQYmAAR0IMFwRrDSQM,Rio de Janeiro (state),BRRJ,,BRA.19_1,1948731.0,71023.0,15346435.0,66490.0
8afaf004,2022-04-04,2097088,72914,1948731.0,2313502.0,32307338.0,14342274.0,12566310.0,,,,0.0,2.0,-2.0,0.0,0.0,0.0,0.0,1.0,2.0,1.0,1.0,1.0,5.0,1.0,37.4,29.63,35.6,50.0,2,Brazil,Rio de Janeiro,,-22.06694317,-42.0633655677008,17366189,BRA,BR,76,BRL,33,ChIJw4riypQYmAAR0IMFwRrDSQM,Rio de Janeiro (state),BRRJ,,BRA.19_1,1948731.0,75443.0,15342015.0,68928.57142857143
8afaf004,2022-04-05,2099668,72948,1948731.0,2313502.0,32357421.0,14348955.0,12580559.0,,,,0.0,2.0,-2.0,0.0,0.0,0.0,0.0,1.0,2.0,1.0,1.0,1.0,5.0,1.0,37.4,29.63,35.6,50.0,2,Brazil,Rio de Janeiro,,-22.06694317,-42.0633655677008,17366189,BRA,BR,76,BRL,33,ChIJw4riypQYmAAR0IMFwRrDSQM,Rio de Janeiro (state),BRRJ,,BRA.19_1,1948731.0,77989.0,15339469.0,71308.0
8afaf004,2022-04-06,2102458,72967,1948731.0,2313502.0,32423250.0,14357579.0,12598160.0,,,,0.0,2.0,-2.0,0.0,0.0,0.0,0.0,1.0,2.0,1.0,1.0,1.0,5.0,1.0,37.4,29.63,35.6,50.0,2,Brazil,Rio de Janeiro,,-22.06694317,-42.0633655677008,17366189,BRA,BR,76,BRL,33,ChIJw4riypQYmAAR0IMFwRrDSQM,Rio de Janeiro (state),BRRJ,,BRA.19_1,1948731.0,80760.0,15336698.0,73646.28571428571
8afaf004,2022-04-07,2105358,73033,1948731.0,2313502.0,32482695.0,14364841.0,12614941.0,,,,0.0,2.0,-2.0,0.0,0.0,0.0,0.0,1.0,2.0,1.0,1.0,1.0,5.0,1.0,37.4,29.63,35.6,50.0,2,Brazil,Rio de Janeiro,,-22.06694317,-42.0633655677008,17366189,BRA,BR,76,BRL,33,ChIJw4riypQYmAAR0IMFwRrDSQM,Rio de Janeiro (state),BRRJ,,BRA.19_1,1948731.0,83594.0,15333864.0,75836.42857142857
8afaf004,2022-04-08,2108417,73039,1948731.0,2313502.0,32541265.0,14372343.0,12630757.0,,,,0.0,2.0,-2.0,0.0,0.0,0.0,0.0,1.0,2.0,1.0,1.0,1.0,5.0,1.0,37.4,29.63,35.6,50.0,2,Brazil,Rio de Janeiro,,-22.06694317,-42.0633655677008,17366189,BRA,BR,76,BRL,33,ChIJw4riypQYmAAR0IMFwRrDSQM,Rio de Janeiro (state),BRRJ,,BRA.19_1,1948731.0,86647.0,15330811.0,78068.42857142857
8afaf004,2022-04-09,2108417,73039,1948731.0,2313502.0,32596525.0,14380345.0,12646166.0,,,,0.0,2.0,-2.0,0.0,0.0,0.0,0.0,1.0,2.0,1.0,1.0,1.0,5.0,1.0,37.4,29.63,35.6,50.0,2,Brazil,Rio de Janeiro,,-22.06694317,-42.0633655677008,17366189,BRA,BR,76,BRL,33,ChIJw4riypQYmAAR0IMFwRrDSQM,Rio de Janeiro (state),BRRJ,,BRA.19_1,1948731.0,86647.0,15330811.0,80300.42857142857
8afaf004,2022-04-10,2108417,73039,1948731.0,2313502.0,32621207.0,14383451.0,12654166.0,,,,0.0,2.0,-2.0,0.0,0.0,0.0,0.0,1.0,2.0,1.0,1.0,1.0,5.0,1.0,37.4,29.63,35.6,50.0,2,Brazil,Rio de Janeiro,,-22.06694317,-42.0633655677008,17366189,BRA,BR,76,BRL,33,ChIJw4riypQYmAAR0IMFwRrDSQM,Rio de Janeiro (state),BRRJ,,BRA.19_1,1948731.0,86647.0,15330811.0,82532.42857142857
8afaf004,2022-04-11,2111868,73073,1948731.0,2313502.0,32624002.0,14384084.0,12654651.0,,,,0.0,2.0,-2.0,0.0,0.0,0.0,0.0,1.0,2.0,1.0,1.0,1.0,5.0,1.0,37.4,29.63,35.6,50.0,2,Brazil,Rio de Janeiro,,-22.06694317,-42.0633655677008,17366189,BRA,BR,76,BRL,33,ChIJw4riypQYmAAR0IMFwRrDSQM,Rio de Janeiro (state),BRRJ,,BRA.19_1,1948731.0,90064.0,15327394.0,84621.14285714286
8afaf004,2022-04-12,2114523,73111,1948731.0,2313502.0,32666429.0,14388880.0,12666197.0,,,,0.0,2.0,-2.0,0.0,0.0,0.0,0.0,1.0,2.0,1.0,1.0,1.0,5.0,1.0,37.4,29.63,35.6,50.0,2,Brazil,Rio de Janeiro,,-22.06694317,-42.0633655677008,17366189,BRA,BR,76,BRL,33,ChIJw4riypQYmAAR0IMFwRrDSQM,Rio de Janeiro (state),BRRJ,,BRA.19_1,1948731.0,92681.0,15324777.0,86720.0
8afaf004,2022-04-13,2117270,73128,1948731.0,2313502.0,32666429.0,14388880.0,12666197.0,,,,0.0,2.0,-2.0,0.0,0.0,0.0,0.0,1.0,2.0,1.0,1.0,1.0,5.0,1.0,37.4,29.63,35.6,50.0,2,Brazil,Rio de Janeiro,,-22.06694317,-42.0633655677008,17366189,BRA,BR,76,BRL,33,ChIJw4riypQYmAAR0IMFwRrDSQM,Rio de Janeiro (state),BRRJ,,BRA.19_1,1948731.0,95411.0,15322047.0,88813.0
8afaf004,2022-04-14,2117270,73128,1948731.0,2313502.0,32773395.0,14401696.0,12695259.0,,,,0.0,2.0,-2.0,0.0,0.0,0.0,0.0,1.0,2.0,1.0,1.0,1.0,5.0,1.0,37.4,29.63,35.6,50.0,2,Brazil,Rio de Janeiro,,-22.06694317,-42.0633655677008,17366189,BRA,BR,76,BRL,33,ChIJw4riypQYmAAR0IMFwRrDSQM,Rio de Janeiro (state),BRRJ,,BRA.19_1,1948731.0,95411.0,15322047.0,90501.14285714286
8afaf004,2022-04-15,2117270,73128,1948731.0,2313502.0,32806222.0,14405862.0,12704481.0,,,,0.0,2.0,-2.0,0.0,0.0,0.0,0.0,1.0,2.0,1.0,1.0,1.0,5.0,1.0,37.4,29.63,35.6,50.0,2,Brazil,Rio de Janeiro,,-22.06694317,-42.0633655677008,17366189,BRA,BR,76,BRL,33,ChIJw4riypQYmAAR0IMFwRrDSQM,Rio de Janeiro (state),BRRJ,,BRA.19_1,1948731.0,95411.0,15322047.0,91753.14285714286
8afaf004,2022-04-16,2117270,73128,1948731.0,2313502.0,32812459.0,14406680.0,12706433.0,,,,0.0,2.0,-2.0,0.0,0.0,0.0,0.0,1.0,2.0,1.0,1.0,1.0,5.0,1.0,37.4,29.63,35.6,50.0,2,Brazil,Rio de Janeiro,,-22.06694317,-42.0633655677008,17366189,BRA,BR,76,BRL,33,ChIJw4riypQYmAAR0IMFwRrDSQM,Rio de Janeiro (state),BRRJ,,BRA.19_1,1948731.0,95411.0,15322047.0,93005.14285714286
8afaf004,2022-04-17,2117270,73128,1948731.0,2313502.0,32819747.0,14407730.0,12708288.0,,,,0.0,2.0,-2.0,0.0,0.0,0.0,0.0,1.0,2.0,1.0,1.0,1.0,5.0,1.0,37.4,29.63,35.6,50.0,2,Brazil,Rio de Janeiro,,-22.06694317,-42.0633655677008,17366189,BRA,BR,76,BRL,33,ChIJw4riypQYmAAR0IMFwRrDSQM,Rio de Janeiro (state),BRRJ,,BRA.19_1,1948731.0,95411.0,15322047.0,94257.14285714286
8afaf004,2022-04-18,2119007,73146,1948731.0,2313502.0,32822535.0,14407893.0,12708846.0,,,,0.0,2.0,-2.0,0.0,0.0,0.0,0.0,1.0,2.0,1.0,1.0,1.0,5.0,1.0,37.4,29.63,35.6,50.0,2,Brazil,Rio de Janeiro,,-22.06694317,-42.0633655677008,17366189,BRA,BR,76,BRL,33,ChIJw4riypQYmAAR0IMFwRrDSQM,Rio de Janeiro (state),BRRJ,,BRA.19_1,1948731.0,97130.0,15320328.0,95266.57142857143
8afaf004,2022-04-19,2120203,73176,1948731.0,2313502.0,32953774.0,14485314.0,12739460.0,,,,0.0,2.0,-2.0,0.0,0.0,0.0,0.0,1.0,2.0,1.0,1.0,1.0,5.0,1.0,37.4,29.63,35.6,50.0,2,Brazil,Rio de Janeiro,,-22.06694317,-42.0633655677008,17366189,BRA,BR,76,BRL,33,ChIJw4riypQYmAAR0IMFwRrDSQM,Rio de Janeiro (state),BRRJ,,BRA.19_1,1948731.0,98296.0,15319162.0,96068.71428571429
8afaf004,2022-04-20,2129580,73196,1948731.0,2313502.0,33000313.0,14489919.0,12750393.0,,,,0.0,2.0,-2.0,0.0,0.0,0.0,0.0,1.0,2.0,1.0,1.0,1.0,5.0,1.0,37.4,29.63,35.6,50.0,2,Brazil,Rio de Janeiro,,-22.06694317,-42.0633655677008,17366189,BRA,BR,76,BRL,33,ChIJw4riypQYmAAR0IMFwRrDSQM,Rio de Janeiro (state),BRRJ,,BRA.19_1,1948731.0,107653.0,15309805.0,97817.57142857143
8afaf004,2022-04-21,2129580,73196,1948731.0,2313502.0,33047387.0,14495958.0,12764286.0,,,,0.0,2.0,-2.0,0.0,0.0,0.0,0.0,1.0,2.0,1.0,1.0,1.0,5.0,1.0,37.4,29.63,35.6,50.0,2,Brazil,Rio de Janeiro,,-22.06694317,-42.0633655677008,17366189,BRA,BR,76,BRL,33,ChIJw4riypQYmAAR0IMFwRrDSQM,Rio de Janeiro (state),BRRJ,,BRA.19_1,1948731.0,107653.0,15309805.0,99566.42857142857
8afaf004,2022-04-22,2131863,73207,1948731.0,2313502.0,33054508.0,14496010.0,12764338.0,,,,0.0,2.0,-2.0,0.0,0.0,0.0,0.0,1.0,2.0,1.0,1.0,1.0,5.0,1.0,37.4,29.63,35.6,50.0,2,Brazil,Rio de Janeiro,,-22.06694317,-42.0633655677008,17366189,BRA,BR,76,BRL,33,ChIJw4riypQYmAAR0IMFwRrDSQM,Rio de Janeiro (state),BRRJ,,BRA.19_1,1948731.0,109925.0,15307533.0,101639.85714285714
8afaf004,2022-04-23,2131863,73207,1948731.0,2313502.0,33078185.0,14502712.0,12781313.0,,,,0.0,2.0,-2.0,0.0,0.0,0.0,0.0,1.0,2.0,1.0,1.0,1.0,5.0,1.0,37.4,29.63,35.6,50.0,2,Brazil,Rio de Janeiro,,-22.06694317,-42.0633655677008,17366189,BRA,BR,76,BRL,33,ChIJw4riypQYmAAR0IMFwRrDSQM,Rio de Janeiro (state),BRRJ,,BRA.19_1,1948731.0,109925.0,15307533.0,103713.28571428571
8afaf004,2022-04-24,2131863,73207,1948731.0,2313502.0,33078185.0,14502712.0,12781313.0,,,,0.0,2.0,-2.0,0.0,0.0,0.0,0.0,1.0,2.0,1.0,1.0,1.0,5.0,1.0,37.4,29.63,35.6,50.0,2,Brazil,Rio de Janeiro,,-22.06694317,-42.0633655677008,17366189,BRA,BR,76,BRL,33,ChIJw4riypQYmAAR0IMFwRrDSQM,Rio de Janeiro (state),BRRJ,,BRA.19_1,1948731.0,109925.0,15307533.0,105786.71428571429
8afaf004,2022-04-25,2133169,73233,1948731.0,2313502.0,33078185.0,14502712.0,12781313.0,,,,0.0,2.0,-2.0,0.0,0.0,0.0,0.0,1.0,2.0,1.0,1.0,1.0,5.0,1.0,37.4,29.63,35.6,50.0,2,Brazil,Rio de Janeiro,,-22.06694317,-42.0633655677008,17366189,BRA,BR,76,BRL,33,ChIJw4riypQYmAAR0IMFwRrDSQM,Rio de Janeiro (state),BRRJ,,BRA.19_1,1948731.0,111205.0,15306253.0,107797.42857142857
8afaf004,2022-04-26,2135271,73254,1948731.0,2313502.0,33078185.0,14502712.0,12781313.0,,,,0.0,-2.0,0.0,0.0,0.0,0.0,0.0,1.0,2.0,1.0,1.0,1.0,5.0,1.0,31.67,19.44,29.05,50.0,2,Brazil,Rio de Janeiro,,-22.06694317,-42.0633655677008,17366189,BRA,BR,76,BRL,33,ChIJw4riypQYmAAR0IMFwRrDSQM,Rio de Janeiro (state),BRRJ,,BRA.19_1,1948731.0,113286.0,15304172.0,109938.85714285714
8afaf004,2022-04-27,2137643,73378,1948731.0,2313502.0,33171009.0,14512290.0,12806720.0,,,,0.0,-2.0,0.0,0.0,0.0,0.0,0.0,1.0,2.0,1.0,1.0,1.0,5.0,1.0,31.67,19.44,29.05,50.0,2,Brazil,Rio de Janeiro,,-22.06694317,-42.0633655677008,17366189,BRA,BR,76,BRL,33,ChIJw4riypQYmAAR0IMFwRrDSQM,Rio de Janeiro (state),BRRJ,,BRA.19_1,1948731.0,115534.0,15301924.0,111064.71428571429
8afaf004,2022-04-28,2139439,73383,1948731.0,2313502.0,33231205.0,14516816.0,12818014.0,,,,0.0,-2.0,0.0,0.0,0.0,0.0,0.0,1.0,2.0,1.0,1.0,1.0,5.0,1.0,31.67,19.44,29.05,50.0,2,Brazil,Rio de Janeiro,,-22.06694317,-42.0633655677008,17366189,BRA,BR,76,BRL,33,ChIJw4riypQYmAAR0IMFwRrDSQM,Rio de Janeiro (state),BRRJ,,BRA.19_1,1948731.0,117325.0,15300133.0,112446.42857142857
8afaf004,2022-04-29,2140492,73437,1948731.0,2313502.0,33287035.0,14521000.0,12828831.0,,,,0.0,-2.0,0.0,0.0,0.0,0.0,0.0,1.0,2.0,1.0,1.0,1.0,5.0,1.0,31.67,19.44,29.05,50.0,2,Brazil,Rio de Janeiro,,-22.06694317,-42.0633655677008,17366189,BRA,BR,76,BRL,33,ChIJw4riypQYmAAR0IMFwRrDSQM,Rio de Janeiro (state),BRRJ,,BRA.19_1,1948731.0,118324.0,15299134.0,113646.28571428571
8afaf004,2022-04-30,2140492,73437,1948731.0,2313502.0,33287035.0,14521000.0,12828831.0,,,,0.0,-2.0,0.0,0.0,0.0,0.0,0.0,1.0,2.0,1.0,1.0,1.0,5.0,1.0,31.67,19.44,29.05,50.0,2,Brazil,Rio de Janeiro,,-22.06694317,-42.0633655677008,17366189,BRA,BR,76,BRL,33,ChIJw4riypQYmAAR0IMFwRrDSQM,Rio de Janeiro (state),BRRJ,,BRA.19_1,1948731.0,118324.0,15299134.0,114846.14285714286
8afaf004,2022-05-01,2140492,73437,1948731.0,2313502.0,33349304.0,14521350.0,12829181.0,,,,0.0,-2.0,0.0,0.0,0.0,0.0,0.0,1.0,2.0,1.0,1.0,1.0,5.0,1.0,31.67,19.44,29.05,50.0,2,Brazil,Rio de Janeiro,,-22.06694317,-42.0633655677008,17366189,BRA,BR,76,BRL,33,ChIJw4riypQYmAAR0IMFwRrDSQM,Rio de Janeiro (state),BRRJ,,BRA.19_1,1948731.0,118324.0,15299134.0,116046.0
8afaf004,2022-05-02,2142829,73470,1948731.0,2313502.0,33375619.0,14528204.0,12848642.0,,,,0.0,-2.0,0.0,0.0,0.0,0.0,0.0,1.0,2.0,1.0,1.0,1.0,5.0,1.0,31.67,19.44,29.05,50.0,2,Brazil,Rio de Janeiro,,-22.06694317,-42.0633655677008,17366189,BRA,BR,76,BRL,33,ChIJw4riypQYmAAR0IMFwRrDSQM,Rio de Janeiro (state),BRRJ,,BRA.19_1,1948731.0,120628.0,15296830.0,117392.14285714286
8afaf004,2022-05-03,2144311,73480,1948731.0,2313502.0,33380816.0,14528221.0,12848659.0,,,,0.0,-2.0,0.0,0.0,0.0,0.0,0.0,1.0,2.0,1.0,1.0,1.0,5.0,1.0,31.67,19.44,29.05,50.0,2,Brazil,Rio de Janeiro,,-22.06694317,-42.0633655677008,17366189,BRA,BR,76,BRL,33,ChIJw4riypQYmAAR0IMFwRrDSQM,Rio de Janeiro (state),BRRJ,,BRA.19_1,1948731.0,122100.0,15295358.0,118651.28571428571
8afaf004,2022-05-04,2145933,73480,1948731.0,2313502.0,33522849.0,14560836.0,12889306.0,,,,0.0,-2.0,0.0,0.0,0.0,0.0,0.0,1.0,2.0,1.0,1.0,1.0,5.0,1.0,31.67,19.44,29.05,50.0,2,Brazil,Rio de Janeiro,,-22.06694317,-42.0633655677008,17366189,BRA,BR,76,BRL,33,ChIJw4riypQYmAAR0IMFwRrDSQM,Rio de Janeiro (state),BRRJ,,BRA.19_1,1948731.0,123722.0,15293736.0,119821.0
8afaf004,2022-05-05,2149139,73480,1948731.0,2313502.0,33522849.0,14560836.0,12889306.0,,,,0.0,-2.0,0.0,0.0,0.0,0.0,0.0,1.0,2.0,1.0,1.0,1.0,5.0,1.0,31.67,19.44,29.05,50.0,2,Brazil,Rio de Janeiro,,-22.06694317,-42.0633655677008,17366189,BRA,BR,76,BRL,33,ChIJw4riypQYmAAR0IMFwRrDSQM,Rio de Janeiro (state),BRRJ,,BRA.19_1,1948731.0,126928.0,15290530.0,121192.85714285714
8afaf004,2022-05-06,2150287,73543,1948731.0,2313502.0,33652754.0,14569328.0,12910533.0,,,,1.0,-2.0,0.0,0.0,0.0,0.0,0.0,1.0,2.0,1.0,1.0,1.0,5.0,1.0,33.75,23.15,31.43,50.0,2,Brazil,Rio de Janeiro,,-22.06694317,-42.0633655677008,17366189,BRA,BR,76,BRL,33,ChIJw4riypQYmAAR0IMFwRrDSQM,Rio de Janeiro (state),BRRJ,,BRA.19_1,1948731.0,128013.0,15289445.0,122577.0
8afaf004,2022-05-07,2150287,73543,1948731.0,2313502.0,33706900.0,14573428.0,12920125.0,,,,1.0,-2.0,0.0,0.0,0.0,0.0,0.0,1.0,2.0,1.0,1.0,1.0,5.0,1.0,33.75,23.15,31.43,50.0,2,Brazil,Rio de Janeiro,,-22.06694317,-42.0633655677008,17366189,BRA,BR,76,BRL,33,ChIJw4riypQYmAAR0IMFwRrDSQM,Rio de Janeiro (state),BRRJ,,BRA.19_1,1948731.0,128013.0,15289445.0,123961.14285714286
8afaf004,2022-05-08,2150287,73543,1948731.0,2313502.0,33729768.0,14575177.0,12924442.0,,,,1.0,-2.0,0.0,0.0,0.0,0.0,0.0,1.0,2.0,1.0,1.0,1.0,5.0,1.0,33.75,23.15,31.43,50.0,2,Brazil,Rio de Janeiro,,-22.06694317,-42.0633655677008,17366189,BRA,BR,76,BRL,33,ChIJw4riypQYmAAR0IMFwRrDSQM,Rio de Janeiro (state),BRRJ,,BRA.19_1,1948731.0,128013.0,15289445.0,125345.28571428571
8afaf004,2022-05-09,2153740,73566,1948731.0,2313502.0,33730638.0,14575233.0,12924666.0,,,,1.0,-2.0,0.0,0.0,0.0,0.0,0.0,1.0,2.0,1.0,1.0,1.0,5.0,1.0,33.75,23.15,31.43,50.0,2,Brazil,Rio de Janeiro,,-22.06694317,-42.0633655677008,17366189,BRA,BR,76,BRL,33,ChIJw4riypQYmAAR0IMFwRrDSQM,Rio de Janeiro (state),BRRJ,,BRA.19_1,1948731.0,131443.0,15286015.0,126890.28571428571
8afaf004,2022-05-10,2155817,73603,1948731.0,2313502.0,33773915.0,14578131.0,12931739.0,,,,1.0,-2.0,0.0,0.0,0.0,0.0,0.0,1.0,2.0,1.0,1.0,1.0,5.0,1.0,33.75,23.15,31.43,50.0,2,Brazil,Rio de Janeiro,,-22.06694317,-42.0633655677008,17366189,BRA,BR,76,BRL,33,ChIJw4riypQYmAAR0IMFwRrDSQM,Rio de Janeiro (state),BRRJ,,BRA.19_1,1948731.0,133483.0,15283975.0,128516.42857142857
8afaf004,2022-05-11,2158019,73616,1948731.0,2313502.0,34047915.0,14619881.0,12982701.0,,,,1.0,-2.0,0.0,0.0,0.0,0.0,0.0,1.0,2.0,1.0,1.0,1.0,5.0,1.0,33.75,23.15,31.43,50.0,2,Brazil,Rio de Janeiro,,-22.06694317,-42.0633655677008,17366189,BRA,BR,76,BRL,33,ChIJw4riypQYmAAR0IMFwRrDSQM,Rio de Janeiro (state),BRRJ,,BRA.19_1,1948731.0,135672.0,15281786.0,130223.57142857143
8afaf004,2022-05-12,2160060,73625,1948731.0,2313502.0,34120763.0,14624657.0,12991715.0,,,,1.0,-2.0,0.0,0.0,0.0,0.0,0.0,1.0,2.0,1.0,1.0,1.0,5.0,1.0,33.75,23.15,31.43,50.0,2,Brazil,Rio de Janeiro,,-22.06694317,-42.0633655677008,17366189,BRA,BR,76,BRL,33,ChIJw4riypQYmAAR0IMFwRrDSQM,Rio de Janeiro (state),BRRJ,,BRA.19_1,1948731.0,137704.0,15279754.0,131763.0
8afaf004,2022-05-13,2162354,73632,1948731.0,2313502.0,34120763.0,14624657.0,12991715.0,,,,1.0,-2.0,0.0,0.0,0.0,0.0,0.0,1.0,2.0,1.0,1.0,1.0,5.0,1.0,33.75,23.15,31.43,50.0,2,Brazil,Rio de Janeiro,,-22.06694317,-42.0633655677008,17366189,BRA,BR,76,BRL,33,ChIJw4riypQYmAAR0IMFwRrDSQM,Rio de Janeiro (state),BRRJ,,BRA.19_1,1948731.0,139991.0,15277467.0,133474.14285714287
8afaf004,2022-05-14,2162354,73632,1948731.0,2313502.0,34120763.0,14624657.0,12991715.0,,,,1.0,-2.0,0.0,0.0,0.0,0.0,0.0,1.0,2.0,1.0,1.0,1.0,5.0,1.0,33.75,23.15,31.43,50.0,2,Brazil,Rio de Janeiro,,-22.06694317,-42.0633655677008,17366189,BRA,BR,76,BRL,33,ChIJw4riypQYmAAR0IMFwRrDSQM,Rio de Janeiro (state),BRRJ,,BRA.19_1,1948731.0,139991.0,15277467.0,135185.2857142857
8afaf004,2022-05-15,2162354,73632,1948731.0,2313502.0,34120763.0,14624657.0,12991715.0,,,,1.0,-2.0,0.0,0.0,0.0,0.0,0.0,1.0,2.0,1.0,1.0,1.0,5.0,1.0,33.75,23.15,31.43,50.0,2,Brazil,Rio de Janeiro,,-22.06694317,-42.0633655677008,17366189,BRA,BR,76,BRL,33,ChIJw4riypQYmAAR0IMFwRrDSQM,Rio de Janeiro (state),BRRJ,,BRA.19_1,1948731.0,139991.0,15277467.0,136896.42857142858
8afaf004,2022-05-16,2165562,73643,1948731.0,2313502.0,34120763.0,14624657.0,12991715.0,,,,1.0,-2.0,0.0,0.0,0.0,0.0,0.0,1.0,2.0,1.0,1.0,1.0,5.0,1.0,33.75,23.15,31.43,50.0,2,Brazil,Rio de Janeiro,,-22.06694317,-42.0633655677008,17366189,BRA,BR,76,BRL,33,ChIJw4riypQYmAAR0IMFwRrDSQM,Rio de Janeiro (state),BRRJ,,BRA.19_1,1948731.0,143188.0,15274270.0,138574.2857142857
8afaf004,2022-05-17,2167859,73717,1948731.0,2313502.0,34120763.0,14624657.0,12991715.0,,,,1.0,-2.0,0.0,0.0,0.0,0.0,0.0,1.0,2.0,1.0,1.0,1.0,5.0,1.0,33.75,23.15,31.43,50.0,2,Brazil,Rio de Janeiro,,-22.06694317,-42.0633655677008,17366189,BRA,BR,76,BRL,33,ChIJw4riypQYmAAR0IMFwRrDSQM,Rio de Janeiro (state),BRRJ,,BRA.19_1,1948731.0,145411.0,15272047.0,140278.2857142857
8afaf004,2022-05-18,2168273,73720,1948731.0,2313502.0,34271633.0,14633845.0,13013503.0,,,,1.0,-2.0,0.0,0.0,0.0,0.0,0.0,1.0,2.0,1.0,1.0,1.0,5.0,1.0,33.75,23.15,31.43,50.0,2,Brazil,Rio de Janeiro,,-22.06694317,-42.0633655677008,17366189,BRA,BR,76,BRL,33,ChIJw4riypQYmAAR0IMFwRrDSQM,Rio de Janeiro (state),BRRJ,,BRA.19_1,1948731.0,145822.0,15271636.0,141728.2857142857
8afaf004,2022-05-19,2168418,73723,1948731.0,2313502.0,34328693.0,14637543.0,13021329.0,,,,1.0,-2.0,0.0,0.0,0.0,0.0,0.0,1.0,2.0,1.0,1.0,1.0,5.0,1.0,33.75,23.15,31.43,50.0,2,Brazil,Rio de Janeiro,,-22.06694317,-42.0633655677008,17366189,BRA,BR,76,BRL,33,ChIJw4riypQYmAAR0IMFwRrDSQM,Rio de Janeiro (state),BRRJ,,BRA.19_1,1948731.0,145964.0,15271494.0,142908.2857142857
8afaf004,2022-05-20,2168599,73726,1948731.0,2313502.0,34328693.0,14637543.0,13021329.0,,,,1.0,-2.0,0.0,0.0,0.0,0.0,0.0,1.0,2.0,1.0,1.0,1.0,5.0,1.0,33.75,23.15,31.43,50.0,2,Brazil,Rio de Janeiro,,-22.06694317,-42.0633655677008,17366189,BRA,BR,76,BRL,33,ChIJw4riypQYmAAR0IMFwRrDSQM,Rio de Janeiro (state),BRRJ,,BRA.19_1,1948731.0,146142.0,15271316.0,143787.0
8afaf004,2022-05-21,2168599,73726,1948731.0,2313502.0,34328693.0,14637543.0,13021329.0,,,,1.0,-2.0,0.0,0.0,0.0,0.0,0.0,1.0,2.0,1.0,1.0,1.0,5.0,1.0,33.75,23.15,31.43,50.0,2,Brazil,Rio de Janeiro,,-22.06694317,-42.0633655677008,17366189,BRA,BR,76,BRL,33,ChIJw4riypQYmAAR0IMFwRrDSQM,Rio de Janeiro (state),BRRJ,,BRA.19_1,1948731.0,146142.0,15271316.0,144665.7142857143
8afaf004,2022-05-22,2168599,73726,1948731.0,2313502.0,34328693.0,14637543.0,13021329.0,,,,1.0,-2.0,0.0,0.0,0.0,0.0,0.0,1.0,2.0,1.0,1.0,1.0,5.0,1.0,33.75,23.15,31.43,50.0,2,Brazil,Rio de Janeiro,,-22.06694317,-42.0633655677008,17366189,BRA,BR,76,BRL,33,ChIJw4riypQYmAAR0IMFwRrDSQM,Rio de Janeiro (state),BRRJ,,BRA.19_1,1948731.0,146142.0,15271316.0,145544.42857142858
8afaf004,2022-05-23,2171757,73728,1948731.0,2313502.0,34328693.0,14637543.0,13021329.0,,,,1.0,-2.0,0.0,0.0,0.0,0.0,0.0,1.0,2.0,1.0,1.0,1.0,5.0,1.0,33.75,23.15,31.43,50.0,2,Brazil,Rio de Janeiro,,-22.06694317,-42.0633655677008,17366189,BRA,BR,76,BRL,33,ChIJw4riypQYmAAR0IMFwRrDSQM,Rio de Janeiro (state),BRRJ,,BRA.19_1,1948731.0,149298.0,15268160.0,146417.2857142857
8afaf004,2022-05-24,2174328,73789,1948731.0,2313502.0,34508276.0,14649590.0,13046847.0,,,,1.0,-2.0,0.0,0.0,0.0,0.0,0.0,1.0,2.0,1.0,1.0,1.0,5.0,1.0,33.75,23.15,31.43,50.0,2,Brazil,Rio de Janeiro,,-22.06694317,-42.0633655677008,17366189,BRA,BR,76,BRL,33,ChIJw4riypQYmAAR0IMFwRrDSQM,Rio de Janeiro (state),BRRJ,,BRA.19_1,1948731.0,151808.0,15265650.0,147331.14285714287
8afaf004,2022-05-25,2177585,73791,1948731.0,2313502.0,34565945.0,14653129.0,13054396.0,,,,1.0,-2.0,0.0,0.0,0.0,0.0,0.0,1.0,2.0,1.0,1.0,1.0,5.0,1.0,33.75,23.15,31.43,50.0,2,Brazil,Rio de Janeiro,,-22.06694317,-42.0633655677008,17366189,BRA,BR,76,BRL,33,ChIJw4riypQYmAAR0IMFwRrDSQM,Rio de Janeiro (state),BRRJ,,BRA.19_1,1948731.0,155063.0,15262395.0,148651.2857142857
8afaf004,2022-05-26,2181506,73791,1948731.0,2313502.0,34565945.0,14653129.0,13054396.0,,,,1.0,-2.0,0.0,0.0,0.0,0.0,0.0,1.0,2.0,1.0,1.0,1.0,5.0,1.0,33.75,23.15,31.43,50.0,2,Brazil,Rio de Janeiro,,-22.06694317,-42.0633655677008,17366189,BRA,BR,76,BRL,33,ChIJw4riypQYmAAR0IMFwRrDSQM,Rio de Janeiro (state),BRRJ,,BRA.19_1,1948731.0,158984.0,15258474.0,150511.2857142857
8afaf004,2022-05-27,2184238,73797,1948731.0,2313502.0,34669126.0,14659204.0,13070058.0,,,,1.0,-2.0,0.0,0.0,0.0,0.0,0.0,1.0,2.0,1.0,1.0,1.0,5.0,1.0,33.75,23.15,31.43,50.0,2,Brazil,Rio de Janeiro,,-22.06694317,-42.0633655677008,17366189,BRA,BR,76,BRL,33,ChIJw4riypQYmAAR0IMFwRrDSQM,Rio de Janeiro (state),BRRJ,,BRA.19_1,1948731.0,161710.0,15255748.0,152735.2857142857
8afaf004,2022-05-28,2184238,73797,1948731.0,2313502.0,34711639.0,14661896.0,13076674.0,,,,1.0,-2.0,0.0,0.0,0.0,0.0,0.0,1.0,2.0,1.0,1.0,1.0,5.0,1.0,33.75,23.15,31.43,50.0,2,Brazil,Rio de Janeiro,,-22.06694317,-42.0633655677008,17366189,BRA,BR,76,BRL,33,ChIJw4riypQYmAAR0IMFwRrDSQM,Rio de Janeiro (state),BRRJ,,BRA.19_1,1948731.0,161710.0,15255748.0,154959.2857142857
8afaf004,2022-05-29,2184238,73797,1948731.0,2313502.0,34727701.0,14663025.0,13079320.0,,,,1.0,-2.0,0.0,0.0,0.0,0.0,0.0,1.0,2.0,1.0,1.0,1.0,5.0,1.0,33.75,23.15,31.43,50.0,2,Brazil,Rio de Janeiro,,-22.06694317,-42.0633655677008,17366189,BRA,BR,76,BRL,33,ChIJw4riypQYmAAR0IMFwRrDSQM,Rio de Janeiro (state),BRRJ,,BRA.19_1,1948731.0,161710.0,15255748.0,157183.2857142857
8afaf004,2022-05-30,2189528,73806,1948731.0,2313502.0,34729109.0,14663137.0,13079427.0,,,,1.0,-2.0,0.0,0.0,0.0,0.0,0.0,1.0,2.0,1.0,1.0,1.0,5.0,1.0,33.75,23.15,31.43,50.0,2,Brazil,Rio de Janeiro,,-22.06694317,-42.0633655677008,17366189,BRA,BR,76,BRL,33,ChIJw4riypQYmAAR0IMFwRrDSQM,Rio de Janeiro (state),BRRJ,,BRA.19_1,1948731.0,166991.0,15250467.0,159710.85714285713
8afaf004,2022-05-31,2193304,73830,1948731.0,2313502.0,34729109.0,14663137.0,13079427.0,,,,1.0,-2.0,0.0,0.0,0.0,0.0,0.0,1.0,2.0,1.0,1.0,1.0,5.0,1.0,33.75,23.15,31.43,50.0,2,Brazil,Rio de Janeiro,,-22.06694317,-42.0633655677008,17366189,BRA,BR,76,BRL,33,ChIJw4riypQYmAAR0IMFwRrDSQM,Rio de Janeiro (state),BRRJ,,BRA.19_1,1948731.0,170743.0,15246715.0,162415.85714285713
8afaf004,2022-06-01,2198247,73830,1948731.0,2313502.0,34729109.0,14663137.0,13079427.0,,,,1.0,-2.0,0.0,0.0,0.0,0.0,0.0,1.0,2.0,1.0,1.0,1.0,5.0,1.0,33.75,23.15,31.43,50.0,2,Brazil,Rio de Janeiro,,-22.06694317,-42.0633655677008,17366189,BRA,BR,76,BRL,33,ChIJw4riypQYmAAR0IMFwRrDSQM,Rio de Janeiro (state),BRRJ,,BRA.19_1,1948731.0,175686.0,15241772.0,165362.0
8afaf004,2022-06-02,2203684,73830,1948731.0,2313502.0,34729109.0,14663137.0,13079427.0,,,,1.0,-2.0,0.0,0.0,0.0,0.0,0.0,1.0,2.0,1.0,1.0,1.0,5.0,1.0,33.75,23.15,31.43,50.0,2,Brazil,Rio de Janeiro,,-22.06694317,-42.0633655677008,17366189,BRA,BR,76,BRL,33,ChIJw4riypQYmAAR0IMFwRrDSQM,Rio de Janeiro (state),BRRJ,,BRA.19_1,1948731.0,181123.0,15236335.0,168524.7142857143
8afaf004,2022-06-03,2208212,73830,1948731.0,2313502.0,34890516.0,14672687.0,13101332.0,,,,1.0,-2.0,0.0,0.0,0.0,0.0,0.0,1.0,2.0,1.0,1.0,1.0,5.0,1.0,33.75,23.15,31.43,50.0,2,Brazil,Rio de Janeiro,,-22.06694317,-42.0633655677008,17366189,BRA,BR,76,BRL,33,ChIJw4riypQYmAAR0IMFwRrDSQM,Rio de Janeiro (state),BRRJ,,BRA.19_1,1948731.0,185651.0,15231807.0,171944.85714285713
8afaf004,2022-06-04,2208212,73830,1948731.0,2313502.0,35025127.0,14679965.0,13118597.0,,,,1.0,-2.0,0.0,0.0,0.0,0.0,0.0,1.0,2.0,1.0,1.0,1.0,5.0,1.0,33.75,23.15,31.43,50.0,2,Brazil,Rio de Janeiro,,-22.06694317,-42.0633655677008,17366189,BRA,BR,76,BRL,33,ChIJw4riypQYmAAR0IMFwRrDSQM,Rio de Janeiro (state),BRRJ,,BRA.19_1,1948731.0,185651.0,15231807.0,175365.0
8afaf004,2022-06-05,2208212,73830,1948731.0,2313502.0,35100961.0,14683134.0,13124825.0,,,,1.0,-2.0,0.0,0.0,0.0,0.0,0.0,1.0,2.0,1.0,1.0,1.0,5.0,1.0,33.75,23.15,31.43,50.0,2,Brazil,Rio de Janeiro,,-22.06694317,-42.0633655677008,17366189,BRA,BR,76,BRL,33,ChIJw4riypQYmAAR0IMFwRrDSQM,Rio de Janeiro (state),BRRJ,,BRA.19_1,1948731.0,185651.0,15231807.0,178785.14285714287
8afaf004,2022-06-06,2217604,73830,1948731.0,2313502.0,35100961.0,14683134.0,13124825.0,,,,1.0,-2.0,0.0,0.0,0.0,0.0,0.0,1.0,2.0,1.0,1.0,1.0,5.0,1.0,33.75,23.15,31.43,50.0,2,Brazil,Rio de Janeiro,,-22.06694317,-42.0633655677008,17366189,BRA,BR,76,BRL,33,ChIJw4riypQYmAAR0IMFwRrDSQM,Rio de Janeiro (state),BRRJ,,BRA.19_1,1948731.0,195043.0,15222415.0,182792.57142857142
8afaf004,2022-06-07,2223322,73848,1948731.0,2313502.0,35140782.0,14684756.0,13128353.0,,,,1.0,-2.0,0.0,0.0,0.0,0.0,0.0,1.0,2.0,1.0,1.0,1.0,5.0,1.0,33.75,23.15,31.43,50.0,2,Brazil,Rio de Janeiro,,-22.06694317,-42.0633655677008,17366189,BRA,BR,76,BRL,33,ChIJw4riypQYmAAR0IMFwRrDSQM,Rio de Janeiro (state),BRRJ,,BRA.19_1,1948731.0,200743.0,15216715.0,187078.2857142857
8afaf004,2022-06-08,2229049,73858,1948731.0,2313502.0,35142361.0,14686335.0,13128760.0,,,,1.0,-2.0,0.0,0.0,0.0,0.0,0.0,1.0,2.0,1.0,1.0,1.0,5.0,1.0,33.75,23.15,31.43,50.0,2,Brazil,Rio de Janeiro,,-22.06694317,-42.0633655677008,17366189,BRA,BR,76,BRL,33,ChIJw4riypQYmAAR0IMFwRrDSQM,Rio de Janeiro (state),BRRJ,,BRA.19_1,1948731.0,206460.0,15210998.0,191474.57142857142
8afaf004,2022-06-09,2233545,73861,1948731.0,2313502.0,35143726.0,14687700.0,13128827.0,,,,1.0,-2.0,0.0,0.0,0.0,0.0,0.0,1.0,2.0,1.0,1.0,1.0,5.0,1.0,33.75,23.15,31.43,50.0,2,Brazil,Rio de Janeiro,,-22.06694317,-42.0633655677008,17366189,BRA,BR,76,BRL,33,ChIJw4riypQYmAAR0IMFwRrDSQM,Rio de Janeiro (state),BRRJ,,BRA.19_1,1948731.0,210953.0,15206505.0,195736.0
8afaf004,2022-06-10,2243137,73870,1948731.0,2313502.0,35131174.0,14689260.0,13114763.0,,,,1.0,-2.0,0.0,0.0,0.0,0.0,0.0,1.0,2.0,1.0,1.0,1.0,5.0,1.0,33.75,23.15,31.43,50.0,2,Brazil,Rio de Janeiro,,-22.06694317,-42.0633655677008,17366189,BRA,BR,76,BRL,33,ChIJw4riypQYmAAR0IMFwRrDSQM,Rio de Janeiro (state),BRRJ,,BRA.19_1,1948731.0,220536.0,15196922.0,200719.57142857142
8afaf004,2022-06-11,2243137,73870,1948731.0,2313502.0,35133882.0,14691968.0,13114914.0,,,,1.0,-2.0,0.0,0.0,0.0,0.0,0.0,1.0,2.0,1.0,1.0,1.0,5.0,1.0,33.75,23.15,31.43,50.0,2,Brazil,Rio de Janeiro,,-22.06694317,-42.0633655677008,17366189,BRA,BR,76,BRL,33,ChIJw4riypQYmAAR0IMFwRrDSQM,Rio de Janeiro (state),BRRJ,,BRA.19_1,1948731.0,220536.0,15196922.0,205703.14285714287
8afaf004,2022-06-12,2243137,73870,1948731.0,2313502.0,35422863.0,14693228.0,13402708.0,,,,1.0,-2.0,0.0,0.0,0.0,0.0,0.0,1.0,2.0,1.0,1.0,1.0,5.0,1.0,33.75,23.15,31.43,50.0,2,Brazil,Rio de Janeiro,,-22.06694317,-42.0633655677008,17366189,BRA,BR,76,BRL,33,ChIJw4riypQYmAAR0IMFwRrDSQM,Rio de Janeiro (state),BRRJ,,BRA.19_1,1948731.0,220536.0,15196922.0,210686.7142857143
8afaf004,2022-06-13,2248909,73886,1948731.0,2313502.0,35423507.0,14693404.0,13403181.0,,,,1.0,-2.0,0.0,0.0,0.0,0.0,0.0,1.0,2.0,1.0,1.0,1.0,5.0,1.0,33.75,23.15,31.43,50.0,2,Brazil,Rio de Janeiro,,-22.06694317,-42.0633655677008,17366189,BRA,BR,76,BRL,33,ChIJw4riypQYmAAR0IMFwRrDSQM,Rio de Janeiro (state),BRRJ,,BRA.19_1,1948731.0,226292.0,15191166.0,215150.85714285713
8afaf004,2022-06-14,2259012,73926,1948731.0,2313502.0,35423507.0,14693404.0,13403181.0,,,,1.0,-2.0,0.0,0.0,0.0,0.0,0.0,1.0,2.0,1.0,1.0,1.0,5.0,1.0,33.75,23.15,31.43,50.0,2,Brazil,Rio de Janeiro,,-22.06694317,-42.0633655677008,17366189,BRA,BR,76,BRL,33,ChIJw4riypQYmAAR0IMFwRrDSQM,Rio de Janeiro (state),BRRJ,,BRA.19_1,1948731.0,236355.0,15181103.0,220238.2857142857
8afaf004,2022-06-15,2266309,73942,1948731.0,2313502.0,35431573.0,14695833.0,13408891.0,,,,1.0,-2.0,0.0,0.0,0.0,0.0,0.0,1.0,2.0,1.0,1.0,1.0,5.0,1.0,33.75,23.15,31.43,50.0,2,Brazil,Rio de Janeiro,,-22.06694317,-42.0633655677008,17366189,BRA,BR,76,BRL,33,ChIJw4riypQYmAAR0IMFwRrDSQM,Rio de Janeiro (state),BRRJ,,BRA.19_1,1948731.0,243636.0,15173822.0,225549.14285714287
8afaf004,2022-06-16,2266309,73942,1948731.0,2313502.0,35544321.0,14703249.0,13429561.0,,,,1.0,-2.0,0.0,0.0,0.0,0.0,0.0,1.0,2.0,1.0,1.0,1.0,5.0,1.0,33.75,23.15,31.43,50.0,2,Brazil,Rio de Janeiro,,-22.06694317,-42.0633655677008,17366189,BRA,BR,76,BRL,33,ChIJw4riypQYmAAR0IMFwRrDSQM,Rio de Janeiro (state),BRRJ,,BRA.19_1,1948731.0,243636.0,15173822.0,230218.14285714287
8afaf004,2022-06-17,2274509,73957,1948731.0,2313502.0,35561168.0,14704168.0,13431940.0,,,,1.0,-2.0,0.0,0.0,0.0,0.0,0.0,1.0,2.0,1.0,1.0,1.0,5.0,1.0,33.75,23.15,31.43,50.0,2,Brazil,Rio de Janeiro,,-22.06694317,-42.0633655677008,17366189,BRA,BR,76,BRL,33,ChIJw4riypQYmAAR0IMFwRrDSQM,Rio de Janeiro (state),BRRJ,,BRA.19_1,1948731.0,251821.0,15165637.0,234687.42857142858
8afaf004,2022-06-18,2274509,73957,1948731.0,2313502.0,35595628.0,14706008.0,13436909.0,,,,1.0,-2.0,0.0,0.0,0.0,0.0,0.0,1.0,2.0,1.0,1.0,1.0,5.0,1.0,33.75,23.15,31.43,50.0,2,Brazil,Rio de Janeiro,,-22.06694317,-42.0633655677008,17366189,BRA,BR,76,BRL,33,ChIJw4riypQYmAAR0IMFwRrDSQM,Rio de Janeiro (state),BRRJ,,BRA.19_1,1948731.0,251821.0,15165637.0,239156.7142857143
8afaf004,2022-06-19,2274509,73957,1948731.0,2313502.0,35614724.0,14706607.0,13438715.0,,,,1.0,-2.0,0.0,0.0,0.0,0.0,0.0,1.0,2.0,1.0,1.0,1.0,5.0,1.0,33.75,23.15,31.43,50.0,2,Brazil,Rio de Janeiro,,-22.06694317,-42.0633655677008,17366189,BRA,BR,76,BRL,33,ChIJw4riypQYmAAR0IMFwRrDSQM,Rio de Janeiro (state),BRRJ,,BRA.19_1,1948731.0,251821.0,15165637.0,243626.0
8afaf004,2022-06-20,2283177,73969,1948731.0,2313502.0,35614724.0,14706607.0,13438715.0,,,,1.0,-2.0,0.0,0.0,0.0,0.0,0.0,1.0,2.0,1.0,1.0,1.0,5.0,1.0,33.75,23.15,31.43,50.0,2,Brazil,Rio de Janeiro,,-22.06694317,-42.0633655677008,17366189,BRA,BR,76,BRL,33,ChIJw4riypQYmAAR0IMFwRrDSQM,Rio de Janeiro (state),BRRJ,,BRA.19_1,1948731.0,260477.0,15156981.0,248509.57142857142
8afaf004,2022-06-21,2292140,73975,1948731.0,2313502.0,35614724.0,14706607.0,13438715.0,,,,1.0,-2.0,0.0,0.0,0.0,0.0,0.0,1.0,2.0,1.0,1.0,1.0,5.0,1.0,33.75,23.15,31.43,50.0,2,Brazil,Rio de Janeiro,,-22.06694317,-42.0633655677008,17366189,BRA,BR,76,BRL,33,ChIJw4riypQYmAAR0IMFwRrDSQM,Rio de Janeiro (state),BRRJ,,BRA.19_1,1948731.0,269434.0,15148024.0,253235.14285714287
8afaf004,2022-06-22,2300360,74020,1948731.0,2313502.0,35614724.0,14706607.0,13438715.0,,,,1.0,-2.0,0.0,0.0,0.0,0.0,0.0,1.0,2.0,1.0,1.0,1.0,5.0,1.0,33.75,23.15,31.43,50.0,2,Brazil,Rio de Janeiro,,-22.06694317,-42.0633655677008,17366189,BRA,BR,76,BRL,33,ChIJw4riypQYmAAR0IMFwRrDSQM,Rio de Janeiro (state),BRRJ,,BRA.19_1,1948731.0,277609.0,15139849.0,258088.42857142858
8afaf004,2022-06-23,2308917,74037,1948731.0,2313502.0,35614724.0,14706607.0,13438715.0,,,,1.0,-2.0,0.0,0.0,0.0,0.0,0.0,1.0,2.0,1.0,1.0,1.0,5.0,1.0,33.75,23.15,31.43,50.0,2,Brazil,Rio de Janeiro,,-22.06694317,-42.0633655677008,17366189,BRA,BR,76,BRL,33,ChIJw4riypQYmAAR0IMFwRrDSQM,Rio de Janeiro (state),BRRJ,,BRA.19_1,1948731.0,286149.0,15131309.0,264161.71428571426
8afaf004,2022-06-24,2316183,74053,1948731.0,2313502.0,35614724.0,14706607.0,13438715.0,,,,1.0,-2.0,0.0,0.0,0.0,0.0,0.0,1.0,2.0,1.0,1.0,1.0,5.0,1.0,33.75,23.15,31.43,50.0,2,Brazil,Rio de Janeiro,,-22.06694317,-42.0633655677008,17366189,BRA,BR,76,BRL,33,ChIJw4riypQYmAAR0IMFwRrDSQM,Rio de Janeiro (state),BRRJ,,BRA.19_1,1948731.0,293399.0,15124059.0,270101.4285714286
8afaf004,2022-06-25,2316183,74053,1948731.0,2313502.0,35614724.0,14706607.0,13438715.0,,,,1.0,-2.0,0.0,0.0,0.0,0.0,0.0,1.0,2.0,1.0,1.0,1.0,5.0,1.0,33.75,23.15,31.43,50.0,2,Brazil,Rio de Janeiro,,-22.06694317,-42.0633655677008,17366189,BRA,BR,76,BRL,33,ChIJw4riypQYmAAR0IMFwRrDSQM,Rio de Janeiro (state),BRRJ,,BRA.19_1,1948731.0,293399.0,15124059.0,276041.14285714284
8afaf004,2022-06-26,2316183,74053,1948731.0,2313502.0,35614724.0,14706607.0,13438715.0,,,,1.0,-2.0,0.0,0.0,0.0,0.0,0.0,1.0,2.0,1.0,1.0,1.0,5.0,1.0,33.75,23.15,31.43,50.0,2,Brazil,Rio de Janeiro,,-22.06694317,-42.0633655677008,17366189,BRA,BR,76,BRL,33,ChIJw4riypQYmAAR0IMFwRrDSQM,Rio de Janeiro (state),BRRJ,,BRA.19_1,1948731.0,293399.0,15124059.0,281980.85714285716
8afaf004,2022-06-27,2325377,74076,1948731.0,2313502.0,35614724.0,14706607.0,13438715.0,,,,1.0,-2.0,0.0,0.0,0.0,0.0,0.0,1.0,2.0,1.0,1.0,1.0,5.0,1.0,33.75,23.15,31.43,50.0,2,Brazil,Rio de Janeiro,,-22.06694317,-42.0633655677008,17366189,BRA,BR,76,BRL,33,ChIJw4riypQYmAAR0IMFwRrDSQM,Rio de Janeiro (state),BRRJ,,BRA.19_1,1948731.0,302570.0,15114888.0,287994.14285714284
8afaf004,2022-06-28,2333281,74092,1948731.0,2313502.0,36129741.0,14726767.0,13497204.0,,,,1.0,-2.0,0.0,0.0,0.0,0.0,0.0,1.0,2.0,1.0,1.0,1.0,5.0,1.0,33.75,23.15,31.43,50.0,2,Brazil,Rio de Janeiro,,-22.06694317,-42.0633655677008,17366189,BRA,BR,76,BRL,33,ChIJw4riypQYmAAR0IMFwRrDSQM,Rio de Janeiro (state),BRRJ,,BRA.19_1,1948731.0,310458.0,15107000.0,293854.71428571426
8afaf004,2022-06-29,2341235,74107,1948731.0,2313502.0,36129741.0,14726767.0,13497204.0,,,,1.0,-2.0,0.0,0.0,0.0,0.0,0.0,1.0,2.0,1.0,1.0,1.0,5.0,1.0,33.75,23.15,31.43,50.0,2,Brazil,Rio de Janeiro,,-22.06694317,-42.0633655677008,17366189,BRA,BR,76,BRL,33,ChIJw4riypQYmAAR0IMFwRrDSQM,Rio de Janeiro (state),BRRJ,,BRA.19_1,1948731.0,318397.0,15099061.0,299681.5714285714
8afaf004,2022-06-30,2348485,74134,1948731.0,2313502.0,36129741.0,14726767.0,13497204.0,,,,1.0,-2.0,0.0,0.0,0.0,0.0,0.0,1.0,2.0,1.0,1.0,1.0,5.0,1.0,33.75,23.15,31.43,50.0,2,Brazil,Rio de Janeiro,,-22.06694317,-42.0633655677008,17366189,BRA,BR,76,BRL,33,ChIJw4riypQYmAAR0IMFwRrDSQM,Rio de Janeiro (state),BRRJ,,BRA.19_1,1948731.0,325620.0,15091838.0,305320.28571428574
8afaf004,2022-07-01,2355371,74157,1948731.0,2313502.0,36310622.0,14735170.0,13518447.0,,,,1.0,-2.0,0.0,0.0,0.0,0.0,0.0,1.0,2.0,1.0,1.0,1.0,5.0,1.0,33.75,23.15,31.43,50.0,2,Brazil,Rio de Janeiro,,-22.06694317,-42.0633655677008,17366189,BRA,BR,76,BRL,33,ChIJw4riypQYmAAR0IMFwRrDSQM,Rio de Janeiro (state),BRRJ,,BRA.19_1,1948731.0,332483.0,15084975.0,310903.71428571426
8afaf004,2022-07-02,2355371,74157,1948731.0,2313502.0,36383008.0,14738098.0,13527677.0,,,,1.0,-2.0,0.0,0.0,0.0,0.0,0.0,1.0,2.0,1.0,1.0,1.0,5.0,1.0,33.75,23.15,31.43,50.0,2,Brazil,Rio de Janeiro,,-22.06694317,-42.0633655677008,17366189,BRA,BR,76,BRL,33,ChIJw4riypQYmAAR0IMFwRrDSQM,Rio de Janeiro (state),BRRJ,,BRA.19_1,1948731.0,332483.0,15084975.0,316487.14285714284
8afaf004,2022-07-03,2355371,74157,1948731.0,2313502.0,36487849.0,14743980.0,13541662.0,,,,1.0,-2.0,0.0,0.0,0.0,0.0,0.0,1.0,2.0,1.0,1.0,1.0,5.0,1.0,33.75,23.15,31.43,50.0,2,Brazil,Rio de Janeiro,,-22.06694317,-42.0633655677008,17366189,BRA,BR,76,BRL,33,ChIJw4riypQYmAAR0IMFwRrDSQM,Rio de Janeiro (state),BRRJ,,BRA.19_1,1948731.0,332483.0,15084975.0,322070.5714285714
8afaf004,2022-07-04,2360412,74183,1948731.0,2313502.0,36491423.0,14744094.0,13542114.0,,,,1.0,-2.0,0.0,0.0,0.0,0.0,0.0,1.0,2.0,1.0,1.0,1.0,5.0,1.0,33.75,23.15,31.43,50.0,2,Brazil,Rio de Janeiro,,-22.06694317,-42.0633655677008,17366189,BRA,BR,76,BRL,33,ChIJw4riypQYmAAR0IMFwRrDSQM,Rio de Janeiro (state),BRRJ,,BRA.19_1,1948731.0,337498.0,15079960.0,327060.28571428574
8afaf004,2022-07-05,2369051,74231,1948731.0,2313502.0,36541462.0,14746123.0,13548097.0,,,,1.0,-2.0,0.0,0.0,0.0,0.0,0.0,1.0,2.0,1.0,1.0,1.0,5.0,1.0,33.75,23.15,31.43,50.0,2,Brazil,Rio de Janeiro,,-22.06694317,-42.0633655677008,17366189,BRA,BR,76,BRL,33,ChIJw4riypQYmAAR0IMFwRrDSQM,Rio de Janeiro (state),BRRJ,,BRA.19_1,1948731.0,346089.0,15071369.0,332150.4285714286
8afaf004,2022-07-06,2375245,74246,1948731.0,2313502.0,36541462.0,14746123.0,13548097.0,,,,1.0,-2.0,0.0,0.0,0.0,0.0,0.0,1.0,2.0,1.0,1.0,1.0,5.0,1.0,33.75,23.15,31.43,50.0,2,Brazil,Rio de Janeiro,,-22.06694317,-42.0633655677008,17366189,BRA,BR,76,BRL,33,ChIJw4riypQYmAAR0IMFwRrDSQM,Rio de Janeiro (state),BRRJ,,BRA.19_1,1948731.0,352268.0,15065190.0,336989.14285714284
8afaf004,2022-07-07,2380827,74265,1948731.0,2313502.0,36671388.0,14751507.0,13565573.0,,,,1.0,-2.0,0.0,0.0,0.0,0.0,0.0,1.0,2.0,1.0,1.0,1.0,5.0,1.0,33.75,23.15,31.43,50.0,2,Brazil,Rio de Janeiro,,-22.06694317,-42.0633655677008,17366189,BRA,BR,76,BRL,33,ChIJw4riypQYmAAR0IMFwRrDSQM,Rio de Janeiro (state),BRRJ,,BRA.19_1,1948731.0,357831.0,15059627.0,341590.71428571426
8afaf004,2022-07-08,2386475,74288,1948731.0,2313502.0,36671388.0,14751507.0,13565573.0,,,,1.0,-2.0,0.0,0.0,0.0,0.0,0.0,1.0,2.0,1.0,1.0,1.0,5.0,1.0,33.75,23.15,31.43,50.0,2,Brazil,Rio de Janeiro,,-22.06694317,-42.0633655677008,17366189,BRA,BR,76,BRL,33,ChIJw4riypQYmAAR0IMFwRrDSQM,Rio de Janeiro (state),BRRJ,,BRA.19_1,1948731.0,363456.0,15054002.0,346015.4285714286
8afaf004,2022-07-09,2386475,74288,1948731.0,2313502.0,36785216.0,14756909.0,13579993.0,,,,1.0,-2.0,0.0,0.0,0.0,0.0,0.0,1.0,2.0,1.0,1.0,1.0,5.0,1.0,33.75,23.15,31.43,50.0,2,Brazil,Rio de Janeiro,,-22.06694317,-42.0633655677008,17366189,BRA,BR,76,BRL,33,ChIJw4riypQYmAAR0IMFwRrDSQM,Rio de Janeiro (state),BRRJ,,BRA.19_1,1948731.0,363456.0,15054002.0,350440.14285714284
8afaf004,2022-07-10,2386475,74288,1948731.0,2313502.0,36815924.0,14757856.0,13583604.0,,,,1.0,-2.0,0.0,0.0,0.0,0.0,0.0,1.0,2.0,1.0,1.0,1.0,5.0,1.0,33.75,23.15,31.43,50.0,2,Brazil,Rio de Janeiro,,-22.06694317,-42.0633655677008,17366189,BRA,BR,76,BRL,33,ChIJw4riypQYmAAR0IMFwRrDSQM,Rio de Janeiro (state),BRRJ,,BRA.19_1,1948731.0,363456.0,15054002.0,354864.85714285716
8afaf004,2022-07-11,2393318,74314,1948731.0,2313502.0,36818644.0,14757909.0,13583844.0,,,,1.0,-2.0,0.0,0.0,0.0,0.0,0.0,1.0,2.0,1.0,1.0,1.0,5.0,1.0,33.75,23.15,31.43,50.0,2,Brazil,Rio de Janeiro,,-22.06694317,-42.0633655677008,17366189,BRA,BR,76,BRL,33,ChIJw4riypQYmAAR0IMFwRrDSQM,Rio de Janeiro (state),BRRJ,,BRA.19_1,1948731.0,370273.0,15047185.0,359547.0
8afaf004,2022-07-12,2395359,74337,1948731.0,2313502.0,36818644.0,14757909.0,13583844.0,,,,1.0,-2.0,0.0,0.0,0.0,0.0,0.0,1.0,2.0,1.0,1.0,1.0,5.0,1.0,33.75,23.15,31.43,50.0,2,Brazil,Rio de Janeiro,,-22.06694317,-42.0633655677008,17366189,BRA,BR,76,BRL,33,ChIJw4riypQYmAAR0IMFwRrDSQM,Rio de Janeiro (state),BRRJ,,BRA.19_1,1948731.0,372291.0,15045167.0,363290.14285714284
8afaf004,2022-07-13,2403404,74408,1948731.0,2313502.0,36926079.0,14762424.0,13598681.0,,,,1.0,-2.0,0.0,0.0,0.0,0.0,0.0,1.0,2.0,1.0,1.0,1.0,5.0,1.0,33.75,23.15,31.43,50.0,2,Brazil,Rio de Janeiro,,-22.06694317,-42.0633655677008,17366189,BRA,BR,76,BRL,33,ChIJw4riypQYmAAR0IMFwRrDSQM,Rio de Janeiro (state),BRRJ,,BRA.19_1,1948731.0,380265.0,15037193.0,367289.71428571426
8afaf004,2022-07-14,2407766,74422,1948731.0,2313502.0,36985129.0,14764712.0,13606682.0,,,,1.0,-2.0,0.0,0.0,0.0,0.0,0.0,1.0,2.0,1.0,1.0,1.0,5.0,1.0,33.75,23.15,31.43,50.0,2,Brazil,Rio de Janeiro,,-22.06694317,-42.0633655677008,17366189,BRA,BR,76,BRL,33,ChIJw4riypQYmAAR0IMFwRrDSQM,Rio de Janeiro (state),BRRJ,,BRA.19_1,1948731.0,384613.0,15032845.0,371115.71428571426
8afaf004,2022-07-15,2411840,74461,1948731.0,2313502.0,36985129.0,14764712.0,13606682.0,,,,1.0,-2.0,0.0,0.0,0.0,0.0,0.0,1.0,2.0,1.0,1.0,1.0,5.0,1.0,33.75,23.15,31.43,50.0,2,Brazil,Rio de Janeiro,,-22.06694317,-42.0633655677008,17366189,BRA,BR,76,BRL,33,ChIJw4riypQYmAAR0IMFwRrDSQM,Rio de Janeiro (state),BRRJ,,BRA.19_1,1948731.0,388648.0,15028810.0,374714.5714285714
8afaf004,2022-07-16,2411840,74461,1948731.0,2313502.0,37092769.0,14769448.0,13621799.0,,,,1.0,-2.0,0.0,0.0,0.0,0.0,0.0,1.0,2.0,1.0,1.0,1.0,5.0,1.0,33.75,23.15,31.43,50.0,2,Brazil,Rio de Janeiro,,-22.06694317,-42.0633655677008,17366189,BRA,BR,76,BRL,33,ChIJw4riypQYmAAR0IMFwRrDSQM,Rio de Janeiro (state),BRRJ,,BRA.19_1,1948731.0,388648.0,15028810.0,378313.4285714286
8afaf004,2022-07-17,2411840,74461,1948731.0,2313502.0,37118166.0,14770603.0,13625097.0,,,,1.0,-2.0,0.0,0.0,0.0,0.0,0.0,1.0,2.0,1.0,1.0,1.0,5.0,1.0,33.75,23.15,31.43,50.0,2,Brazil,Rio de Janeiro,,-22.06694317,-42.0633655677008,17366189,BRA,BR,76,BRL,33,ChIJw4riypQYmAAR0IMFwRrDSQM,Rio de Janeiro (state),BRRJ,,BRA.19_1,1948731.0,388648.0,15028810.0,381912.28571428574
8afaf004,2022-07-18,2416488,74489,1948731.0,2313502.0,37118166.0,14770603.0,13625097.0,,,,1.0,-2.0,0.0,0.0,0.0,0.0,0.0,1.0,2.0,1.0,1.0,1.0,5.0,1.0,33.75,23.15,31.43,50.0,2,Brazil,Rio de Janeiro,,-22.06694317,-42.0633655677008,17366189,BRA,BR,76,BRL,33,ChIJw4riypQYmAAR0IMFwRrDSQM,Rio de Janeiro (state),BRRJ,,BRA.19_1,1948731.0,393268.0,15024190.0,385197.28571428574
8afaf004,2022-07-19,2420477,74518,1948731.0,2313502.0,37120196.0,14770676.0,13625516.0,,,,1.0,-2.0,0.0,0.0,0.0,0.0,0.0,1.0,2.0,1.0,1.0,1.0,5.0,1.0,33.75,23.15,31.43,50.0,2,Brazil,Rio de Janeiro,,-22.06694317,-42.0633655677008,17366189,BRA,BR,76,BRL,33,ChIJw4riypQYmAAR0IMFwRrDSQM,Rio de Janeiro (state),BRRJ,,BRA.19_1,1948731.0,397228.0,15020230.0,388759.71428571426
8afaf004,2022-07-20,2424146,74554,1948731.0,2313502.0,37120196.0,14770676.0,13625516.0,,,,1.0,-2.0,0.0,0.0,0.0,0.0,0.0,1.0,2.0,1.0,1.0,1.0,5.0,1.0,33.75,23.15,31.43,50.0,2,Brazil,Rio de Janeiro,,-22.06694317,-42.0633655677008,17366189,BRA,BR,76,BRL,33,ChIJw4riypQYmAAR0IMFwRrDSQM,Rio de Janeiro (state),BRRJ,,BRA.19_1,1948731.0,400861.0,15016597.0,391702.0
8afaf004,2022-07-21,2427181,74586,1948731.0,2313502.0,37287231.0,14779669.0,13648834.0,,,,1.0,-2.0,0.0,0.0,0.0,0.0,0.0,1.0,2.0,1.0,1.0,1.0,5.0,1.0,33.75,23.15,31.43,50.0,2,Brazil,Rio de Janeiro,,-22.06694317,-42.0633655677008,17366189,BRA,BR,76,BRL,33,ChIJw4riypQYmAAR0IMFwRrDSQM,Rio de Janeiro (state),BRRJ,,BRA.19_1,1948731.0,403864.0,15013594.0,394452.14285714284
8afaf004,2022-07-22,2430293,74596,1948731.0,2313502.0,37346166.0,14782681.0,13657122.0,,,,1.0,-2.0,0.0,0.0,0.0,0.0,0.0,1.0,2.0,1.0,1.0,1.0,5.0,1.0,33.75,23.15,31.43,50.0,2,Brazil,Rio de Janeiro,,-22.06694317,-42.0633655677008,17366189,BRA,BR,76,BRL,33,ChIJw4riypQYmAAR0IMFwRrDSQM,Rio de Janeiro (state),BRRJ,,BRA.19_1,1948731.0,406966.0,15010492.0,397069.0
8afaf004,2022-07-23,2430293,74596,1948731.0,2313502.0,37346166.0,14782681.0,13657122.0,,,,1.0,-2.0,0.0,0.0,0.0,0.0,0.0,1.0,2.0,1.0,1.0,1.0,5.0,1.0,33.75,23.15,31.43,50.0,2,Brazil,Rio de Janeiro,,-22.06694317,-42.0633655677008,17366189,BRA,BR,76,BRL,33,ChIJw4riypQYmAAR0IMFwRrDSQM,Rio de Janeiro (state),BRRJ,,BRA.19_1,1948731.0,406966.0,15010492.0,399685.85714285716
8afaf004,2022-07-24,2430293,74596,1948731.0,2313502.0,37428374.0,14786435.0,13666089.0,,,,1.0,-2.0,0.0,0.0,0.0,0.0,0.0,1.0,2.0,1.0,1.0,1.0,5.0,1.0,33.75,23.15,31.43,50.0,2,Brazil,Rio de Janeiro,,-22.06694317,-42.0633655677008,17366189,BRA,BR,76,BRL,33,ChIJw4riypQYmAAR0IMFwRrDSQM,Rio de Janeiro (state),BRRJ,,BRA.19_1,1948731.0,406966.0,15010492.0,402302.71428571426
8afaf004,2022-07-25,2434132,74654,1948731.0,2313502.0,37428374.0,14786435.0,13666089.0,,,,1.0,-2.0,0.0,0.0,0.0,0.0,0.0,1.0,2.0,1.0,1.0,1.0,5.0,1.0,33.75,23.15,31.43,50.0,2,Brazil,Rio de Janeiro,,-22.06694317,-42.0633655677008,17366189,BRA,BR,76,BRL,33,ChIJw4riypQYmAAR0IMFwRrDSQM,Rio de Janeiro (state),BRRJ,,BRA.19_1,1948731.0,410747.0,15006711.0,404799.71428571426
8afaf004,2022-07-26,2436997,74693,1948731.0,2313502.0,37481288.0,14788943.0,13672014.0,,,,1.0,-2.0,0.0,0.0,0.0,0.0,0.0,1.0,2.0,1.0,0.0,1.0,5.0,1.0,30.62,23.15,27.86,50.0,2,Brazil,Rio de Janeiro,,-22.06694317,-42.0633655677008,17366189,BRA,BR,76,BRL,33,ChIJw4riypQYmAAR0IMFwRrDSQM,Rio de Janeiro (state),BRRJ,,BRA.19_1,1948731.0,413573.0,15003885.0,407134.71428571426
8afaf004,2022-07-27,2440083,74742,1948731.0,2313502.0,37481288.0,14788943.0,13672014.0,,,,1.0,-2.0,0.0,0.0,0.0,0.0,0.0,1.0,2.0,1.0,0.0,1.0,5.0,1.0,30.62,23.15,27.86,50.0,2,Brazil,Rio de Janeiro,,-22.06694317,-42.0633655677008,17366189,BRA,BR,76,BRL,33,ChIJw4riypQYmAAR0IMFwRrDSQM,Rio de Janeiro (state),BRRJ,,BRA.19_1,1948731.0,416610.0,15000848.0,409384.5714285714
8afaf004,2022-07-28,2442491,74758,1948731.0,2313502.0,37610844.0,14795064.0,13686956.0,,,,1.0,-2.0,0.0,0.0,0.0,0.0,0.0,1.0,2.0,1.0,0.0,1.0,5.0,1.0,30.62,23.15,27.86,50.0,2,Brazil,Rio de Janeiro,,-22.06694317,-42.0633655677008,17366189,BRA,BR,76,BRL,33,ChIJw4riypQYmAAR0IMFwRrDSQM,Rio de Janeiro (state),BRRJ,,BRA.19_1,1948731.0,419002.0,14998456.0,411547.14285714284
8afaf004,2022-07-29,2445094,74766,1948731.0,2313502.0,37668006.0,14797344.0,13693773.0,,,,1.0,-2.0,0.0,0.0,0.0,0.0,0.0,1.0,2.0,1.0,0.0,1.0,5.0,1.0,30.62,23.15,27.86,50.0,2,Brazil,Rio de Janeiro,,-22.06694317,-42.0633655677008,17366189,BRA,BR,76,BRL,33,ChIJw4riypQYmAAR0IMFwRrDSQM,Rio de Janeiro (state),BRRJ,,BRA.19_1,1948731.0,421597.0,14995861.0,413637.28571428574
8afaf004,2022-07-30,2445094,74766,1948731.0,2313502.0,37728070.0,14799498.0,13700225.0,,,,1.0,-2.0,0.0,0.0,0.0,0.0,0.0,1.0,2.0,1.0,0.0,1.0,5.0,1.0,30.62,23.15,27.86,50.0,2,Brazil,Rio de Janeiro,,-22.06694317,-42.0633655677008,17366189,BRA,BR,76,BRL,33,ChIJw4riypQYmAAR0IMFwRrDSQM,Rio de Janeiro (state),BRRJ,,BRA.19_1,1948731.0,421597.0,14995861.0,415727.4285714286
8afaf004,2022-07-31,2445094,74766,1948731.0,2313502.0,37757726.0,14800400.0,13702758.0,,,,1.0,-2.0,0.0,0.0,0.0,0.0,0.0,1.0,2.0,1.0,0.0,1.0,5.0,1.0,30.62,23.15,27.86,50.0,2,Brazil,Rio de Janeiro,,-22.06694317,-42.0633655677008,17366189,BRA,BR,76,BRL,33,ChIJw4riypQYmAAR0IMFwRrDSQM,Rio de Janeiro (state),BRRJ,,BRA.19_1,1948731.0,421597.0,14995861.0,417817.5714285714
8afaf004,2022-08-01,2447828,74840,1948731.0,2313502.0,37759412.0,14800474.0,13702965.0,,,,1.0,0.0,0.0,0.0,0.0,0.0,0.0,1.0,2.0,1.0,0.0,1.0,5.0,1.0,27.5,17.59,24.29,50.0,2,Brazil,Rio de Janeiro,,-22.06694317,-42.0633655677008,17366189,BRA,BR,76,BRL,33,ChIJw4riypQYmAAR0IMFwRrDSQM,Rio de Janeiro (state),BRRJ,,BRA.19_1,1948731.0,424257.0,14993201.0,419747.5714285714
8afaf004,2022-08-02,2449947,74867,1948731.0,2313502.0,37807410.0,14802234.0,13707566.0,,,,1.0,0.0,0.0,0.0,0.0,0.0,0.0,1.0,2.0,1.0,0.0,1.0,5.0,1.0,27.5,17.59,24.29,50.0,2,Brazil,Rio de Janeiro,,-22.06694317,-42.0633655677008,17366189,BRA,BR,76,BRL,33,ChIJw4riypQYmAAR0IMFwRrDSQM,Rio de Janeiro (state),BRRJ,,BRA.19_1,1948731.0,426349.0,14991109.0,421572.71428571426
8afaf004,2022-08-03,2452275,74892,1948731.0,2313502.0,37872735.0,14804598.0,13714056.0,,,,1.0,0.0,0.0,0.0,0.0,0.0,0.0,1.0,2.0,1.0,0.0,1.0,5.0,1.0,27.5,17.59,24.29,50.0,2,Brazil,Rio de Janeiro,,-22.06694317,-42.0633655677008,17366189,BRA,BR,76,BRL,33,ChIJw4riypQYmAAR0IMFwRrDSQM,Rio de Janeiro (state),BRRJ,,BRA.19_1,1948731.0,428652.0,14988806.0,423293.0
8afaf004,2022-08-04,2455125,74924,1948731.0,2313502.0,37872735.0,14804598.0,13714056.0,,,,1.0,0.0,0.0,0.0,0.0,0.0,0.0,1.0,2.0,1.0,0.0,1.0,5.0,1.0,27.5,17.59,24.29,50.0,2,Brazil,Rio de Janeiro,,-22.06694317,-42.0633655677008,17366189,BRA,BR,76,BRL,33,ChIJw4riypQYmAAR0IMFwRrDSQM,Rio de Janeiro (state),BRRJ,,BRA.19_1,1948731.0,431470.0,14985988.0,425074.14285714284
8afaf004,2022-08-05,2457643,74945,1948731.0,2313502.0,37993197.0,14809631.0,13728015.0,,,,1.0,0.0,0.0,0.0,0.0,0.0,0.0,1.0,2.0,1.0,0.0,1.0,5.0,1.0,27.5,17.59,24.29,50.0,2,Brazil,Rio de Janeiro,,-22.06694317,-42.0633655677008,17366189,BRA,BR,76,BRL,33,ChIJw4riypQYmAAR0IMFwRrDSQM,Rio de Janeiro (state),BRRJ,,BRA.19_1,1948731.0,433967.0,14983491.0,426841.28571428574
8afaf004,2022-08-06,2457643,74945,1948731.0,2313502.0,38065194.0,14815570.0,13739989.0,,,,1.0,0.0,0.0,0.0,0.0,0.0,0.0,1.0,2.0,1.0,0.0,1.0,5.0,1.0,27.5,17.59,24.29,50.0,2,Brazil,Rio de Janeiro,,-22.06694317,-42.0633655677008,17366189,BRA,BR,76,BRL,33,ChIJw4riypQYmAAR0IMFwRrDSQM,Rio de Janeiro (state),BRRJ,,BRA.19_1,1948731.0,433967.0,14983491.0,428608.4285714286
8afaf004,2022-08-07,2457643,74945,1948731.0,2313502.0,38118991.0,14849193.0,13742038.0,,,,1.0,0.0,0.0,0.0,0.0,0.0,0.0,1.0,2.0,1.0,0.0,1.0,5.0,1.0,27.5,17.59,24.29,50.0,2,Brazil,Rio de Janeiro,,-22.06694317,-42.0633655677008,17366189,BRA,BR,76,BRL,33,ChIJw4riypQYmAAR0IMFwRrDSQM,Rio de Janeiro (state),BRRJ,,BRA.19_1,1948731.0,433967.0,14983491.0,430375.5714285714
8afaf004,2022-08-08,2460396,75013,1948731.0,2313502.0,38120203.0,14849288.0,13742418.0,,,,1.0,0.0,0.0,0.0,0.0,0.0,0.0,1.0,2.0,1.0,0.0,1.0,5.0,1.0,27.5,17.59,24.29,50.0,2,Brazil,Rio de Janeiro,,-22.06694317,-42.0633655677008,17366189,BRA,BR,76,BRL,33,ChIJw4riypQYmAAR0IMFwRrDSQM,Rio de Janeiro (state),BRRJ,,BRA.19_1,1948731.0,436652.0,14980806.0,432146.28571428574
8afaf004,2022-08-09,2462761,75089,1948731.0,2313502.0,38162797.0,14851778.0,13748053.0,,,,1.0,0.0,0.0,0.0,0.0,0.0,0.0,1.0,2.0,1.0,0.0,1.0,5.0,1.0,27.5,17.59,24.29,50.0,2,Brazil,Rio de Janeiro,,-22.06694317,-42.0633655677008,17366189,BRA,BR,76,BRL,33,ChIJw4riypQYmAAR0IMFwRrDSQM,Rio de Janeiro (state),BRRJ,,BRA.19_1,1948731.0,438941.0,14978517.0,433945.14285714284
8afaf004,2022-08-10,2465029,75119,1948731.0,2313502.0,38218802.0,14854818.0,13754609.0,,,,1.0,0.0,0.0,0.0,0.0,0.0,0.0,1.0,2.0,1.0,0.0,1.0,5.0,1.0,27.5,17.59,24.29,50.0,2,Brazil,Rio de Janeiro,,-22.06694317,-42.0633655677008,17366189,BRA,BR,76,BRL,33,ChIJw4riypQYmAAR0IMFwRrDSQM,Rio de Janeiro (state),BRRJ,,BRA.19_1,1948731.0,441179.0,14976279.0,435734.71428571426
8afaf004,2022-08-11,2465757,75130,1948731.0,2313502.0,38265932.0,14857388.0,13760364.0,,,,1.0,0.0,0.0,0.0,0.0,0.0,0.0,1.0,2.0,1.0,0.0,1.0,5.0,1.0,27.5,17.59,24.29,50.0,2,Brazil,Rio de Janeiro,,-22.06694317,-42.0633655677008,17366189,BRA,BR,76,BRL,33,ChIJw4riypQYmAAR0IMFwRrDSQM,Rio de Janeiro (state),BRRJ,,BRA.19_1,1948731.0,441896.0,14975562.0,437224.14285714284
8afaf004,2022-08-12,2468978,75162,1948731.0,2313502.0,38308508.0,14859756.0,13765985.0,,,,1.0,0.0,0.0,0.0,0.0,0.0,0.0,1.0,2.0,1.0,0.0,1.0,5.0,1.0,27.5,17.59,24.29,50.0,2,Brazil,Rio de Janeiro,,-22.06694317,-42.0633655677008,17366189,BRA,BR,76,BRL,33,ChIJw4riypQYmAAR0IMFwRrDSQM,Rio de Janeiro (state),BRRJ,,BRA.19_1,1948731.0,445085.0,14972373.0,438812.4285714286
8afaf004,2022-08-13,2468978,75162,1948731.0,2313502.0,38351084.0,14861957.0,13771602.0,,,,1.0,0.0,0.0,0.0,0.0,0.0,0.0,1.0,2.0,1.0,0.0,1.0,5.0,1.0,27.5,17.59,24.29,50.0,2,Brazil,Rio de Janeiro,,-22.06694317,-42.0633655677008,17366189,BRA,BR,76,BRL,33,ChIJw4riypQYmAAR0IMFwRrDSQM,Rio de Janeiro (state),BRRJ,,BRA.19_1,1948731.0,445085.0,14972373.0,440400.71428571426
8afaf004,2022-08-14,2468978,75162,1948731.0,2313502.0,38351084.0,14861957.0,13771602.0,,,,1.0,0.0,0.0,0.0,0.0,0.0,0.0,1.0,2.0,1.0,0.0,1.0,5.0,1.0,27.5,17.59,24.29,50.0,2,Brazil,Rio de Janeiro,,-22.06694317,-42.0633655677008,17366189,BRA,BR,76,BRL,33,ChIJw4riypQYmAAR0IMFwRrDSQM,Rio de Janeiro (state),BRRJ,,BRA.19_1,1948731.0,445085.0,14972373.0,441989.0
8afaf004,2022-08-15,2471033,75222,1948731.0,2313502.0,38369034.0,14862773.0,13773864.0,,,,1.0,0.0,0.0,0.0,0.0,0.0,0.0,1.0,2.0,1.0,0.0,1.0,5.0,1.0,27.5,17.59,24.29,50.0,2,Brazil,Rio de Janeiro,,-22.06694317,-42.0633655677008,17366189,BRA,BR,76,BRL,33,ChIJw4riypQYmAAR0IMFwRrDSQM,Rio de Janeiro (state),BRRJ,,BRA.19_1,1948731.0,447080.0,14970378.0,443478.71428571426
8afaf004,2022-08-16,2472303,75234,1948731.0,2313502.0,38369034.0,14862773.0,13773864.0,,,,1.0,0.0,0.0,0.0,0.0,0.0,0.0,1.0,2.0,1.0,0.0,1.0,5.0,1.0,27.5,17.59,24.29,50.0,2,Brazil,Rio de Janeiro,,-22.06694317,-42.0633655677008,17366189,BRA,BR,76,BRL,33,ChIJw4riypQYmAAR0IMFwRrDSQM,Rio de Janeiro (state),BRRJ,,BRA.19_1,1948731.0,448338.0,14969120.0,444821.14285714284
8afaf004,2022-08-17,2473486,75244,1948731.0,2313502.0,38369034.0,14862773.0,13773864.0,,,,1.0,0.0,0.0,0.0,0.0,0.0,0.0,1.0,2.0,1.0,0.0,1.0,5.0,1.0,27.5,17.59,24.29,50.0,2,Brazil,Rio de Janeiro,,-22.06694317,-42.0633655677008,17366189,BRA,BR,76,BRL,33,ChIJw4riypQYmAAR0IMFwRrDSQM,Rio de Janeiro (state),BRRJ,,BRA.19_1,1948731.0,449511.0,14967947.0,446011.4285714286
8afaf004,2022-08-18,2474929,75250,1948731.0,2313502.0,38398029.0,14864594.0,13777738.0,,,,1.0,0.0,0.0,0.0,0.0,0.0,0.0,1.0,2.0,1.0,0.0,1.0,5.0,1.0,27.5,17.59,24.29,50.0,2,Brazil,Rio de Janeiro,,-22.06694317,-42.0633655677008,17366189,BRA,BR,76,BRL,33,ChIJw4riypQYmAAR0IMFwRrDSQM,Rio de Janeiro (state),BRRJ,,BRA.19_1,1948731.0,450948.0,14966510.0,447304.5714285714
8afaf004,2022-08-19,2476205,75255,1948731.0,2313502.0,38398029.0,14864594.0,13777738.0,,,,1.0,0.0,0.0,0.0,0.0,0.0,0.0,1.0,2.0,1.0,0.0,1.0,5.0,1.0,27.5,17.59,24.29,50.0,2,Brazil,Rio de Janeiro,,-22.06694317,-42.0633655677008,17366189,BRA,BR,76,BRL,33,ChIJw4riypQYmAAR0IMFwRrDSQM,Rio de Janeiro (state),BRRJ,,BRA.19_1,1948731.0,452219.0,14965239.0,448323.71428571426
8afaf004,2022-08-20,2476205,75255,1948731.0,2313502.0,38398029.0,14864594.0,13777738.0,,,,1.0,0.0,0.0,0.0,0.0,0.0,0.0,1.0,2.0,1.0,0.0,1.0,5.0,1.0,27.5,17.59,24.29,50.0,2,Brazil,Rio de Janeiro,,-22.06694317,-42.0633655677008,17366189,BRA,BR,76,BRL,33,ChIJw4riypQYmAAR0IMFwRrDSQM,Rio de Janeiro (state),BRRJ,,BRA.19_1,1948731.0,452219.0,14965239.0,449342.85714285716
8afaf004,2022-08-21,2476205,75255,1948731.0,2313502.0,38398029.0,14864594.0,13777738.0,,,,1.0,0.0,0.0,0.0,0.0,0.0,0.0,1.0,2.0,1.0,0.0,1.0,5.0,1.0,27.5,17.59,24.29,50.0,2,Brazil,Rio de Janeiro,,-22.06694317,-42.0633655677008,17366189,BRA,BR,76,BRL,33,ChIJw4riypQYmAAR0IMFwRrDSQM,Rio de Janeiro (state),BRRJ,,BRA.19_1,1948731.0,452219.0,14965239.0,450362.0
8afaf004,2022-08-22,2477631,75306,1948731.0,2313502.0,38398029.0,14864594.0,13777738.0,,,,1.0,0.0,0.0,0.0,0.0,0.0,0.0,1.0,2.0,1.0,0.0,1.0,5.0,1.0,27.5,17.59,24.29,50.0,2,Brazil,Rio de Janeiro,,-22.06694317,-42.0633655677008,17366189,BRA,BR,76,BRL,33,ChIJw4riypQYmAAR0IMFwRrDSQM,Rio de Janeiro (state),BRRJ,,BRA.19_1,1948731.0,453594.0,14963864.0,451292.5714285714
8afaf004,2022-08-23,2478734,75319,1948731.0,2313502.0,38398029.0,14864594.0,13777738.0,,,,1.0,0.0,0.0,0.0,0.0,0.0,0.0,1.0,2.0,1.0,0.0,1.0,5.0,1.0,27.5,17.59,24.29,50.0,2,Brazil,Rio de Janeiro,,-22.06694317,-42.0633655677008,17366189,BRA,BR,76,BRL,33,ChIJw4riypQYmAAR0IMFwRrDSQM,Rio de Janeiro (state),BRRJ,,BRA.19_1,1948731.0,454684.0,14962774.0,452199.14285714284
8afaf004,2022-08-24,2479987,75341,1948731.0,2313502.0,38398029.0,14864594.0,13777738.0,,,,1.0,0.0,0.0,0.0,0.0,0.0,0.0,1.0,2.0,1.0,0.0,1.0,5.0,1.0,27.5,17.59,24.29,50.0,2,Brazil,Rio de Janeiro,,-22.06694317,-42.0633655677008,17366189,BRA,BR,76,BRL,33,ChIJw4riypQYmAAR0IMFwRrDSQM,Rio de Janeiro (state),BRRJ,,BRA.19_1,1948731.0,455915.0,14961543.0,453114.0
8afaf004,2022-08-25,2480042,75351,1948731.0,2313502.0,38398029.0,14864594.0,13777738.0,,,,1.0,0.0,0.0,0.0,0.0,0.0,0.0,1.0,2.0,1.0,0.0,1.0,5.0,1.0,27.5,17.59,24.29,50.0,2,Brazil,Rio de Janeiro,,-22.06694317,-42.0633655677008,17366189,BRA,BR,76,BRL,33,ChIJw4riypQYmAAR0IMFwRrDSQM,Rio de Janeiro (state),BRRJ,,BRA.19_1,1948731.0,455960.0,14961498.0,453830.0
8afaf004,2022-08-26,2482240,75355,1948731.0,2313502.0,38398029.0,14864594.0,13777738.0,,,,1.0,0.0,0.0,0.0,0.0,0.0,0.0,1.0,2.0,1.0,0.0,1.0,5.0,1.0,27.5,17.59,24.29,50.0,2,Brazil,Rio de Janeiro,,-22.06694317,-42.0633655677008,17366189,BRA,BR,76,BRL,33,ChIJw4riypQYmAAR0IMFwRrDSQM,Rio de Janeiro (state),BRRJ,,BRA.19_1,1948731.0,458154.0,14959304.0,454677.85714285716
8afaf004,2022-08-27,2482240,75355,1948731.0,2313502.0,38398029.0,14864594.0,13777738.0,,,,0.0,0.0,0.0,0.0,0.0,0.0,0.0,1.0,2.0,1.0,0.0,1.0,5.0,1.0,22.29,13.89,21.9,25.0,2,Brazil,Rio de Janeiro,,-22.06694317,-42.0633655677008,17366189,BRA,BR,76,BRL,33,ChIJw4riypQYmAAR0IMFwRrDSQM,Rio de Janeiro (state),BRRJ,,BRA.19_1,1948731.0,458154.0,14959304.0,455525.71428571426
8afaf004,2022-08-28,2482240,75355,1948731.0,2313502.0,38398029.0,14864594.0,13777738.0,,,,0.0,0.0,0.0,0.0,0.0,0.0,0.0,1.0,2.0,1.0,0.0,1.0,5.0,1.0,22.29,13.89,21.9,25.0,2,Brazil,Rio de Janeiro,,-22.06694317,-42.0633655677008,17366189,BRA,BR,76,BRL,33,ChIJw4riypQYmAAR0IMFwRrDSQM,Rio de Janeiro (state),BRRJ,,BRA.19_1,1948731.0,458154.0,14959304.0,456373.5714285714
8afaf004,2022-08-29,2489701,75414,1948731.0,2313502.0,38753098.0,14881314.0,13829319.0,,,,0.0,0.0,0.0,0.0,0.0,0.0,0.0,1.0,2.0,1.0,0.0,1.0,5.0,1.0,22.29,13.89,21.9,25.0,2,Brazil,Rio de Janeiro,,-22.06694317,-42.0633655677008,17366189,BRA,BR,76,BRL,33,ChIJw4riypQYmAAR0IMFwRrDSQM,Rio de Janeiro (state),BRRJ,,BRA.19_1,1948731.0,465556.0,14951902.0,458082.4285714286
8afaf004,2022-08-30,2491389,75438,1948731.0,2313502.0,38753098.0,14881314.0,13829319.0,,,,0.0,0.0,0.0,0.0,0.0,0.0,0.0,1.0,2.0,1.0,0.0,1.0,5.0,1.0,22.29,13.89,21.9,25.0,2,Brazil,Rio de Janeiro,,-22.06694317,-42.0633655677008,17366189,BRA,BR,76,BRL,33,ChIJw4riypQYmAAR0IMFwRrDSQM,Rio de Janeiro (state),BRRJ,,BRA.19_1,1948731.0,467220.0,14950238.0,459873.28571428574
8afaf004,2022-08-31,2491419,75438,1948731.0,2313502.0,38813609.0,14884974.0,13838204.0,,,,0.0,0.0,0.0,0.0,0.0,0.0,0.0,1.0,2.0,1.0,0.0,1.0,5.0,1.0,22.29,13.89,21.9,25.0,2,Brazil,Rio de Janeiro,,-22.06694317,-42.0633655677008,17366189,BRA,BR,76,BRL,33,ChIJw4riypQYmAAR0IMFwRrDSQM,Rio de Janeiro (state),BRRJ,,BRA.19_1,1948731.0,467250.0,14950208.0,461492.5714285714
8afaf004,2022-09-01,2493896,75468,1948731.0,2313502.0,38844485.0,14887045.0,13843269.0,,,,0.0,0.0,0.0,0.0,0.0,0.0,0.0,1.0,2.0,1.0,0.0,1.0,5.0,1.0,22.29,13.89,21.9,25.0,2,Brazil,Rio de Janeiro,,-22.06694317,-42.0633655677008,17366189,BRA,BR,76,BRL,33,ChIJw4riypQYmAAR0IMFwRrDSQM,Rio de Janeiro (state),BRRJ,,BRA.19_1,1948731.0,469697.0,14947761.0,463455.0
8afaf004,2022-09-02,2494713,75479,1948731.0,2313502.0,38844485.0,14887045.0,13843269.0,,,,0.0,0.0,0.0,0.0,0.0,0.0,0.0,1.0,2.0,1.0,0.0,1.0,5.0,1.0,22.29,13.89,21.9,25.0,2,Brazil,Rio de Janeiro,,-22.06694317,-42.0633655677008,17366189,BRA,BR,76,BRL,33,ChIJw4riypQYmAAR0IMFwRrDSQM,Rio de Janeiro (state),BRRJ,,BRA.19_1,1948731.0,470503.0,14946955.0,465219.14285714284
8afaf004,2022-09-03,2494713,75479,1948731.0,2313502.0,38898406.0,14890892.0,13852090.0,,,,0.0,0.0,0.0,0.0,0.0,0.0,0.0,1.0,2.0,1.0,0.0,1.0,5.0,1.0,22.29,13.89,21.9,25.0,2,Brazil,Rio de Janeiro,,-22.06694317,-42.0633655677008,17366189,BRA,BR,76,BRL,33,ChIJw4riypQYmAAR0IMFwRrDSQM,Rio de Janeiro (state),BRRJ,,BRA.19_1,1948731.0,470503.0,14946955.0,466983.28571428574
8afaf004,2022-09-04,2494713,75479,1948731.0,2313502.0,38908737.0,14891648.0,13853867.0,,,,0.0,0.0,0.0,0.0,0.0,0.0,0.0,1.0,2.0,1.0,0.0,1.0,5.0,1.0,22.29,13.89,21.9,25.0,2,Brazil,Rio de Janeiro,,-22.06694317,-42.0633655677008,17366189,BRA,BR,76,BRL,33,ChIJw4riypQYmAAR0IMFwRrDSQM,Rio de Janeiro (state),BRRJ,,BRA.19_1,1948731.0,470503.0,14946955.0,468747.4285714286
8afaf004,2022-09-05,2496436,75493,1948731.0,2313502.0,38909765.0,14891774.0,13853969.0,,,,0.0,0.0,0.0,0.0,0.0,0.0,0.0,1.0,2.0,1.0,0.0,1.0,5.0,1.0,22.29,13.89,21.9,25.0,2,Brazil,Rio de Janeiro,,-22.06694317,-42.0633655677008,17366189,BRA,BR,76,BRL,33,ChIJw4riypQYmAAR0IMFwRrDSQM,Rio de Janeiro (state),BRRJ,,BRA.19_1,1948731.0,472212.0,14945246.0,469698.28571428574
8afaf004,2022-09-06,2497915,75527,1948731.0,2313502.0,38934458.0,14893321.0,13857671.0,,,,0.0,0.0,0.0,0.0,0.0,0.0,0.0,1.0,2.0,1.0,0.0,1.0,5.0,1.0,22.29,13.89,21.9,25.0,2,Brazil,Rio de Janeiro,,-22.06694317,-42.0633655677008,17366189,BRA,BR,76,BRL,33,ChIJw4riypQYmAAR0IMFwRrDSQM,Rio de Janeiro (state),BRRJ,,BRA.19_1,1948731.0,473657.0,14943801.0,470617.85714285716
8afaf004,2022-09-07,2497915,75527,1948731.0,2313502.0,38934458.0,14893321.0,13857671.0,,,,0.0,0.0,0.0,0.0,0.0,0.0,0.0,1.0,2.0,1.0,0.0,1.0,5.0,1.0,22.29,13.89,21.9,25.0,2,Brazil,Rio de Janeiro,,-22.06694317,-42.0633655677008,17366189,BRA,BR,76,BRL,33,ChIJw4riypQYmAAR0IMFwRrDSQM,Rio de Janeiro (state),BRRJ,,BRA.19_1,1948731.0,473657.0,14943801.0,471533.14285714284
8afaf004,2022-09-08,2499070,75548,1948731.0,2313502.0,38934458.0,14893321.0,13857671.0,,,,0.0,0.0,0.0,0.0,0.0,0.0,0.0,1.0,2.0,1.0,0.0,1.0,5.0,1.0,22.29,13.89,21.9,25.0,2,Brazil,Rio de Janeiro,,-22.06694317,-42.0633655677008,17366189,BRA,BR,76,BRL,33,ChIJw4riypQYmAAR0IMFwRrDSQM,Rio de Janeiro (state),BRRJ,,BRA.19_1,1948731.0,474791.0,14942667.0,472260.85714285716
8afaf004,2022-09-09,2500526,75558,1948731.0,2313502.0,38987084.0,14895827.0,13866032.0,,,,0.0,0.0,0.0,0.0,0.0,0.0,0.0,1.0,2.0,1.0,0.0,1.0,5.0,1.0,22.29,13.89,21.9,25.0,2,Brazil,Rio de Janeiro,,-22.06694317,-42.0633655677008,17366189,BRA,BR,76,BRL,33,ChIJw4riypQYmAAR0IMFwRrDSQM,Rio de Janeiro (state),BRRJ,,BRA.19_1,1948731.0,476237.0,14941221.0,473080.0
8afaf004,2022-09-10,2500526,75558,1948731.0,2313502.0,38987084.0,14895827.0,13866032.0,,,,0.0,0.0,0.0,0.0,0.0,0.0,0.0,1.0,2.0,1.0,0.0,1.0,5.0,1.0,22.29,13.89,21.9,25.0,2,Brazil,Rio de Janeiro,,-22.06694317,-42.0633655677008,17366189,BRA,BR,76,BRL,33,ChIJw4riypQYmAAR0IMFwRrDSQM,Rio de Janeiro (state),BRRJ,,BRA.19_1,1948731.0,476237.0,14941221.0,473899.14285714284
8afaf004,2022-09-11,2500526,75558,1948731.0,2313502.0,38987084.0,14895827.0,13866032.0,,,,0.0,0.0,0.0,0.0,0.0,0.0,0.0,1.0,2.0,1.0,0.0,1.0,5.0,1.0,22.29,13.89,21.9,25.0,2,Brazil,Rio de Janeiro,,-22.06694317,-42.0633655677008,17366189,BRA,BR,76,BRL,33,ChIJw4riypQYmAAR0IMFwRrDSQM,Rio de Janeiro (state),BRRJ,,BRA.19_1,1948731.0,476237.0,14941221.0,474718.28571428574
8afaf004,2022-09-12,2501974,75559,1948731.0,2313502.0,39019342.0,14898012.0,13871814.0,,,,0.0,0.0,0.0,0.0,0.0,0.0,0.0,1.0,2.0,1.0,0.0,1.0,5.0,1.0,22.29,13.89,21.9,25.0,2,Brazil,Rio de Janeiro,,-22.06694317,-42.0633655677008,17366189,BRA,BR,76,BRL,33,ChIJw4riypQYmAAR0IMFwRrDSQM,Rio de Janeiro (state),BRRJ,,BRA.19_1,1948731.0,477684.0,14939774.0,475500.0
8afaf004,2022-09-13,2503195,75586,1948731.0,2313502.0,39019342.0,14898012.0,13871814.0,,,,0.0,0.0,0.0,0.0,0.0,0.0,0.0,1.0,2.0,1.0,0.0,1.0,5.0,1.0,22.29,13.89,21.9,25.0,2,Brazil,Rio de Janeiro,,-22.06694317,-42.0633655677008,17366189,BRA,BR,76,BRL,33,ChIJw4riypQYmAAR0IMFwRrDSQM,Rio de Janeiro (state),BRRJ,,BRA.19_1,1948731.0,478878.0,14938580.0,476245.85714285716
8afaf004,2022-09-14,2504402,75596,1948731.0,2313502.0,39070159.0,14901833.0,13880514.0,,,,0.0,0.0,0.0,0.0,0.0,0.0,0.0,1.0,2.0,1.0,0.0,1.0,5.0,1.0,22.29,13.89,21.9,25.0,2,Brazil,Rio de Janeiro,,-22.06694317,-42.0633655677008,17366189,BRA,BR,76,BRL,33,ChIJw4riypQYmAAR0IMFwRrDSQM,Rio de Janeiro (state),BRRJ,,BRA.19_1,1948731.0,480075.0,14937383.0,477162.71428571426
8afaf004,2022-09-15,2505607,75606,1948731.0,2313502.0,39095196.0,14903295.0,13884986.0,,,,0.0,0.0,0.0,0.0,0.0,0.0,0.0,1.0,2.0,1.0,0.0,1.0,5.0,1.0,22.29,13.89,21.9,25.0,2,Brazil,Rio de Janeiro,,-22.06694317,-42.0633655677008,17366189,BRA,BR,76,BRL,33,ChIJw4riypQYmAAR0IMFwRrDSQM,Rio de Janeiro (state),BRRJ,,BRA.19_1,1948731.0,481270.0,14936188.0,478088.28571428574
8afaf004,2022-09-16,2506533,75617,1948731.0,2313502.0,39095196.0,14903295.0,13884986.0,,,,0.0,0.0,0.0,0.0,0.0,0.0,0.0,1.0,2.0,1.0,0.0,1.0,5.0,1.0,22.29,13.89,21.9,25.0,2,Brazil,Rio de Janeiro,,-22.06694317,-42.0633655677008,17366189,BRA,BR,76,BRL,33,ChIJw4riypQYmAAR0IMFwRrDSQM,Rio de Janeiro (state),BRRJ,,BRA.19_1,1948731.0,482185.0,14935273.0,478938.0
8afaf004,2022-09-17,2506533,75617,1948731.0,2313502.0,39138029.0,14906494.0,13892850.0,,,,0.0,0.0,0.0,0.0,0.0,0.0,0.0,1.0,2.0,1.0,0.0,1.0,5.0,1.0,22.29,13.89,21.9,25.0,2,Brazil,Rio de Janeiro,,-22.06694317,-42.0633655677008,17366189,BRA,BR,76,BRL,33,ChIJw4riypQYmAAR0IMFwRrDSQM,Rio de Janeiro (state),BRRJ,,BRA.19_1,1948731.0,482185.0,14935273.0,479787.71428571426
8afaf004,2022-09-18,2506533,75617,1948731.0,2313502.0,39145695.0,14906967.0,13894453.0,,,,0.0,0.0,0.0,0.0,0.0,0.0,0.0,1.0,2.0,1.0,0.0,1.0,5.0,1.0,22.29,13.89,21.9,25.0,2,Brazil,Rio de Janeiro,,-22.06694317,-42.0633655677008,17366189,BRA,BR,76,BRL,33,ChIJw4riypQYmAAR0IMFwRrDSQM,Rio de Janeiro (state),BRRJ,,BRA.19_1,1948731.0,482185.0,14935273.0,480637.4285714286
8afaf004,2022-09-19,2507989,75639,1948731.0,2313502.0,39145695.0,14906967.0,13894453.0,,,,0.0,0.0,0.0,0.0,0.0,0.0,0.0,1.0,2.0,1.0,0.0,1.0,5.0,1.0,22.29,13.89,21.9,25.0,2,Brazil,Rio de Janeiro,,-22.06694317,-42.0633655677008,17366189,BRA,BR,76,BRL,33,ChIJw4riypQYmAAR0IMFwRrDSQM,Rio de Janeiro (state),BRRJ,,BRA.19_1,1948731.0,483619.0,14933839.0,481485.28571428574
8afaf004,2022-09-20,2508195,75648,1948731.0,2313502.0,39145695.0,14906967.0,13894453.0,,,,0.0,0.0,0.0,0.0,0.0,0.0,0.0,1.0,2.0,1.0,0.0,1.0,5.0,1.0,22.29,13.89,21.9,25.0,2,Brazil,Rio de Janeiro,,-22.06694317,-42.0633655677008,17366189,BRA,BR,76,BRL,33,ChIJw4riypQYmAAR0IMFwRrDSQM,Rio de Janeiro (state),BRRJ,,BRA.19_1,1948731.0,483816.0,14933642.0,482190.71428571426
8afaf004,2022-09-21,2508464,75654,1948731.0,2313502.0,39191479.0,14909820.0,13902264.0,,,,0.0,0.0,0.0,0.0,0.0,0.0,0.0,1.0,2.0,1.0,0.0,1.0,5.0,1.0,22.29,13.89,21.9,25.0,2,Brazil,Rio de Janeiro,,-22.06694317,-42.0633655677008,17366189,BRA,BR,76,BRL,33,ChIJw4riypQYmAAR0IMFwRrDSQM,Rio de Janeiro (state),BRRJ,,BRA.19_1,1948731.0,484079.0,14933379.0,482762.71428571426
8afaf004,2022-09-22,2508847,75659,1948731.0,2313502.0,39191479.0,14909820.0,13902264.0,,,,0.0,0.0,0.0,0.0,0.0,0.0,0.0,1.0,2.0,1.0,0.0,1.0,5.0,1.0,22.29,13.89,21.9,25.0,2,Brazil,Rio de Janeiro,,-22.06694317,-42.0633655677008,17366189,BRA,BR,76,BRL,33,ChIJw4riypQYmAAR0IMFwRrDSQM,Rio de Janeiro (state),BRRJ,,BRA.19_1,1948731.0,484457.0,14933001.0,483218.0
8afaf004,2022-09-23,2509071,75665,1948731.0,2313502.0,39238344.0,14913440.0,13909325.0,,,,0.0,0.0,0.0,0.0,0.0,0.0,0.0,1.0,2.0,1.0,0.0,1.0,5.0,1.0,22.29,13.89,21.9,25.0,2,Brazil,Rio de Janeiro,,-22.06694317,-42.0633655677008,17366189,BRA,BR,76,BRL,33,ChIJw4riypQYmAAR0IMFwRrDSQM,Rio de Janeiro (state),BRRJ,,BRA.19_1,1948731.0,484675.0,14932783.0,483573.71428571426
8afaf004,2022-09-24,2509071,75665,1948731.0,2313502.0,39257313.0,14914889.0,13912377.0,,,,0.0,0.0,0.0,0.0,0.0,0.0,0.0,1.0,2.0,1.0,0.0,1.0,5.0,1.0,22.29,13.89,21.9,25.0,2,Brazil,Rio de Janeiro,,-22.06694317,-42.0633655677008,17366189,BRA,BR,76,BRL,33,ChIJw4riypQYmAAR0IMFwRrDSQM,Rio de Janeiro (state),BRRJ,,BRA.19_1,1948731.0,484675.0,14932783.0,483929.4285714286
8afaf004,2022-09-25,2509071,75665,1948731.0,2313502.0,39264804.0,14915400.0,13913770.0,,,,0.0,0.0,0.0,0.0,0.0,0.0,0.0,1.0,2.0,1.0,0.0,1.0,5.0,1.0,22.29,13.89,21.9,25.0,2,Brazil,Rio de Janeiro,,-22.06694317,-42.0633655677008,17366189,BRA,BR,76,BRL,33,ChIJw4riypQYmAAR0IMFwRrDSQM,Rio de Janeiro (state),BRRJ,,BRA.19_1,1948731.0,484675.0,14932783.0,484285.14285714284
8afaf004,2022-09-26,2512486,75680,1948731.0,2313502.0,39265161.0,14915430.0,13913847.0,,,,0.0,0.0,0.0,0.0,0.0,0.0,0.0,1.0,2.0,1.0,0.0,1.0,5.0,1.0,22.29,13.89,21.9,25.0,2,Brazil,Rio de Janeiro,,-22.06694317,-42.0633655677008,17366189,BRA,BR,76,BRL,33,ChIJw4riypQYmAAR0IMFwRrDSQM,Rio de Janeiro (state),BRRJ,,BRA.19_1,1948731.0,488075.0,14929383.0,484921.71428571426
8afaf004,2022-09-27,2513549,75688,1948731.0,2313502.0,39265161.0,14915430.0,13913847.0,,,,0.0,0.0,0.0,0.0,0.0,0.0,0.0,1.0,2.0,1.0,0.0,1.0,5.0,1.0,22.29,13.89,21.9,25.0,2,Brazil,Rio de Janeiro,,-22.06694317,-42.0633655677008,17366189,BRA,BR,76,BRL,33,ChIJw4riypQYmAAR0IMFwRrDSQM,Rio de Janeiro (state),BRRJ,,BRA.19_1,1948731.0,489130.0,14928328.0,485680.85714285716
8afaf004,2022-09-28,2513549,75688,1948731.0,2313502.0,39265161.0,14915430.0,13913847.0,,,,0.0,0.0,0.0,0.0,0.0,0.0,0.0,1.0,2.0,1.0,0.0,1.0,5.0,1.0,22.29,13.89,21.9,25.0,2,Brazil,Rio de Janeiro,,-22.06694317,-42.0633655677008,17366189,BRA,BR,76,BRL,33,ChIJw4riypQYmAAR0IMFwRrDSQM,Rio de Janeiro (state),BRRJ,,BRA.19_1,1948731.0,489130.0,14928328.0,486402.4285714286
8afaf004,2022-09-29,2515378,75691,1948731.0,2313502.0,39265161.0,14915430.0,13913847.0,,,,0.0,0.0,0.0,0.0,0.0,0.0,0.0,1.0,2.0,1.0,0.0,1.0,5.0,1.0,22.29,13.89,21.9,25.0,2,Brazil,Rio de Janeiro,,-22.06694317,-42.0633655677008,17366189,BRA,BR,76,BRL,33,ChIJw4riypQYmAAR0IMFwRrDSQM,Rio de Janeiro (state),BRRJ,,BRA.19_1,1948731.0,490956.0,14926502.0,487330.85714285716
8afaf004,2022-09-30,2516066,75695,1948731.0,2313502.0,39265161.0,14915430.0,13913847.0,,,,0.0,0.0,0.0,0.0,0.0,0.0,0.0,1.0,2.0,1.0,0.0,1.0,5.0,1.0,22.29,13.89,21.9,25.0,2,Brazil,Rio de Janeiro,,-22.06694317,-42.0633655677008,17366189,BRA,BR,76,BRL,33,ChIJw4riypQYmAAR0IMFwRrDSQM,Rio de Janeiro (state),BRRJ,,BRA.19_1,1948731.0,491640.0,14925818.0,488325.85714285716
8afaf004,2022-10-01,2516066,75695,1948731.0,2313502.0,39265161.0,14915430.0,13913847.0,,,,0.0,0.0,0.0,0.0,0.0,0.0,0.0,1.0,2.0,1.0,0.0,1.0,5.0,1.0,22.29,13.89,21.9,25.0,2,Brazil,Rio de Janeiro,,-22.06694317,-42.0633655677008,17366189,BRA,BR,76,BRL,33,ChIJw4riypQYmAAR0IMFwRrDSQM,Rio de Janeiro (state),BRRJ,,BRA.19_1,1948731.0,491640.0,14925818.0,489320.85714285716
8afaf004,2022-10-02,2516066,75695,1948731.0,2313502.0,39265161.0,14915430.0,13913847.0,,,,0.0,0.0,0.0,0.0,0.0,0.0,0.0,1.0,2.0,1.0,0.0,1.0,5.0,1.0,22.29,13.89,21.9,25.0,2,Brazil,Rio de Janeiro,,-22.06694317,-42.0633655677008,17366189,BRA,BR,76,BRL,33,ChIJw4riypQYmAAR0IMFwRrDSQM,Rio de Janeiro (state),BRRJ,,BRA.19_1,1948731.0,491640.0,14925818.0,490315.85714285716
8afaf004,2022-10-03,2518758,75728,1948731.0,2313502.0,39265161.0,14915430.0,13913847.0,,,,0.0,0.0,0.0,0.0,0.0,0.0,0.0,1.0,2.0,1.0,0.0,1.0,5.0,1.0,22.29,13.89,21.9,25.0,2,Brazil,Rio de Janeiro,,-22.06694317,-42.0633655677008,17366189,BRA,BR,76,BRL,33,ChIJw4riypQYmAAR0IMFwRrDSQM,Rio de Janeiro (state),BRRJ,,BRA.19_1,1948731.0,494299.0,14923159.0,491205.0
8afaf004,2022-10-04,2519816,75731,1948731.0,2313502.0,39265161.0,14915430.0,13913847.0,,,,0.0,0.0,0.0,0.0,0.0,0.0,0.0,1.0,2.0,1.0,0.0,1.0,5.0,1.0,22.29,13.89,21.9,25.0,2,Brazil,Rio de Janeiro,,-22.06694317,-42.0633655677008,17366189,BRA,BR,76,BRL,33,ChIJw4riypQYmAAR0IMFwRrDSQM,Rio de Janeiro (state),BRRJ,,BRA.19_1,1948731.0,495354.0,14922104.0,492094.14285714284
8afaf004,2022-10-05,2520839,75742,1948731.0,2313502.0,39265161.0,14915430.0,13913847.0,,,,0.0,0.0,0.0,0.0,0.0,0.0,0.0,1.0,2.0,1.0,0.0,1.0,5.0,1.0,22.29,13.89,21.9,25.0,2,Brazil,Rio de Janeiro,,-22.06694317,-42.0633655677008,17366189,BRA,BR,76,BRL,33,ChIJw4riypQYmAAR0IMFwRrDSQM,Rio de Janeiro (state),BRRJ,,BRA.19_1,1948731.0,496366.0,14921092.0,493127.85714285716
8afaf004,2022-10-06,2520952,75745,1948731.0,2313502.0,39265161.0,14915430.0,13913847.0,,,,0.0,0.0,0.0,0.0,0.0,0.0,0.0,1.0,2.0,1.0,0.0,1.0,5.0,1.0,22.29,13.89,21.9,25.0,2,Brazil,Rio de Janeiro,,-22.06694317,-42.0633655677008,17366189,BRA,BR,76,BRL,33,ChIJw4riypQYmAAR0IMFwRrDSQM,Rio de Janeiro (state),BRRJ,,BRA.19_1,1948731.0,496476.0,14920982.0,493916.4285714286
8afaf004,2022-10-07,2522127,75750,1948731.0,2313502.0,39265161.0,14915430.0,13913847.0,,,,0.0,0.0,0.0,0.0,0.0,0.0,0.0,1.0,2.0,0.0,0.0,1.0,5.0,1.0,20.21,13.89,19.52,25.0,2,Brazil,Rio de Janeiro,,-22.06694317,-42.0633655677008,17366189,BRA,BR,76,BRL,33,ChIJw4riypQYmAAR0IMFwRrDSQM,Rio de Janeiro (state),BRRJ,,BRA.19_1,1948731.0,497646.0,14919812.0,494774.4285714286
8afaf004,2022-10-08,2522127,75750,1948731.0,2313502.0,39265161.0,14915430.0,13913847.0,,,,0.0,0.0,0.0,0.0,0.0,0.0,0.0,1.0,2.0,0.0,0.0,1.0,5.0,1.0,20.21,13.89,19.52,25.0,2,Brazil,Rio de Janeiro,,-22.06694317,-42.0633655677008,17366189,BRA,BR,76,BRL,33,ChIJw4riypQYmAAR0IMFwRrDSQM,Rio de Janeiro (state),BRRJ,,BRA.19_1,1948731.0,497646.0,14919812.0,495632.4285714286
8afaf004,2022-10-09,2522127,75750,1948731.0,2313502.0,39265161.0,14915430.0,13913847.0,,,,0.0,0.0,0.0,0.0,0.0,0.0,0.0,1.0,2.0,0.0,0.0,1.0,5.0,1.0,20.21,13.89,19.52,25.0,2,Brazil,Rio de Janeiro,,-22.06694317,-42.0633655677008,17366189,BRA,BR,76,BRL,33,ChIJw4riypQYmAAR0IMFwRrDSQM,Rio de Janeiro (state),BRRJ,,BRA.19_1,1948731.0,497646.0,14919812.0,496490.4285714286
8afaf004,2022-10-10,2523316,75757,1948731.0,2313502.0,39265161.0,14915430.0,13913847.0,,,,0.0,0.0,0.0,0.0,0.0,0.0,0.0,1.0,2.0,0.0,0.0,1.0,5.0,1.0,20.21,13.89,19.52,25.0,2,Brazil,Rio de Janeiro,,-22.06694317,-42.0633655677008,17366189,BRA,BR,76,BRL,33,ChIJw4riypQYmAAR0IMFwRrDSQM,Rio de Janeiro (state),BRRJ,,BRA.19_1,1948731.0,498828.0,14918630.0,497137.4285714286
8afaf004,2022-10-11,2524123,75765,1948731.0,2313502.0,39265161.0,14915430.0,13913847.0,,,,0.0,0.0,0.0,0.0,0.0,0.0,0.0,1.0,2.0,0.0,0.0,1.0,5.0,1.0,20.21,13.89,19.52,25.0,2,Brazil,Rio de Janeiro,,-22.06694317,-42.0633655677008,17366189,BRA,BR,76,BRL,33,ChIJw4riypQYmAAR0IMFwRrDSQM,Rio de Janeiro (state),BRRJ,,BRA.19_1,1948731.0,499627.0,14917831.0,497747.85714285716
8afaf004,2022-10-12,2524123,75765,1948731.0,2313502.0,39265161.0,14915430.0,13913847.0,,,,0.0,0.0,0.0,0.0,0.0,0.0,0.0,1.0,2.0,0.0,0.0,1.0,5.0,1.0,20.21,13.89,19.52,25.0,2,Brazil,Rio de Janeiro,,-22.06694317,-42.0633655677008,17366189,BRA,BR,76,BRL,33,ChIJw4riypQYmAAR0IMFwRrDSQM,Rio de Janeiro (state),BRRJ,,BRA.19_1,1948731.0,499627.0,14917831.0,498213.71428571426
8afaf004,2022-10-13,2525238,75755,1948731.0,2313502.0,39265161.0,14915430.0,13913847.0,,,,0.0,0.0,0.0,0.0,0.0,0.0,0.0,1.0,2.0,0.0,0.0,1.0,5.0,1.0,20.21,13.89,19.52,25.0,2,Brazil,Rio de Janeiro,,-22.06694317,-42.0633655677008,17366189,BRA,BR,76,BRL,33,ChIJw4riypQYmAAR0IMFwRrDSQM,Rio de Janeiro (state),BRRJ,,BRA.19_1,1948731.0,500752.0,14916706.0,498824.5714285714
8afaf004,2022-10-14,2526152,75758,1948731.0,2313502.0,39265161.0,14915430.0,13913847.0,,,,0.0,0.0,0.0,0.0,0.0,0.0,0.0,1.0,2.0,0.0,0.0,1.0,5.0,1.0,20.21,13.89,19.52,25.0,2,Brazil,Rio de Janeiro,,-22.06694317,-42.0633655677008,17366189,BRA,BR,76,BRL,33,ChIJw4riypQYmAAR0IMFwRrDSQM,Rio de Janeiro (state),BRRJ,,BRA.19_1,1948731.0,501663.0,14915795.0,499398.4285714286
8afaf004,2022-10-15,2526152,75758,1948731.0,2313502.0,39265161.0,14915430.0,13913847.0,,,,0.0,0.0,0.0,0.0,0.0,0.0,0.0,1.0,2.0,0.0,0.0,1.0,5.0,1.0,20.21,13.89,19.52,25.0,2,Brazil,Rio de Janeiro,,-22.06694317,-42.0633655677008,17366189,BRA,BR,76,BRL,33,ChIJw4riypQYmAAR0IMFwRrDSQM,Rio de Janeiro (state),BRRJ,,BRA.19_1,1948731.0,501663.0,14915795.0,499972.28571428574
8afaf004,2022-10-16,2526152,75758,1948731.0,2313502.0,39265161.0,14915430.0,13913847.0,,,,0.0,0.0,0.0,0.0,0.0,0.0,0.0,1.0,2.0,0.0,0.0,1.0,5.0,1.0,20.21,13.89,19.52,25.0,2,Brazil,Rio de Janeiro,,-22.06694317,-42.0633655677008,17366189,BRA,BR,76,BRL,33,ChIJw4riypQYmAAR0IMFwRrDSQM,Rio de Janeiro (state),BRRJ,,BRA.19_1,1948731.0,501663.0,14915795.0,500546.14285714284
8afaf004,2022-10-17,2526341,75765,1948731.0,2313502.0,39265161.0,14915430.0,13913847.0,,,,0.0,0.0,0.0,0.0,0.0,0.0,0.0,1.0,2.0,2.0,0.0,1.0,5.0,1.0,21.25,13.89,24.29,0.0,2,Brazil,Rio de Janeiro,,-22.06694317,-42.0633655677008,17366189,BRA,BR,76,BRL,33,ChIJw4riypQYmAAR0IMFwRrDSQM,Rio de Janeiro (state),BRRJ,,BRA.19_1,1948731.0,501845.0,14915613.0,500977.14285714284
8afaf004,2022-10-18,2526518,75766,1948731.0,2313502.0,39265161.0,14915430.0,13913847.0,,,,0.0,0.0,0.0,0.0,0.0,0.0,0.0,1.0,2.0,2.0,0.0,1.0,5.0,1.0,21.25,13.89,24.29,0.0,2,Brazil,Rio de Janeiro,,-22.06694317,-42.0633655677008,17366189,BRA,BR,76,BRL,33,ChIJw4riypQYmAAR0IMFwRrDSQM,Rio de Janeiro (state),BRRJ,,BRA.19_1,1948731.0,502021.0,14915437.0,501319.14285714284
8afaf004,2022-10-19,2528836,75776,1948731.0,2313502.0,39265161.0,14915430.0,13913847.0,,,,0.0,0.0,0.0,0.0,0.0,0.0,0.0,1.0,2.0,2.0,0.0,1.0,5.0,1.0,21.25,13.89,24.29,0.0,2,Brazil,Rio de Janeiro,,-22.06694317,-42.0633655677008,17366189,BRA,BR,76,BRL,33,ChIJw4riypQYmAAR0IMFwRrDSQM,Rio de Janeiro (state),BRRJ,,BRA.19_1,1948731.0,504329.0,14913129.0,501990.85714285716
8afaf004,2022-10-20,2529682,75800,1948731.0,2313502.0,39265161.0,14915430.0,13913847.0,,,,0.0,0.0,0.0,0.0,0.0,0.0,0.0,1.0,2.0,2.0,0.0,1.0,5.0,1.0,21.25,13.89,24.29,0.0,2,Brazil,Rio de Janeiro,,-22.06694317,-42.0633655677008,17366189,BRA,BR,76,BRL,33,ChIJw4riypQYmAAR0IMFwRrDSQM,Rio de Janeiro (state),BRRJ,,BRA.19_1,1948731.0,505151.0,14912307.0,502619.28571428574
8afaf004,2022-10-21,2529881,75803,1948731.0,2313502.0,39265161.0,14915430.0,13913847.0,,,,0.0,0.0,0.0,0.0,0.0,0.0,0.0,1.0,2.0,2.0,0.0,1.0,5.0,1.0,21.25,13.89,24.29,0.0,2,Brazil,Rio de Janeiro,,-22.06694317,-42.0633655677008,17366189,BRA,BR,76,BRL,33,ChIJw4riypQYmAAR0IMFwRrDSQM,Rio de Janeiro (state),BRRJ,,BRA.19_1,1948731.0,505347.0,14912111.0,503145.5714285714
8afaf004,2022-10-22,2529881,75803,1948731.0,2313502.0,39265161.0,14915430.0,13913847.0,,,,0.0,0.0,0.0,0.0,0.0,0.0,0.0,1.0,2.0,2.0,0.0,1.0,5.0,1.0,21.25,13.89,24.29,0.0,2,Brazil,Rio de Janeiro,,-22.06694317,-42.0633655677008,17366189,BRA,BR,76,BRL,33,ChIJw4riypQYmAAR0IMFwRrDSQM,Rio de Janeiro (state),BRRJ,,BRA.19_1,1948731.0,505347.0,14912111.0,503671.85714285716
8afaf004,2022-10-23,2529881,75803,1948731.0,2313502.0,39265161.0,14915430.0,13913847.0,,,,0.0,0.0,0.0,0.0,0.0,0.0,0.0,1.0,2.0,2.0,0.0,1.0,5.0,1.0,21.25,13.89,24.29,0.0,2,Brazil,Rio de Janeiro,,-22.06694317,-42.0633655677008,17366189,BRA,BR,76,BRL,33,ChIJw4riypQYmAAR0IMFwRrDSQM,Rio de Janeiro (state),BRRJ,,BRA.19_1,1948731.0,505347.0,14912111.0,504198.14285714284
8afaf004,2022-10-24,2531559,75820,1948731.0,2313502.0,39265161.0,14915430.0,13913847.0,,,,0.0,0.0,0.0,0.0,0.0,0.0,0.0,1.0,2.0,2.0,0.0,1.0,5.0,1.0,21.25,13.89,24.29,0.0,2,Brazil,Rio de Janeiro,,-22.06694317,-42.0633655677008,17366189,BRA,BR,76,BRL,33,ChIJw4riypQYmAAR0IMFwRrDSQM,Rio de Janeiro (state),BRRJ,,BRA.19_1,1948731.0,507008.0,14910450.0,504935.71428571426
8afaf004,2022-10-25,2531903,75821,1948731.0,2313502.0,39265161.0,14915430.0,13913847.0,,,,0.0,0.0,0.0,0.0,0.0,0.0,0.0,1.0,2.0,2.0,0.0,1.0,5.0,1.0,21.25,13.89,24.29,0.0,2,Brazil,Rio de Janeiro,,-22.06694317,-42.0633655677008,17366189,BRA,BR,76,BRL,33,ChIJw4riypQYmAAR0IMFwRrDSQM,Rio de Janeiro (state),BRRJ,,BRA.19_1,1948731.0,507351.0,14910107.0,505697.14285714284
8afaf004,2022-10-26,2533357,75845,1948731.0,2313502.0,39265161.0,14915430.0,13913847.0,,,,0.0,0.0,0.0,0.0,0.0,0.0,0.0,1.0,2.0,2.0,0.0,1.0,5.0,1.0,21.25,13.89,24.29,0.0,2,Brazil,Rio de Janeiro,,-22.06694317,-42.0633655677008,17366189,BRA,BR,76,BRL,33,ChIJw4riypQYmAAR0IMFwRrDSQM,Rio de Janeiro (state),BRRJ,,BRA.19_1,1948731.0,508781.0,14908677.0,506333.14285714284
8afaf004,2022-10-27,2534326,75850,1948731.0,2313502.0,39265161.0,14915430.0,13913847.0,,,,0.0,0.0,0.0,0.0,0.0,0.0,0.0,1.0,2.0,2.0,0.0,1.0,5.0,1.0,21.25,13.89,24.29,0.0,2,Brazil,Rio de Janeiro,,-22.06694317,-42.0633655677008,17366189,BRA,BR,76,BRL,33,ChIJw4riypQYmAAR0IMFwRrDSQM,Rio de Janeiro (state),BRRJ,,BRA.19_1,1948731.0,509745.0,14907713.0,506989.4285714286
8afaf004,2022-10-28,2534812,75853,1948731.0,2313502.0,39265161.0,14915430.0,13913847.0,,,,0.0,0.0,0.0,0.0,0.0,0.0,0.0,1.0,2.0,2.0,0.0,1.0,5.0,1.0,21.25,13.89,24.29,0.0,2,Brazil,Rio de Janeiro,,-22.06694317,-42.0633655677008,17366189,BRA,BR,76,BRL,33,ChIJw4riypQYmAAR0IMFwRrDSQM,Rio de Janeiro (state),BRRJ,,BRA.19_1,1948731.0,510228.0,14907230.0,507686.71428571426
8afaf004,2022-10-29,2534812,75853,1948731.0,2313502.0,39265161.0,14915430.0,13913847.0,,,,0.0,0.0,0.0,0.0,0.0,0.0,0.0,1.0,2.0,2.0,0.0,1.0,5.0,1.0,21.25,13.89,24.29,0.0,2,Brazil,Rio de Janeiro,,-22.06694317,-42.0633655677008,17366189,BRA,BR,76,BRL,33,ChIJw4riypQYmAAR0IMFwRrDSQM,Rio de Janeiro (state),BRRJ,,BRA.19_1,1948731.0,510228.0,14907230.0,508384.0
8afaf004,2022-10-30,2534812,75853,1948731.0,2313502.0,39265161.0,14915430.0,13913847.0,,,,0.0,0.0,0.0,0.0,0.0,0.0,0.0,1.0,2.0,2.0,0.0,1.0,5.0,1.0,21.25,13.89,24.29,0.0,2,Brazil,Rio de Janeiro,,-22.06694317,-42.0633655677008,17366189,BRA,BR,76,BRL,33,ChIJw4riypQYmAAR0IMFwRrDSQM,Rio de Janeiro (state),BRRJ,,BRA.19_1,1948731.0,510228.0,14907230.0,509081.28571428574
8afaf004,2022-10-31,2535589,75858,1948731.0,2313502.0,39265161.0,14915430.0,13913847.0,,,,0.0,0.0,0.0,0.0,0.0,0.0,0.0,1.0,2.0,2.0,0.0,1.0,5.0,1.0,21.25,13.89,24.29,0.0,2,Brazil,Rio de Janeiro,,-22.06694317,-42.0633655677008,17366189,BRA,BR,76,BRL,33,ChIJw4riypQYmAAR0IMFwRrDSQM,Rio de Janeiro (state),BRRJ,,BRA.19_1,1948731.0,511000.0,14906458.0,509651.5714285714
8afaf004,2022-11-01,2537507,75871,1948731.0,2313502.0,39265161.0,14915430.0,13913847.0,,,,0.0,0.0,0.0,0.0,0.0,0.0,0.0,1.0,2.0,2.0,0.0,1.0,5.0,1.0,21.25,13.89,24.29,0.0,2,Brazil,Rio de Janeiro,,-22.06694317,-42.0633655677008,17366189,BRA,BR,76,BRL,33,ChIJw4riypQYmAAR0IMFwRrDSQM,Rio de Janeiro (state),BRRJ,,BRA.19_1,1948731.0,512905.0,14904553.0,510445.0
8afaf004,2022-11-02,2537507,75871,1948731.0,2313502.0,39265161.0,14915430.0,13913847.0,,,,0.0,0.0,0.0,0.0,0.0,0.0,0.0,1.0,2.0,2.0,0.0,1.0,5.0,1.0,21.25,13.89,24.29,0.0,2,Brazil,Rio de Janeiro,,-22.06694317,-42.0633655677008,17366189,BRA,BR,76,BRL,33,ChIJw4riypQYmAAR0IMFwRrDSQM,Rio de Janeiro (state),BRRJ,,BRA.19_1,1948731.0,512905.0,14904553.0,511034.14285714284
8afaf004,2022-11-03,2539001,75872,1948731.0,2313502.0,39265161.0,14915430.0,13913847.0,,,,0.0,0.0,0.0,0.0,0.0,0.0,0.0,1.0,2.0,2.0,0.0,1.0,5.0,1.0,21.25,13.89,24.29,0.0,2,Brazil,Rio de Janeiro,,-22.06694317,-42.0633655677008,17366189,BRA,BR,76,BRL,33,ChIJw4riypQYmAAR0IMFwRrDSQM,Rio de Janeiro (state),BRRJ,,BRA.19_1,1948731.0,514398.0,14903060.0,511698.85714285716
8afaf004,2022-11-04,2539180,75881,1948731.0,2313502.0,39265161.0,14915430.0,13913847.0,,,,0.0,0.0,0.0,0.0,0.0,0.0,0.0,1.0,2.0,2.0,0.0,1.0,5.0,1.0,21.25,13.89,24.29,0.0,2,Brazil,Rio de Janeiro,,-22.06694317,-42.0633655677008,17366189,BRA,BR,76,BRL,33,ChIJw4riypQYmAAR0IMFwRrDSQM,Rio de Janeiro (state),BRRJ,,BRA.19_1,1948731.0,514568.0,14902890.0,512318.85714285716
8afaf004,2022-11-05,2539180,75881,1948731.0,2313502.0,39265161.0,14915430.0,13913847.0,,,,0.0,0.0,0.0,0.0,0.0,0.0,0.0,1.0,2.0,2.0,0.0,1.0,5.0,1.0,21.25,13.89,24.29,0.0,2,Brazil,Rio de Janeiro,,-22.06694317,-42.0633655677008,17366189,BRA,BR,76,BRL,33,ChIJw4riypQYmAAR0IMFwRrDSQM,Rio de Janeiro (state),BRRJ,,BRA.19_1,1948731.0,514568.0,14902890.0,512938.85714285716
8afaf004,2022-11-06,2539180,75881,1948731.0,2313502.0,39265161.0,14915430.0,13913847.0,,,,0.0,0.0,0.0,0.0,0.0,0.0,0.0,1.0,2.0,2.0,0.0,1.0,5.0,1.0,21.25,13.89,24.29,0.0,2,Brazil,Rio de Janeiro,,-22.06694317,-42.0633655677008,17366189,BRA,BR,76,BRL,33,ChIJw4riypQYmAAR0IMFwRrDSQM,Rio de Janeiro (state),BRRJ,,BRA.19_1,1948731.0,514568.0,14902890.0,513558.85714285716
8afaf004,2022-11-07,2540145,75884,1948731.0,2313502.0,39265161.0,14915430.0,13913847.0,,,,0.0,0.0,0.0,0.0,0.0,0.0,0.0,1.0,2.0,2.0,0.0,1.0,5.0,1.0,21.25,13.89,24.29,0.0,2,Brazil,Rio de Janeiro,,-22.06694317,-42.0633655677008,17366189,BRA,BR,76,BRL,33,ChIJw4riypQYmAAR0IMFwRrDSQM,Rio de Janeiro (state),BRRJ,,BRA.19_1,1948731.0,515530.0,14901928.0,514206.0
8afaf004,2022-11-08,2543735,75891,1948731.0,2313502.0,39265161.0,14915430.0,13913847.0,,,,0.0,0.0,0.0,0.0,0.0,0.0,0.0,1.0,2.0,2.0,0.0,1.0,5.0,1.0,21.25,13.89,24.29,0.0,2,Brazil,Rio de Janeiro,,-22.06694317,-42.0633655677008,17366189,BRA,BR,76,BRL,33,ChIJw4riypQYmAAR0IMFwRrDSQM,Rio de Janeiro (state),BRRJ,,BRA.19_1,1948731.0,519113.0,14898345.0,515092.85714285716
8afaf004,2022-11-09,2545814,75896,1948731.0,2313502.0,39265161.0,14915430.0,13913847.0,,,,0.0,0.0,0.0,0.0,0.0,0.0,0.0,1.0,2.0,2.0,0.0,1.0,5.0,1.0,21.25,13.89,24.29,0.0,2,Brazil,Rio de Janeiro,,-22.06694317,-42.0633655677008,17366189,BRA,BR,76,BRL,33,ChIJw4riypQYmAAR0IMFwRrDSQM,Rio de Janeiro (state),BRRJ,,BRA.19_1,1948731.0,521187.0,14896271.0,516276.0
8afaf004,2022-11-10,2550389,75896,1948731.0,2313502.0,39265161.0,14915430.0,13913847.0,,,,0.0,0.0,0.0,0.0,0.0,0.0,0.0,1.0,2.0,2.0,0.0,1.0,5.0,1.0,21.25,13.89,24.29,0.0,2,Brazil,Rio de Janeiro,,-22.06694317,-42.0633655677008,17366189,BRA,BR,76,BRL,33,ChIJw4riypQYmAAR0IMFwRrDSQM,Rio de Janeiro (state),BRRJ,,BRA.19_1,1948731.0,525762.0,14891696.0,517899.4285714286
8afaf004,2022-11-11,2557979,75908,1948731.0,2313502.0,39265161.0,14915430.0,13913847.0,,,,0.0,0.0,0.0,0.0,0.0,0.0,0.0,1.0,2.0,2.0,0.0,1.0,5.0,1.0,21.25,13.89,24.29,0.0,2,Brazil,Rio de Janeiro,,-22.06694317,-42.0633655677008,17366189,BRA,BR,76,BRL,33,ChIJw4riypQYmAAR0IMFwRrDSQM,Rio de Janeiro (state),BRRJ,,BRA.19_1,1948731.0,533340.0,14884118.0,520581.14285714284
8afaf004,2022-11-12,2557979,75908,1948731.0,2313502.0,39265161.0,14915430.0,13913847.0,,,,0.0,0.0,0.0,0.0,0.0,0.0,0.0,1.0,2.0,2.0,0.0,1.0,5.0,1.0,21.25,13.89,24.29,0.0,2,Brazil,Rio de Janeiro,,-22.06694317,-42.0633655677008,17366189,BRA,BR,76,BRL,33,ChIJw4riypQYmAAR0IMFwRrDSQM,Rio de Janeiro (state),BRRJ,,BRA.19_1,1948731.0,533340.0,14884118.0,523262.85714285716
8afaf004,2022-11-13,2557979,75908,1948731.0,2313502.0,39265161.0,14915430.0,13913847.0,,,,0.0,0.0,0.0,0.0,0.0,0.0,0.0,1.0,2.0,2.0,0.0,1.0,5.0,1.0,21.25,13.89,24.29,0.0,2,Brazil,Rio de Janeiro,,-22.06694317,-42.0633655677008,17366189,BRA,BR,76,BRL,33,ChIJw4riypQYmAAR0IMFwRrDSQM,Rio de Janeiro (state),BRRJ,,BRA.19_1,1948731.0,533340.0,14884118.0,525944.5714285715
8afaf004,2022-11-14,2559374,75911,1948731.0,2313502.0,39265161.0,14915430.0,13913847.0,,,,0.0,0.0,0.0,0.0,0.0,0.0,0.0,1.0,2.0,2.0,0.0,1.0,5.0,1.0,21.25,13.89,24.29,0.0,2,Brazil,Rio de Janeiro,,-22.06694317,-42.0633655677008,17366189,BRA,BR,76,BRL,33,ChIJw4riypQYmAAR0IMFwRrDSQM,Rio de Janeiro (state),BRRJ,,BRA.19_1,1948731.0,534732.0,14882726.0,528687.7142857143
8afaf004,2022-11-15,2559374,75911,1948731.0,2313502.0,39265161.0,14915430.0,13913847.0,,,,0.0,0.0,0.0,0.0,0.0,0.0,0.0,1.0,2.0,0.0,0.0,1.0,5.0,1.0,17.08,13.89,19.52,0.0,2,Brazil,Rio de Janeiro,,-22.06694317,-42.0633655677008,17366189,BRA,BR,76,BRL,33,ChIJw4riypQYmAAR0IMFwRrDSQM,Rio de Janeiro (state),BRRJ,,BRA.19_1,1948731.0,534732.0,14882726.0,530919.0
8afaf004,2022-11-16,2568178,75924,1948731.0,2313502.0,39265161.0,14915430.0,13913847.0,,,,0.0,0.0,0.0,0.0,0.0,0.0,0.0,1.0,2.0,0.0,0.0,1.0,5.0,1.0,17.08,13.89,19.52,0.0,2,Brazil,Rio de Janeiro,,-22.06694317,-42.0633655677008,17366189,BRA,BR,76,BRL,33,ChIJw4riypQYmAAR0IMFwRrDSQM,Rio de Janeiro (state),BRRJ,,BRA.19_1,1948731.0,543523.0,14873935.0,534109.8571428572
8afaf004,2022-11-17,2579867,75936,1948731.0,2313502.0,39265161.0,14915430.0,13913847.0,,,,0.0,0.0,0.0,0.0,0.0,0.0,0.0,1.0,2.0,0.0,0.0,1.0,5.0,1.0,17.08,13.89,19.52,0.0,2,Brazil,Rio de Janeiro,,-22.06694317,-42.0633655677008,17366189,BRA,BR,76,BRL,33,ChIJw4riypQYmAAR0IMFwRrDSQM,Rio de Janeiro (state),BRRJ,,BRA.19_1,1948731.0,555200.0,14862258.0,538315.2857142857
8afaf004,2022-11-18,2590500,75944,1948731.0,2313502.0,39265161.0,14915430.0,13913847.0,,,,0.0,0.0,0.0,0.0,0.0,0.0,0.0,1.0,2.0,0.0,0.0,1.0,5.0,1.0,17.08,13.89,19.52,0.0,2,Brazil,Rio de Janeiro,,-22.06694317,-42.0633655677008,17366189,BRA,BR,76,BRL,33,ChIJw4riypQYmAAR0IMFwRrDSQM,Rio de Janeiro (state),BRRJ,,BRA.19_1,1948731.0,565825.0,14851633.0,542956.0
8afaf004,2022-11-19,2590500,75944,1948731.0,2313502.0,39265161.0,14915430.0,13913847.0,,,,0.0,0.0,0.0,0.0,0.0,0.0,0.0,1.0,2.0,0.0,0.0,1.0,5.0,1.0,17.08,13.89,19.52,0.0,2,Brazil,Rio de Janeiro,,-22.06694317,-42.0633655677008,17366189,BRA,BR,76,BRL,33,ChIJw4riypQYmAAR0IMFwRrDSQM,Rio de Janeiro (state),BRRJ,,BRA.19_1,1948731.0,565825.0,14851633.0,547596.7142857143
8afaf004,2022-11-20,2590500,75944,1948731.0,2313502.0,39265161.0,14915430.0,13913847.0,,,,0.0,0.0,0.0,0.0,0.0,0.0,0.0,1.0,2.0,0.0,0.0,1.0,5.0,1.0,17.08,13.89,19.52,0.0,2,Brazil,Rio de Janeiro,,-22.06694317,-42.0633655677008,17366189,BRA,BR,76,BRL,33,ChIJw4riypQYmAAR0IMFwRrDSQM,Rio de Janeiro (state),BRRJ,,BRA.19_1,1948731.0,565825.0,14851633.0,552237.4285714285
8afaf004,2022-11-21,2601504,75975,1948731.0,2313502.0,39265161.0,14915430.0,13913847.0,,,,0.0,0.0,0.0,0.0,0.0,0.0,0.0,1.0,2.0,0.0,0.0,1.0,5.0,1.0,17.08,13.89,19.52,0.0,2,Brazil,Rio de Janeiro,,-22.06694317,-42.0633655677008,17366189,BRA,BR,76,BRL,33,ChIJw4riypQYmAAR0IMFwRrDSQM,Rio de Janeiro (state),BRRJ,,BRA.19_1,1948731.0,576798.0,14840660.0,558246.8571428572
8afaf004,2022-11-22,2602894,76010,1948731.0,2313502.0,39265161.0,14915430.0,13913847.0,,,,0.0,0.0,0.0,0.0,0.0,0.0,0.0,1.0,2.0,0.0,0.0,1.0,5.0,1.0,17.08,13.89,19.52,0.0,2,Brazil,Rio de Janeiro,,-22.06694317,-42.0633655677008,17366189,BRA,BR,76,BRL,33,ChIJw4riypQYmAAR0IMFwRrDSQM,Rio de Janeiro (state),BRRJ,,BRA.19_1,1948731.0,578153.0,14839305.0,564449.8571428572
8afaf004,2022-11-23,2609193,76023,1948731.0,2313502.0,39265161.0,14915430.0,13913847.0,,,,0.0,0.0,0.0,0.0,0.0,0.0,0.0,1.0,2.0,0.0,0.0,1.0,5.0,1.0,17.08,13.89,19.52,0.0,2,Brazil,Rio de Janeiro,,-22.06694317,-42.0633655677008,17366189,BRA,BR,76,BRL,33,ChIJw4riypQYmAAR0IMFwRrDSQM,Rio de Janeiro (state),BRRJ,,BRA.19_1,1948731.0,584439.0,14833019.0,570295.0
8afaf004,2022-11-24,2609193,76023,1948731.0,2313502.0,39265161.0,14915430.0,13913847.0,,,,0.0,0.0,0.0,0.0,0.0,0.0,0.0,1.0,2.0,0.0,0.0,1.0,5.0,1.0,17.08,13.89,19.52,0.0,2,Brazil,Rio de Janeiro,,-22.06694317,-42.0633655677008,17366189,BRA,BR,76,BRL,33,ChIJw4riypQYmAAR0IMFwRrDSQM,Rio de Janeiro (state),BRRJ,,BRA.19_1,1948731.0,584439.0,14833019.0,574472.0
8afaf004,2022-11-25,2620574,76054,1948731.0,2313502.0,39265161.0,14915430.0,13913847.0,,,,0.0,0.0,0.0,0.0,0.0,0.0,0.0,1.0,2.0,0.0,0.0,2.0,5.0,1.0,18.65,13.89,21.31,0.0,2,Brazil,Rio de Janeiro,,-22.06694317,-42.0633655677008,17366189,BRA,BR,76,BRL,33,ChIJw4riypQYmAAR0IMFwRrDSQM,Rio de Janeiro (state),BRRJ,,BRA.19_1,1948731.0,595789.0,14821669.0,578752.5714285715
8afaf004,2022-11-26,2620574,76054,1948731.0,2313502.0,39265161.0,14915430.0,13913847.0,,,,0.0,0.0,0.0,0.0,0.0,0.0,0.0,1.0,2.0,0.0,0.0,2.0,5.0,1.0,18.65,13.89,21.31,0.0,2,Brazil,Rio de Janeiro,,-22.06694317,-42.0633655677008,17366189,BRA,BR,76,BRL,33,ChIJw4riypQYmAAR0IMFwRrDSQM,Rio de Janeiro (state),BRRJ,,BRA.19_1,1948731.0,595789.0,14821669.0,583033.1428571428
8afaf004,2022-11-27,2620574,76054,1948731.0,2313502.0,39265161.0,14915430.0,13913847.0,,,,0.0,0.0,0.0,0.0,0.0,0.0,0.0,1.0,2.0,0.0,0.0,2.0,5.0,1.0,18.65,13.89,21.31,0.0,2,Brazil,Rio de Janeiro,,-22.06694317,-42.0633655677008,17366189,BRA,BR,76,BRL,33,ChIJw4riypQYmAAR0IMFwRrDSQM,Rio de Janeiro (state),BRRJ,,BRA.19_1,1948731.0,595789.0,14821669.0,587313.7142857143
8afaf004,2022-11-28,2620574,76054,1948731.0,2313502.0,39265161.0,14915430.0,13913847.0,,,,0.0,0.0,0.0,0.0,0.0,0.0,0.0,1.0,2.0,0.0,0.0,2.0,5.0,1.0,18.65,13.89,21.31,0.0,2,Brazil,Rio de Janeiro,,-22.06694317,-42.0633655677008,17366189,BRA,BR,76,BRL,33,ChIJw4riypQYmAAR0IMFwRrDSQM,Rio de Janeiro (state),BRRJ,,BRA.19_1,1948731.0,595789.0,14821669.0,590026.7142857143
8afaf004,2022-11-29,2632580,76070,1948731.0,2313502.0,39265161.0,14915430.0,13913847.0,,,,0.0,0.0,0.0,0.0,0.0,0.0,0.0,1.0,2.0,0.0,0.0,2.0,5.0,1.0,18.65,13.89,21.31,0.0,2,Brazil,Rio de Janeiro,,-22.06694317,-42.0633655677008,17366189,BRA,BR,76,BRL,33,ChIJw4riypQYmAAR0IMFwRrDSQM,Rio de Janeiro (state),BRRJ,,BRA.19_1,1948731.0,607779.0,14809679.0,594259.0
8afaf004,2022-11-30,2637281,76097,1948731.0,2313502.0,39265161.0,14915430.0,13913847.0,,,,0.0,0.0,0.0,0.0,0.0,0.0,0.0,1.0,2.0,0.0,0.0,2.0,5.0,1.0,18.65,13.89,21.31,0.0,2,Brazil,Rio de Janeiro,,-22.06694317,-42.0633655677008,17366189,BRA,BR,76,BRL,33,ChIJw4riypQYmAAR0IMFwRrDSQM,Rio de Janeiro (state),BRRJ,,BRA.19_1,1948731.0,612453.0,14805005.0,598261.0
8afaf004,2022-12-01,2640364,76123,1948731.0,2313502.0,39265161.0,14915430.0,13913847.0,,,,0.0,0.0,0.0,0.0,0.0,0.0,0.0,1.0,2.0,0.0,0.0,2.0,5.0,1.0,18.65,13.89,21.31,0.0,2,Brazil,Rio de Janeiro,,-22.06694317,-42.0633655677008,17366189,BRA,BR,76,BRL,33,ChIJw4riypQYmAAR0IMFwRrDSQM,Rio de Janeiro (state),BRRJ,,BRA.19_1,1948731.0,615510.0,14801948.0,602699.7142857143
8afaf004,2022-12-02,2645642,76143,1948731.0,2313502.0,39265161.0,14915430.0,13913847.0,,,,0.0,0.0,0.0,0.0,0.0,0.0,0.0,1.0,2.0,0.0,0.0,2.0,5.0,1.0,18.65,13.89,21.31,0.0,2,Brazil,Rio de Janeiro,,-22.06694317,-42.0633655677008,17366189,BRA,BR,76,BRL,33,ChIJw4riypQYmAAR0IMFwRrDSQM,Rio de Janeiro (state),BRRJ,,BRA.19_1,1948731.0,620768.0,14796690.0,606268.1428571428
8afaf004,2022-12-03,2645642,76143,1948731.0,2313502.0,39265161.0,14915430.0,13913847.0,,,,0.0,0.0,0.0,0.0,0.0,0.0,0.0,1.0,2.0,0.0,0.0,2.0,5.0,1.0,18.65,13.89,21.31,0.0,2,Brazil,Rio de Janeiro,,-22.06694317,-42.0633655677008,17366189,BRA,BR,76,BRL,33,ChIJw4riypQYmAAR0IMFwRrDSQM,Rio de Janeiro (state),BRRJ,,BRA.19_1,1948731.0,620768.0,14796690.0,609836.5714285715
8afaf004,2022-12-04,2645642,76143,1948731.0,2313502.0,39265161.0,14915430.0,13913847.0,,,,0.0,0.0,0.0,0.0,0.0,0.0,0.0,1.0,2.0,0.0,0.0,2.0,5.0,1.0,18.65,13.89,21.31,0.0,2,Brazil,Rio de Janeiro,,-22.06694317,-42.0633655677008,17366189,BRA,BR,76,BRL,33,ChIJw4riypQYmAAR0IMFwRrDSQM,Rio de Janeiro (state),BRRJ,,BRA.19_1,1948731.0,620768.0,14796690.0,613405.0
8afaf004,2022-12-05,2648331,76161,1948731.0,2313502.0,39265161.0,14915430.0,13913847.0,,,,0.0,0.0,0.0,0.0,0.0,0.0,0.0,1.0,2.0,0.0,0.0,2.0,5.0,1.0,18.65,13.89,21.31,0.0,2,Brazil,Rio de Janeiro,,-22.06694317,-42.0633655677008,17366189,BRA,BR,76,BRL,33,ChIJw4riypQYmAAR0IMFwRrDSQM,Rio de Janeiro (state),BRRJ,,BRA.19_1,1948731.0,623439.0,14794019.0,617355.0
8afaf004,2022-12-06,2652714,76173,1948731.0,2313502.0,39265161.0,14915430.0,13913847.0,,,,0.0,0.0,0.0,0.0,0.0,0.0,0.0,1.0,2.0,0.0,0.0,2.0,5.0,1.0,18.65,13.89,21.31,0.0,2,Brazil,Rio de Janeiro,,-22.06694317,-42.0633655677008,17366189,BRA,BR,76,BRL,33,ChIJw4riypQYmAAR0IMFwRrDSQM,Rio de Janeiro (state),BRRJ,,BRA.19_1,1948731.0,627810.0,14789648.0,620216.5714285715
8afaf004,2022-12-07,2655317,76202,1948731.0,2313502.0,39265161.0,14915430.0,13913847.0,,,,0.0,0.0,0.0,0.0,0.0,0.0,0.0,1.0,2.0,0.0,0.0,2.0,5.0,1.0,18.65,13.89,21.31,0.0,2,Brazil,Rio de Janeiro,,-22.06694317,-42.0633655677008,17366189,BRA,BR,76,BRL,33,ChIJw4riypQYmAAR0IMFwRrDSQM,Rio de Janeiro (state),BRRJ,,BRA.19_1,1948731.0,630384.0,14787074.0,622778.1428571428
8afaf004,2022-12-08,2660936,76206,1948731.0,2313502.0,39265161.0,14915430.0,13913847.0,,,,0.0,0.0,0.0,0.0,0.0,0.0,0.0,1.0,2.0,0.0,0.0,2.0,5.0,1.0,18.65,13.89,21.31,0.0,2,Brazil,Rio de Janeiro,,-22.06694317,-42.0633655677008,17366189,BRA,BR,76,BRL,33,ChIJw4riypQYmAAR0IMFwRrDSQM,Rio de Janeiro (state),BRRJ,,BRA.19_1,1948731.0,635999.0,14781459.0,625705.1428571428
8afaf004,2022-12-09,2660936,76206,1948731.0,2313502.0,39265161.0,14915430.0,13913847.0,,,,0.0,0.0,0.0,0.0,0.0,0.0,0.0,1.0,2.0,0.0,0.0,2.0,5.0,1.0,18.65,13.89,21.31,0.0,2,Brazil,Rio de Janeiro,,-22.06694317,-42.0633655677008,17366189,BRA,BR,76,BRL,33,ChIJw4riypQYmAAR0IMFwRrDSQM,Rio de Janeiro (state),BRRJ,,BRA.19_1,1948731.0,635999.0,14781459.0,627881.0
8afaf004,2022-12-10,2660936,76206,1948731.0,2313502.0,39265161.0,14915430.0,13913847.0,,,,0.0,0.0,0.0,0.0,0.0,0.0,0.0,1.0,2.0,0.0,0.0,2.0,5.0,1.0,18.65,13.89,21.31,0.0,2,Brazil,Rio de Janeiro,,-22.06694317,-42.0633655677008,17366189,BRA,BR,76,BRL,33,ChIJw4riypQYmAAR0IMFwRrDSQM,Rio de Janeiro (state),BRRJ,,BRA.19_1,1948731.0,635999.0,14781459.0,630056.8571428572
8afaf004,2022-12-11,2660936,76206,1948731.0,2313502.0,39265161.0,14915430.0,13913847.0,,,,0.0,0.0,0.0,0.0,0.0,0.0,0.0,1.0,2.0,0.0,0.0,2.0,5.0,1.0,18.65,13.89,21.31,0.0,2,Brazil,Rio de Janeiro,,-22.06694317,-42.0633655677008,17366189,BRA,BR,76,BRL,33,ChIJw4riypQYmAAR0IMFwRrDSQM,Rio de Janeiro (state),BRRJ,,BRA.19_1,1948731.0,635999.0,14781459.0,632232.7142857143
8afaf004,2022-12-12,2665672,76244,1948731.0,2313502.0,39265161.0,14915430.0,13913847.0,,,,0.0,0.0,0.0,0.0,0.0,0.0,0.0,1.0,2.0,0.0,0.0,2.0,5.0,1.0,18.65,13.89,21.31,0.0,2,Brazil,Rio de Janeiro,,-22.06694317,-42.0633655677008,17366189,BRA,BR,76,BRL,33,ChIJw4riypQYmAAR0IMFwRrDSQM,Rio de Janeiro (state),BRRJ,,BRA.19_1,1948731.0,640697.0,14776761.0,634698.1428571428
8afaf004,2022-12-13,2669354,76256,1948731.0,2313502.0,39265161.0,14915430.0,13913847.0,,,,0.0,0.0,0.0,0.0,0.0,0.0,0.0,1.0,2.0,0.0,0.0,2.0,5.0,1.0,18.65,13.89,21.31,0.0,2,Brazil,Rio de Janeiro,,-22.06694317,-42.0633655677008,17366189,BRA,BR,76,BRL,33,ChIJw4riypQYmAAR0IMFwRrDSQM,Rio de Janeiro (state),BRRJ,,BRA.19_1,1948731.0,644367.0,14773091.0,637063.4285714285
8afaf004,2022-12-14,2670866,76266,1948731.0,2313502.0,39265161.0,14915430.0,13913847.0,,,,0.0,0.0,0.0,0.0,0.0,0.0,0.0,1.0,2.0,0.0,0.0,2.0,5.0,1.0,18.65,13.89,21.31,0.0,2,Brazil,Rio de Janeiro,,-22.06694317,-42.0633655677008,17366189,BRA,BR,76,BRL,33,ChIJw4riypQYmAAR0IMFwRrDSQM,Rio de Janeiro (state),BRRJ,,BRA.19_1,1948731.0,645869.0,14771589.0,639275.5714285715
8afaf004,2022-12-15,2674998,76277,1948731.0,2313502.0,39265161.0,14915430.0,13913847.0,,,,0.0,0.0,0.0,0.0,0.0,0.0,0.0,1.0,2.0,0.0,0.0,2.0,5.0,1.0,18.65,13.89,21.31,0.0,2,Brazil,Rio de Janeiro,,-22.06694317,-42.0633655677008,17366189,BRA,BR,76,BRL,33,ChIJw4riypQYmAAR0IMFwRrDSQM,Rio de Janeiro (state),BRRJ,,BRA.19_1,1948731.0,649990.0,14767468.0,641274.2857142857
8afaf004,2022-12-16,2677837,76288,1948731.0,2313502.0,39265161.0,14915430.0,13913847.0,,,,0.0,0.0,0.0,0.0,0.0,0.0,0.0,1.0,2.0,0.0,0.0,2.0,5.0,1.0,18.65,13.89,21.31,0.0,2,Brazil,Rio de Janeiro,,-22.06694317,-42.0633655677008,17366189,BRA,BR,76,BRL,33,ChIJw4riypQYmAAR0IMFwRrDSQM,Rio de Janeiro (state),BRRJ,,BRA.19_1,1948731.0,652818.0,14764640.0,643677.0
8afaf004,2022-12-17,2677837,76288,1948731.0,2313502.0,40422220.0,15017720.0,14091901.0,,,,0.0,0.0,0.0,0.0,0.0,0.0,0.0,1.0,2.0,0.0,0.0,2.0,5.0,1.0,18.65,13.89,21.31,0.0,2,Brazil,Rio de Janeiro,,-22.06694317,-42.0633655677008,17366189,BRA,BR,76,BRL,33,ChIJw4riypQYmAAR0IMFwRrDSQM,Rio de Janeiro (state),BRRJ,,BRA.19_1,1948731.0,652818.0,14764640.0,646079.7142857143
8afaf004,2022-12-18,2677837,76288,1948731.0,2313502.0,40422220.0,15017720.0,14091901.0,,,,0.0,0.0,0.0,0.0,0.0,0.0,0.0,1.0,2.0,0.0,0.0,2.0,5.0,1.0,18.65,13.89,21.31,0.0,2,Brazil,Rio de Janeiro,,-22.06694317,-42.0633655677008,17366189,BRA,BR,76,BRL,33,ChIJw4riypQYmAAR0IMFwRrDSQM,Rio de Janeiro (state),BRRJ,,BRA.19_1,1948731.0,652818.0,14764640.0,648482.4285714285
8afaf004,2022-12-19,2681363,76313,1948731.0,2313502.0,40422220.0,15017720.0,14091901.0,,,,0.0,0.0,0.0,0.0,0.0,0.0,0.0,1.0,2.0,0.0,0.0,2.0,5.0,1.0,18.65,13.89,21.31,0.0,2,Brazil,Rio de Janeiro,,-22.06694317,-42.0633655677008,17366189,BRA,BR,76,BRL,33,ChIJw4riypQYmAAR0IMFwRrDSQM,Rio de Janeiro (state),BRRJ,,BRA.19_1,1948731.0,656319.0,14761139.0,650714.1428571428
8afaf004,2022-12-20,2683636,76322,1948731.0,2313502.0,40422220.0,15017720.0,14091901.0,,,,0.0,0.0,0.0,0.0,0.0,0.0,0.0,1.0,2.0,0.0,0.0,2.0,5.0,1.0,18.65,13.89,21.31,0.0,2,Brazil,Rio de Janeiro,,-22.06694317,-42.0633655677008,17366189,BRA,BR,76,BRL,33,ChIJw4riypQYmAAR0IMFwRrDSQM,Rio de Janeiro (state),BRRJ,,BRA.19_1,1948731.0,658583.0,14758875.0,652745.0
8afaf004,2022-12-21,2686177,76329,1948731.0,2313502.0,40422220.0,15017720.0,14091901.0,,,,0.0,0.0,0.0,0.0,0.0,0.0,0.0,1.0,2.0,0.0,0.0,2.0,5.0,1.0,18.65,13.89,21.31,0.0,2,Brazil,Rio de Janeiro,,-22.06694317,-42.0633655677008,17366189,BRA,BR,76,BRL,33,ChIJw4riypQYmAAR0IMFwRrDSQM,Rio de Janeiro (state),BRRJ,,BRA.19_1,1948731.0,661117.0,14756341.0,654923.2857142857
8afaf004,2022-12-22,2688735,76340,1948731.0,2313502.0,40422220.0,15017720.0,14091901.0,,,,0.0,0.0,0.0,0.0,0.0,0.0,0.0,1.0,2.0,0.0,0.0,2.0,5.0,1.0,18.65,13.89,21.31,0.0,2,Brazil,Rio de Janeiro,,-22.06694317,-42.0633655677008,17366189,BRA,BR,76,BRL,33,ChIJw4riypQYmAAR0IMFwRrDSQM,Rio de Janeiro (state),BRRJ,,BRA.19_1,1948731.0,663664.0,14753794.0,656876.7142857143
8afaf004,2022-12-23,2691257,76341,1948731.0,2313502.0,40422220.0,15017720.0,14091901.0,,,,0.0,0.0,0.0,0.0,0.0,0.0,0.0,1.0,2.0,0.0,0.0,2.0,5.0,1.0,18.65,13.89,21.31,0.0,2,Brazil,Rio de Janeiro,,-22.06694317,-42.0633655677008,17366189,BRA,BR,76,BRL,33,ChIJw4riypQYmAAR0IMFwRrDSQM,Rio de Janeiro (state),BRRJ,,BRA.19_1,1948731.0,666185.0,14751273.0,658786.2857142857
8afaf004,2022-12-24,2691257,76341,1948731.0,2313502.0,40422220.0,15017720.0,14091901.0,,,,0.0,0.0,0.0,0.0,0.0,0.0,0.0,1.0,2.0,0.0,0.0,2.0,5.0,1.0,18.65,13.89,21.31,0.0,2,Brazil,Rio de Janeiro,,-22.06694317,-42.0633655677008,17366189,BRA,BR,76,BRL,33,ChIJw4riypQYmAAR0IMFwRrDSQM,Rio de Janeiro (state),BRRJ,,BRA.19_1,1948731.0,666185.0,14751273.0,660695.8571428572
8afaf004,2022-12-25,2691257,76341,1948731.0,2313502.0,40422220.0,15017720.0,14091901.0,,,,0.0,0.0,0.0,0.0,0.0,0.0,0.0,1.0,2.0,0.0,0.0,2.0,5.0,1.0,18.65,13.89,21.31,0.0,2,Brazil,Rio de Janeiro,,-22.06694317,-42.0633655677008,17366189,BRA,BR,76,BRL,33,ChIJw4riypQYmAAR0IMFwRrDSQM,Rio de Janeiro (state),BRRJ,,BRA.19_1,1948731.0,666185.0,14751273.0,662605.4285714285
8afaf004,2022-12-26,2693218,76344,1948731.0,2313502.0,40422220.0,15017720.0,14091901.0,,,,0.0,0.0,0.0,0.0,0.0,0.0,0.0,1.0,2.0,0.0,0.0,2.0,5.0,1.0,18.65,13.89,21.31,0.0,2,Brazil,Rio de Janeiro,,-22.06694317,-42.0633655677008,17366189,BRA,BR,76,BRL,33,ChIJw4riypQYmAAR0IMFwRrDSQM,Rio de Janeiro (state),BRRJ,,BRA.19_1,1948731.0,668143.0,14749315.0,664294.5714285715
8afaf004,2022-12-27,2695571,76451,1948731.0,2313502.0,40422220.0,15017720.0,14091901.0,,,,0.0,0.0,0.0,0.0,0.0,0.0,0.0,1.0,2.0,0.0,0.0,2.0,5.0,1.0,18.65,13.89,21.31,0.0,2,Brazil,Rio de Janeiro,,-22.06694317,-42.0633655677008,17366189,BRA,BR,76,BRL,33,ChIJw4riypQYmAAR0IMFwRrDSQM,Rio de Janeiro (state),BRRJ,,BRA.19_1,1948731.0,670389.0,14747069.0,665981.1428571428
8afaf004,2022-12-28,2698002,76491,1948731.0,2313502.0,40422220.0,15017720.0,14091901.0,,,,0.0,0.0,0.0,0.0,0.0,0.0,0.0,1.0,2.0,0.0,0.0,2.0,5.0,1.0,18.65,13.89,21.31,0.0,2,Brazil,Rio de Janeiro,,-22.06694317,-42.0633655677008,17366189,BRA,BR,76,BRL,33,ChIJw4riypQYmAAR0IMFwRrDSQM,Rio de Janeiro (state),BRRJ,,BRA.19_1,1948731.0,672780.0,14744678.0,667647.2857142857
8afaf004,2022-12-29,2699876,76499,1948731.0,2313502.0,40422220.0,15017720.0,14091901.0,,,,0.0,0.0,0.0,0.0,0.0,0.0,0.0,1.0,2.0,0.0,0.0,2.0,5.0,1.0,18.65,13.89,21.31,0.0,2,Brazil,Rio de Janeiro,,-22.06694317,-42.0633655677008,17366189,BRA,BR,76,BRL,33,ChIJw4riypQYmAAR0IMFwRrDSQM,Rio de Janeiro (state),BRRJ,,BRA.19_1,1948731.0,674646.0,14742812.0,669216.1428571428
8afaf004,2022-12-30,2701378,76508,1948731.0,2313502.0,40422220.0,15017720.0,14091901.0,,,,0.0,0.0,0.0,0.0,0.0,0.0,0.0,1.0,2.0,0.0,0.0,2.0,5.0,1.0,18.65,13.89,21.31,0.0,2,Brazil,Rio de Janeiro,,-22.06694317,-42.0633655677008,17366189,BRA,BR,76,BRL,33,ChIJw4riypQYmAAR0IMFwRrDSQM,Rio de Janeiro (state),BRRJ,,BRA.19_1,1948731.0,676139.0,14741319.0,670638.1428571428
8afaf004,2022-12-31,2701378,76508,1948731.0,2313502.0,40422220.0,15017720.0,14091901.0,,,,0.0,0.0,0.0,0.0,0.0,0.0,0.0,1.0,2.0,0.0,0.0,2.0,5.0,1.0,18.65,13.89,21.31,0.0,2,Brazil,Rio de Janeiro,,-22.06694317,-42.0633655677008,17366189,BRA,BR,76,BRL,33,ChIJw4riypQYmAAR0IMFwRrDSQM,Rio de Janeiro (state),BRRJ,,BRA.19_1,1948731.0,676139.0,14741319.0,672060.1428571428
8afaf004,2023-01-01,2701378,76508,1948731.0,2313502.0,40422220.0,15017720.0,14091901.0,,,,,,,,,,,,,,,,,,,,,,2,Brazil,Rio de Janeiro,,-22.06694317,-42.0633655677008,17366189,BRA,BR,76,BRL,33,ChIJw4riypQYmAAR0IMFwRrDSQM,Rio de Janeiro (state),BRRJ,,BRA.19_1,1948731.0,676139.0,14741319.0,673482.1428571428
8afaf004,2023-01-02,2702176,76513,1948731.0,2313502.0,40422220.0,15017720.0,14091901.0,,,,,,,,,,,,,,,,,,,,,,2,Brazil,Rio de Janeiro,,-22.06694317,-42.0633655677008,17366189,BRA,BR,76,BRL,33,ChIJw4riypQYmAAR0IMFwRrDSQM,Rio de Janeiro (state),BRRJ,,BRA.19_1,1948731.0,676932.0,14740526.0,674737.7142857143
8afaf004,2023-01-03,2702876,76526,1948731.0,2313502.0,40422220.0,15017720.0,14091901.0,,,,,,,,,,,,,,,,,,,,,,2,Brazil,Rio de Janeiro,,-22.06694317,-42.0633655677008,17366189,BRA,BR,76,BRL,33,ChIJw4riypQYmAAR0IMFwRrDSQM,Rio de Janeiro (state),BRRJ,,BRA.19_1,1948731.0,677619.0,14739839.0,675770.5714285715
8afaf004,2023-01-04,2705998,76534,1948731.0,2313502.0,40422220.0,15017720.0,14091901.0,,,,,,,,,,,,,,,,,,,,,,2,Brazil,Rio de Janeiro,,-22.06694317,-42.0633655677008,17366189,BRA,BR,76,BRL,33,ChIJw4riypQYmAAR0IMFwRrDSQM,Rio de Janeiro (state),BRRJ,,BRA.19_1,1948731.0,680733.0,14736725.0,676906.7142857143
8afaf004,2023-01-05,2706528,76539,1948731.0,2313502.0,40558018.0,15033151.0,14114556.0,,,,,,,,,,,,,,,,,,,,,,2,Brazil,Rio de Janeiro,,-22.06694317,-42.0633655677008,17366189,BRA,BR,76,BRL,33,ChIJw4riypQYmAAR0IMFwRrDSQM,Rio de Janeiro (state),BRRJ,,BRA.19_1,1948731.0,681258.0,14736200.0,677851.2857142857
8afaf004,2023-01-06,2709073,76545,1948731.0,2313502.0,40558018.0,15033151.0,14114556.0,,,,,,,,,,,,,,,,,,,,,,2,Brazil,Rio de Janeiro,,-22.06694317,-42.0633655677008,17366189,BRA,BR,76,BRL,33,ChIJw4riypQYmAAR0IMFwRrDSQM,Rio de Janeiro (state),BRRJ,,BRA.19_1,1948731.0,683797.0,14733661.0,678945.2857142857
8afaf004,2023-01-07,2709073,76545,1948731.0,2313502.0,40558018.0,15033151.0,14114556.0,,,,,,,,,,,,,,,,,,,,,,2,Brazil,Rio de Janeiro,,-22.06694317,-42.0633655677008,17366189,BRA,BR,76,BRL,33,ChIJw4riypQYmAAR0IMFwRrDSQM,Rio de Janeiro (state),BRRJ,,BRA.19_1,1948731.0,683797.0,14733661.0,680039.2857142857
8afaf004,2023-01-08,2709073,76545,1948731.0,2313502.0,40558018.0,15033151.0,14114556.0,,,,,,,,,,,,,,,,,,,,,,2,Brazil,Rio de Janeiro,,-22.06694317,-42.0633655677008,17366189,BRA,BR,76,BRL,33,ChIJw4riypQYmAAR0IMFwRrDSQM,Rio de Janeiro (state),BRRJ,,BRA.19_1,1948731.0,683797.0,14733661.0,681133.2857142857
8afaf004,2023-01-09,2709712,76553,1948731.0,2313502.0,40558018.0,15033151.0,14114556.0,,,,,,,,,,,,,,,,,,,,,,2,Brazil,Rio de Janeiro,,-22.06694317,-42.0633655677008,17366189,BRA,BR,76,BRL,33,ChIJw4riypQYmAAR0IMFwRrDSQM,Rio de Janeiro (state),BRRJ,,BRA.19_1,1948731.0,684428.0,14733030.0,682204.1428571428
8afaf004,2023-01-10,2712254,76562,1948731.0,2313502.0,40558018.0,15033151.0,14114556.0,,,,,,,,,,,,,,,,,,,,,,2,Brazil,Rio de Janeiro,,-22.06694317,-42.0633655677008,17366189,BRA,BR,76,BRL,33,ChIJw4riypQYmAAR0IMFwRrDSQM,Rio de Janeiro (state),BRRJ,,BRA.19_1,1948731.0,686961.0,14730497.0,683538.7142857143
8afaf004,2023-01-11,2713302,76566,1948731.0,2313502.0,40558018.0,15033151.0,14114556.0,,,,,,,,,,,,,,,,,,,,,,2,Brazil,Rio de Janeiro,,-22.06694317,-42.0633655677008,17366189,BRA,BR,76,BRL,33,ChIJw4riypQYmAAR0IMFwRrDSQM,Rio de Janeiro (state),BRRJ,,BRA.19_1,1948731.0,688005.0,14729453.0,684577.5714285715
8afaf004,2023-01-12,2714491,76597,1948731.0,2313502.0,40558018.0,15033151.0,14114556.0,,,,,,,,,,,,,,,,,,,,,,2,Brazil,Rio de Janeiro,,-22.06694317,-42.0633655677008,17366189,BRA,BR,76,BRL,33,ChIJw4riypQYmAAR0IMFwRrDSQM,Rio de Janeiro (state),BRRJ,,BRA.19_1,1948731.0,689163.0,14728295.0,685706.8571428572
8afaf004,2023-01-13,2715649,76605,1948731.0,2313502.0,40558018.0,15033151.0,14114556.0,,,,,,,,,,,,,,,,,,,,,,2,Brazil,Rio de Janeiro,,-22.06694317,-42.0633655677008,17366189,BRA,BR,76,BRL,33,ChIJw4riypQYmAAR0IMFwRrDSQM,Rio de Janeiro (state),BRRJ,,BRA.19_1,1948731.0,690313.0,14727145.0,686637.7142857143
8afaf004,2023-01-14,2715649,76605,1948731.0,2313502.0,40558018.0,15033151.0,14114556.0,,,,,,,,,,,,,,,,,,,,,,2,Brazil,Rio de Janeiro,,-22.06694317,-42.0633655677008,17366189,BRA,BR,76,BRL,33,ChIJw4riypQYmAAR0IMFwRrDSQM,Rio de Janeiro (state),BRRJ,,BRA.19_1,1948731.0,690313.0,14727145.0,687568.5714285715
8afaf004,2023-01-15,2715649,76605,1948731.0,2313502.0,40558018.0,15033151.0,14114556.0,,,,,,,,,,,,,,,,,,,,,,2,Brazil,Rio de Janeiro,,-22.06694317,-42.0633655677008,17366189,BRA,BR,76,BRL,33,ChIJw4riypQYmAAR0IMFwRrDSQM,Rio de Janeiro (state),BRRJ,,BRA.19_1,1948731.0,690313.0,14727145.0,688499.4285714285
8afaf004,2023-01-16,2717193,76615,1948731.0,2313502.0,40558018.0,15033151.0,14114556.0,,,,,,,,,,,,,,,,,,,,,,2,Brazil,Rio de Janeiro,,-22.06694317,-42.0633655677008,17366189,BRA,BR,76,BRL,33,ChIJw4riypQYmAAR0IMFwRrDSQM,Rio de Janeiro (state),BRRJ,,BRA.19_1,1948731.0,691847.0,14725611.0,689559.2857142857
8afaf004,2023-01-17,2718341,76622,1948731.0,2313502.0,40558018.0,15033151.0,14114556.0,,,,,,,,,,,,,,,,,,,,,,2,Brazil,Rio de Janeiro,,-22.06694317,-42.0633655677008,17366189,BRA,BR,76,BRL,33,ChIJw4riypQYmAAR0IMFwRrDSQM,Rio de Janeiro (state),BRRJ,,BRA.19_1,1948731.0,692988.0,14724470.0,690420.2857142857
8afaf004,2023-01-18,2718700,76631,1948731.0,2313502.0,40558018.0,15033151.0,14114556.0,,,,,,,,,,,,,,,,,,,,,,2,Brazil,Rio de Janeiro,,-22.06694317,-42.0633655677008,17366189,BRA,BR,76,BRL,33,ChIJw4riypQYmAAR0IMFwRrDSQM,Rio de Janeiro (state),BRRJ,,BRA.19_1,1948731.0,693338.0,14724120.0,691182.1428571428
8afaf004,2023-01-19,2719059,76636,1948731.0,2313502.0,40558018.0,15033151.0,14114556.0,,,,,,,,,,,,,,,,,,,,,,2,Brazil,Rio de Janeiro,,-22.06694317,-42.0633655677008,17366189,BRA,BR,76,BRL,33,ChIJw4riypQYmAAR0IMFwRrDSQM,Rio de Janeiro (state),BRRJ,,BRA.19_1,1948731.0,693692.0,14723766.0,691829.1428571428
8afaf004,2023-01-20,2719059,76636,1948731.0,2313502.0,40558018.0,15033151.0,14114556.0,,,,,,,,,,,,,,,,,,,,,,2,Brazil,Rio de Janeiro,,-22.06694317,-42.0633655677008,17366189,BRA,BR,76,BRL,33,ChIJw4riypQYmAAR0IMFwRrDSQM,Rio de Janeiro (state),BRRJ,,BRA.19_1,1948731.0,693692.0,14723766.0,692311.8571428572
8afaf004,2023-01-21,2719059,76636,1948731.0,2313502.0,40558018.0,15033151.0,14114556.0,,,,,,,,,,,,,,,,,,,,,,2,Brazil,Rio de Janeiro,,-22.06694317,-42.0633655677008,17366189,BRA,BR,76,BRL,33,ChIJw4riypQYmAAR0IMFwRrDSQM,Rio de Janeiro (state),BRRJ,,BRA.19_1,1948731.0,693692.0,14723766.0,692794.5714285715
8afaf004,2023-01-22,2719059,76636,1948731.0,2313502.0,40558018.0,15033151.0,14114556.0,,,,,,,,,,,,,,,,,,,,,,2,Brazil,Rio de Janeiro,,-22.06694317,-42.0633655677008,17366189,BRA,BR,76,BRL,33,ChIJw4riypQYmAAR0IMFwRrDSQM,Rio de Janeiro (state),BRRJ,,BRA.19_1,1948731.0,693692.0,14723766.0,693277.2857142857
8afaf004,2023-01-23,2722927,76646,1948731.0,2313502.0,40558018.0,15033151.0,14114556.0,,,,,,,,,,,,,,,,,,,,,,2,Brazil,Rio de Janeiro,,-22.06694317,-42.0633655677008,17366189,BRA,BR,76,BRL,33,ChIJw4riypQYmAAR0IMFwRrDSQM,Rio de Janeiro (state),BRRJ,,BRA.19_1,1948731.0,697550.0,14719908.0,694092.0
8afaf004,2023-01-24,2723296,76652,1948731.0,2313502.0,40558018.0,15033151.0,14114556.0,,,,,,,,,,,,,,,,,,,,,,2,Brazil,Rio de Janeiro,,-22.06694317,-42.0633655677008,17366189,BRA,BR,76,BRL,33,ChIJw4riypQYmAAR0IMFwRrDSQM,Rio de Janeiro (state),BRRJ,,BRA.19_1,1948731.0,697913.0,14719545.0,694795.5714285715
8afaf004,2023-01-25,2725044,76657,1948731.0,2313502.0,40763789.0,15057815.0,14146706.0,,,,,,,,,,,,,,,,,,,,,,2,Brazil,Rio de Janeiro,,-22.06694317,-42.0633655677008,17366189,BRA,BR,76,BRL,33,ChIJw4riypQYmAAR0IMFwRrDSQM,Rio de Janeiro (state),BRRJ,,BRA.19_1,1948731.0,699656.0,14717802.0,695698.1428571428
8afaf004,2023-01-26,2726134,76658,1948731.0,2313502.0,40763789.0,15057815.0,14146706.0,,,,,,,,,,,,,,,,,,,,,,2,Brazil,Rio de Janeiro,,-22.06694317,-42.0633655677008,17366189,BRA,BR,76,BRL,33,ChIJw4riypQYmAAR0IMFwRrDSQM,Rio de Janeiro (state),BRRJ,,BRA.19_1,1948731.0,700745.0,14716713.0,696705.7142857143
8afaf004,2023-01-27,2727033,76664,1948731.0,2313502.0,40763789.0,15057815.0,14146706.0,,,,,,,,,,,,,,,,,,,,,,2,Brazil,Rio de Janeiro,,-22.06694317,-42.0633655677008,17366189,BRA,BR,76,BRL,33,ChIJw4riypQYmAAR0IMFwRrDSQM,Rio de Janeiro (state),BRRJ,,BRA.19_1,1948731.0,701638.0,14715820.0,697840.8571428572
8afaf004,2023-01-28,2727033,76664,1948731.0,2313502.0,40763789.0,15057815.0,14146706.0,,,,,,,,,,,,,,,,,,,,,,2,Brazil,Rio de Janeiro,,-22.06694317,-42.0633655677008,17366189,BRA,BR,76,BRL,33,ChIJw4riypQYmAAR0IMFwRrDSQM,Rio de Janeiro (state),BRRJ,,BRA.19_1,1948731.0,701638.0,14715820.0,698976.0
8afaf004,2023-01-29,2727033,76664,1948731.0,2313502.0,40763789.0,15057815.0,14146706.0,,,,,,,,,,,,,,,,,,,,,,2,Brazil,Rio de Janeiro,,-22.06694317,-42.0633655677008,17366189,BRA,BR,76,BRL,33,ChIJw4riypQYmAAR0IMFwRrDSQM,Rio de Janeiro (state),BRRJ,,BRA.19_1,1948731.0,701638.0,14715820.0,700111.1428571428
8afaf004,2023-01-30,2728100,76677,1948731.0,2313502.0,40763789.0,15057815.0,14146706.0,,,,,,,,,,,,,,,,,,,,,,2,Brazil,Rio de Janeiro,,-22.06694317,-42.0633655677008,17366189,BRA,BR,76,BRL,33,ChIJw4riypQYmAAR0IMFwRrDSQM,Rio de Janeiro (state),BRRJ,,BRA.19_1,1948731.0,702692.0,14714766.0,700845.7142857143
8afaf004,2023-01-31,2728919,76679,1948731.0,2313502.0,40763789.0,15057815.0,14146706.0,,,,,,,,,,,,,,,,,,,,,,2,Brazil,Rio de Janeiro,,-22.06694317,-42.0633655677008,17366189,BRA,BR,76,BRL,33,ChIJw4riypQYmAAR0IMFwRrDSQM,Rio de Janeiro (state),BRRJ,,BRA.19_1,1948731.0,703509.0,14713949.0,701645.1428571428
8afaf004,2023-02-01,2729686,76682,1948731.0,2313502.0,40763789.0,15057815.0,14146706.0,,,,,,,,,,,,,,,,,,,,,,2,Brazil,Rio de Janeiro,,-22.06694317,-42.0633655677008,17366189,BRA,BR,76,BRL,33,ChIJw4riypQYmAAR0IMFwRrDSQM,Rio de Janeiro (state),BRRJ,,BRA.19_1,1948731.0,704273.0,14713185.0,702304.7142857143
8afaf004,2023-02-02,2730501,76683,1948731.0,2313502.0,40849920.0,15067568.0,14162262.0,,,,,,,,,,,,,,,,,,,,,,2,Brazil,Rio de Janeiro,,-22.06694317,-42.0633655677008,17366189,BRA,BR,76,BRL,33,ChIJw4riypQYmAAR0IMFwRrDSQM,Rio de Janeiro (state),BRRJ,,BRA.19_1,1948731.0,705087.0,14712371.0,702925.0
8afaf004,2023-02-03,2731244,76692,1948731.0,2313502.0,40849920.0,15067568.0,14162262.0,,,,,,,,,,,,,,,,,,,,,,2,Brazil,Rio de Janeiro,,-22.06694317,-42.0633655677008,17366189,BRA,BR,76,BRL,33,ChIJw4riypQYmAAR0IMFwRrDSQM,Rio de Janeiro (state),BRRJ,,BRA.19_1,1948731.0,705821.0,14711637.0,703522.5714285715
8afaf004,2023-02-04,2731244,76692,1948731.0,2313502.0,40849920.0,15067568.0,14162262.0,,,,,,,,,,,,,,,,,,,,,,2,Brazil,Rio de Janeiro,,-22.06694317,-42.0633655677008,17366189,BRA,BR,76,BRL,33,ChIJw4riypQYmAAR0IMFwRrDSQM,Rio de Janeiro (state),BRRJ,,BRA.19_1,1948731.0,705821.0,14711637.0,704120.1428571428
8afaf004,2023-02-05,2731244,76692,1948731.0,2313502.0,40849920.0,15067568.0,14162262.0,,,,,,,,,,,,,,,,,,,,,,2,Brazil,Rio de Janeiro,,-22.06694317,-42.0633655677008,17366189,BRA,BR,76,BRL,33,ChIJw4riypQYmAAR0IMFwRrDSQM,Rio de Janeiro (state),BRRJ,,BRA.19_1,1948731.0,705821.0,14711637.0,704717.7142857143
8afaf004,2023-02-06,2732126,76700,1948731.0,2313502.0,40849920.0,15067568.0,14162262.0,,,,,,,,,,,,,,,,,,,,,,2,Brazil,Rio de Janeiro,,-22.06694317,-42.0633655677008,17366189,BRA,BR,76,BRL,33,ChIJw4riypQYmAAR0IMFwRrDSQM,Rio de Janeiro (state),BRRJ,,BRA.19_1,1948731.0,706695.0,14710763.0,705289.5714285715
8afaf004,2023-02-07,2733232,76709,1948731.0,2313502.0,40849920.0,15067568.0,14162262.0,,,,,,,,,,,,,,,,,,,,,,2,Brazil,Rio de Janeiro,,-22.06694317,-42.0633655677008,17366189,BRA,BR,76,BRL,33,ChIJw4riypQYmAAR0IMFwRrDSQM,Rio de Janeiro (state),BRRJ,,BRA.19_1,1948731.0,707792.0,14709666.0,705901.4285714285
8afaf004,2023-02-08,2733452,76714,1948731.0,2313502.0,40849920.0,15067568.0,14162262.0,,,,,,,,,,,,,,,,,,,,,,2,Brazil,Rio de Janeiro,,-22.06694317,-42.0633655677008,17366189,BRA,BR,76,BRL,33,ChIJw4riypQYmAAR0IMFwRrDSQM,Rio de Janeiro (state),BRRJ,,BRA.19_1,1948731.0,708007.0,14709451.0,706434.8571428572
8afaf004,2023-02-09,2733797,76725,1948731.0,2313502.0,40897757.0,15073637.0,14171262.0,,,,,,,,,,,,,,,,,,,,,,2,Brazil,Rio de Janeiro,,-22.06694317,-42.0633655677008,17366189,BRA,BR,76,BRL,33,ChIJw4riypQYmAAR0IMFwRrDSQM,Rio de Janeiro (state),BRRJ,,BRA.19_1,1948731.0,708341.0,14709117.0,706899.7142857143
8afaf004,2023-02-10,2735284,76725,1948731.0,2313502.0,40897757.0,15073637.0,14171262.0,,,,,,,,,,,,,,,,,,,,,,2,Brazil,Rio de Janeiro,,-22.06694317,-42.0633655677008,17366189,BRA,BR,76,BRL,33,ChIJw4riypQYmAAR0IMFwRrDSQM,Rio de Janeiro (state),BRRJ,,BRA.19_1,1948731.0,709828.0,14707630.0,707472.1428571428
8afaf004,2023-02-11,2735284,76725,1948731.0,2313502.0,40897757.0,15073637.0,14171262.0,,,,,,,,,,,,,,,,,,,,,,2,Brazil,Rio de Janeiro,,-22.06694317,-42.0633655677008,17366189,BRA,BR,76,BRL,33,ChIJw4riypQYmAAR0IMFwRrDSQM,Rio de Janeiro (state),BRRJ,,BRA.19_1,1948731.0,709828.0,14707630.0,708044.5714285715
8afaf004,2023-02-12,2735284,76725,1948731.0,2313502.0,40897757.0,15073637.0,14171262.0,,,,,,,,,,,,,,,,,,,,,,2,Brazil,Rio de Janeiro,,-22.06694317,-42.0633655677008,17366189,BRA,BR,76,BRL,33,ChIJw4riypQYmAAR0IMFwRrDSQM,Rio de Janeiro (state),BRRJ,,BRA.19_1,1948731.0,709828.0,14707630.0,708617.0
8afaf004,2023-02-13,2736123,76737,1948731.0,2313502.0,40897757.0,15073637.0,14171262.0,,,,,,,,,,,,,,,,,,,,,,2,Brazil,Rio de Janeiro,,-22.06694317,-42.0633655677008,17366189,BRA,BR,76,BRL,33,ChIJw4riypQYmAAR0IMFwRrDSQM,Rio de Janeiro (state),BRRJ,,BRA.19_1,1948731.0,710655.0,14706803.0,709182.7142857143
8afaf004,2023-02-14,2738010,76765,1948731.0,2313502.0,40897757.0,15073637.0,14171262.0,,,,,,,,,,,,,,,,,,,,,,2,Brazil,Rio de Janeiro,,-22.06694317,-42.0633655677008,17366189,BRA,BR,76,BRL,33,ChIJw4riypQYmAAR0IMFwRrDSQM,Rio de Janeiro (state),BRRJ,,BRA.19_1,1948731.0,712514.0,14704944.0,709857.2857142857
8afaf004,2023-02-15,2738496,76769,1948731.0,2313502.0,40897757.0,15073637.0,14171262.0,,,,,,,,,,,,,,,,,,,,,,2,Brazil,Rio de Janeiro,,-22.06694317,-42.0633655677008,17366189,BRA,BR,76,BRL,33,ChIJw4riypQYmAAR0IMFwRrDSQM,Rio de Janeiro (state),BRRJ,,BRA.19_1,1948731.0,712996.0,14704462.0,710570.0
8afaf004,2023-02-16,2740067,76776,1948731.0,2313502.0,40897757.0,15073637.0,14171262.0,,,,,,,,,,,,,,,,,,,,,,2,Brazil,Rio de Janeiro,,-22.06694317,-42.0633655677008,17366189,BRA,BR,76,BRL,33,ChIJw4riypQYmAAR0IMFwRrDSQM,Rio de Janeiro (state),BRRJ,,BRA.19_1,1948731.0,714560.0,14702898.0,711458.4285714285
8afaf004,2023-02-17,2740730,76781,1948731.0,2313502.0,40897757.0,15073637.0,14171262.0,,,,,,,,,,,,,,,,,,,,,,2,Brazil,Rio de Janeiro,,-22.06694317,-42.0633655677008,17366189,BRA,BR,76,BRL,33,ChIJw4riypQYmAAR0IMFwRrDSQM,Rio de Janeiro (state),BRRJ,,BRA.19_1,1948731.0,715218.0,14702240.0,712228.4285714285
8afaf004,2023-02-18,2740730,76781,1948731.0,2313502.0,40897757.0,15073637.0,14171262.0,,,,,,,,,,,,,,,,,,,,,,2,Brazil,Rio de Janeiro,,-22.06694317,-42.0633655677008,17366189,BRA,BR,76,BRL,33,ChIJw4riypQYmAAR0IMFwRrDSQM,Rio de Janeiro (state),BRRJ,,BRA.19_1,1948731.0,715218.0,14702240.0,712998.4285714285
8afaf004,2023-02-19,2740730,76781,1948731.0,2313502.0,40897757.0,15073637.0,14171262.0,,,,,,,,,,,,,,,,,,,,,,2,Brazil,Rio de Janeiro,,-22.06694317,-42.0633655677008,17366189,BRA,BR,76,BRL,33,ChIJw4riypQYmAAR0IMFwRrDSQM,Rio de Janeiro (state),BRRJ,,BRA.19_1,1948731.0,715218.0,14702240.0,713768.4285714285
8afaf004,2023-02-20,2740730,76781,1948731.0,2313502.0,40995774.0,15093981.0,14188183.0,,,,,,,,,,,,,,,,,,,,,,2,Brazil,Rio de Janeiro,,-22.06694317,-42.0633655677008,17366189,BRA,BR,76,BRL,33,ChIJw4riypQYmAAR0IMFwRrDSQM,Rio de Janeiro (state),BRRJ,,BRA.19_1,1948731.0,715218.0,14702240.0,714420.2857142857
8afaf004,2023-02-21,2740730,76781,1948731.0,2313502.0,40995774.0,15093981.0,14188183.0,,,,,,,,,,,,,,,,,,,,,,2,Brazil,Rio de Janeiro,,-22.06694317,-42.0633655677008,17366189,BRA,BR,76,BRL,33,ChIJw4riypQYmAAR0IMFwRrDSQM,Rio de Janeiro (state),BRRJ,,BRA.19_1,1948731.0,715218.0,14702240.0,714806.5714285715
8afaf004,2023-02-22,2740730,76781,1948731.0,2313502.0,40995774.0,15093981.0,14188183.0,,,,,,,,,,,,,,,,,,,,,,2,Brazil,Rio de Janeiro,,-22.06694317,-42.0633655677008,17366189,BRA,BR,76,BRL,33,ChIJw4riypQYmAAR0IMFwRrDSQM,Rio de Janeiro (state),BRRJ,,BRA.19_1,1948731.0,715218.0,14702240.0,715124.0
8afaf004,2023-02-23,2742697,76803,1948731.0,2313502.0,40995774.0,15093981.0,14188183.0,,,,,,,,,,,,,,,,,,,,,,2,Brazil,Rio de Janeiro,,-22.06694317,-42.0633655677008,17366189,BRA,BR,76,BRL,33,ChIJw4riypQYmAAR0IMFwRrDSQM,Rio de Janeiro (state),BRRJ,,BRA.19_1,1948731.0,717163.0,14700295.0,715495.8571428572
8afaf004,2023-02-24,2744390,76811,1948731.0,2313502.0,40995774.0,15093981.0,14188183.0,,,,,,,,,,,,,,,,,,,,,,2,Brazil,Rio de Janeiro,,-22.06694317,-42.0633655677008,17366189,BRA,BR,76,BRL,33,ChIJw4riypQYmAAR0IMFwRrDSQM,Rio de Janeiro (state),BRRJ,,BRA.19_1,1948731.0,718848.0,14698610.0,716014.4285714285
8afaf004,2023-02-25,2744390,76811,1948731.0,2313502.0,40995774.0,15093981.0,14188183.0,,,,,,,,,,,,,,,,,,,,,,2,Brazil,Rio de Janeiro,,-22.06694317,-42.0633655677008,17366189,BRA,BR,76,BRL,33,ChIJw4riypQYmAAR0IMFwRrDSQM,Rio de Janeiro (state),BRRJ,,BRA.19_1,1948731.0,718848.0,14698610.0,716533.0
8afaf004,2023-02-26,2744390,76811,1948731.0,2313502.0,40995774.0,15093981.0,14188183.0,,,,,,,,,,,,,,,,,,,,,,2,Brazil,Rio de Janeiro,,-22.06694317,-42.0633655677008,17366189,BRA,BR,76,BRL,33,ChIJw4riypQYmAAR0IMFwRrDSQM,Rio de Janeiro (state),BRRJ,,BRA.19_1,1948731.0,718848.0,14698610.0,717051.5714285715
8afaf004,2023-02-27,2745792,76817,1948731.0,2313502.0,40996120.0,15094040.0,14188235.0,,,,,,,,,,,,,,,,,,,,,,2,Brazil,Rio de Janeiro,,-22.06694317,-42.0633655677008,17366189,BRA,BR,76,BRL,33,ChIJw4riypQYmAAR0IMFwRrDSQM,Rio de Janeiro (state),BRRJ,,BRA.19_1,1948731.0,720244.0,14697214.0,717769.5714285715
8afaf004,2023-02-28,2748109,76824,1948731.0,2313502.0,40996120.0,15094040.0,14188235.0,,,,,,,,,,,,,,,,,,,,,,2,Brazil,Rio de Janeiro,,-22.06694317,-42.0633655677008,17366189,BRA,BR,76,BRL,33,ChIJw4riypQYmAAR0IMFwRrDSQM,Rio de Janeiro (state),BRRJ,,BRA.19_1,1948731.0,722554.0,14694904.0,718817.5714285715
8afaf004,2023-03-01,2749661,76833,1948731.0,2313502.0,40996120.0,15094040.0,14188235.0,,,,,,,,,,,,,,,,,,,,,,2,Brazil,Rio de Janeiro,,-22.06694317,-42.0633655677008,17366189,BRA,BR,76,BRL,33,ChIJw4riypQYmAAR0IMFwRrDSQM,Rio de Janeiro (state),BRRJ,,BRA.19_1,1948731.0,724097.0,14693361.0,720086.0
8afaf004,2023-03-02,2749661,76833,1948731.0,2313502.0,40996120.0,15094040.0,14188235.0,,,,,,,,,,,,,,,,,,,,,,2,Brazil,Rio de Janeiro,,-22.06694317,-42.0633655677008,17366189,BRA,BR,76,BRL,33,ChIJw4riypQYmAAR0IMFwRrDSQM,Rio de Janeiro (state),BRRJ,,BRA.19_1,1948731.0,724097.0,14693361.0,721076.5714285715
8afaf004,2023-03-03,2752662,76844,1948731.0,2313502.0,40996120.0,15094040.0,14188235.0,,,,,,,,,,,,,,,,,,,,,,2,Brazil,Rio de Janeiro,,-22.06694317,-42.0633655677008,17366189,BRA,BR,76,BRL,33,ChIJw4riypQYmAAR0IMFwRrDSQM,Rio de Janeiro (state),BRRJ,,BRA.19_1,1948731.0,727087.0,14690371.0,722253.5714285715
8afaf004,2023-03-04,2752662,76844,1948731.0,2313502.0,40996120.0,15094040.0,14188235.0,,,,,,,,,,,,,,,,,,,,,,2,Brazil,Rio de Janeiro,,-22.06694317,-42.0633655677008,17366189,BRA,BR,76,BRL,33,ChIJw4riypQYmAAR0IMFwRrDSQM,Rio de Janeiro (state),BRRJ,,BRA.19_1,1948731.0,727087.0,14690371.0,723430.5714285715
8afaf004,2023-03-05,2752662,76844,1948731.0,2313502.0,40996120.0,15094040.0,14188235.0,,,,,,,,,,,,,,,,,,,,,,2,Brazil,Rio de Janeiro,,-22.06694317,-42.0633655677008,17366189,BRA,BR,76,BRL,33,ChIJw4riypQYmAAR0IMFwRrDSQM,Rio de Janeiro (state),BRRJ,,BRA.19_1,1948731.0,727087.0,14690371.0,724607.5714285715
8afaf004,2023-03-06,2752662,76844,1948731.0,2313502.0,40996120.0,15094040.0,14188235.0,,,,,,,,,,,,,,,,,,,,,,2,Brazil,Rio de Janeiro,,-22.06694317,-42.0633655677008,17366189,BRA,BR,76,BRL,33,ChIJw4riypQYmAAR0IMFwRrDSQM,Rio de Janeiro (state),BRRJ,,BRA.19_1,1948731.0,727087.0,14690371.0,725585.1428571428
8afaf004,2023-03-07,2752662,76844,1948731.0,2313502.0,40996120.0,15094040.0,14188235.0,,,,,,,,,,,,,,,,,,,,,,2,Brazil,Rio de Janeiro,,-22.06694317,-42.0633655677008,17366189,BRA,BR,76,BRL,33,ChIJw4riypQYmAAR0IMFwRrDSQM,Rio de Janeiro (state),BRRJ,,BRA.19_1,1948731.0,727087.0,14690371.0,726232.7142857143
8afaf004,2023-03-08,2752662,76844,1948731.0,2313502.0,40996120.0,15094040.0,14188235.0,,,,,,,,,,,,,,,,,,,,,,2,Brazil,Rio de Janeiro,,-22.06694317,-42.0633655677008,17366189,BRA,BR,76,BRL,33,ChIJw4riypQYmAAR0IMFwRrDSQM,Rio de Janeiro (state),BRRJ,,BRA.19_1,1948731.0,727087.0,14690371.0,726659.8571428572
8afaf004,2023-03-09,2752662,76844,1948731.0,2313502.0,40996120.0,15094040.0,14188235.0,,,,,,,,,,,,,,,,,,,,,,2,Brazil,Rio de Janeiro,,-22.06694317,-42.0633655677008,17366189,BRA,BR,76,BRL,33,ChIJw4riypQYmAAR0IMFwRrDSQM,Rio de Janeiro (state),BRRJ,,BRA.19_1,1948731.0,727087.0,14690371.0,727087.0
8afaf004,2023-03-10,2754359,76852,1948731.0,2313502.0,41105750.0,15115122.0,14207828.0,,,,,,,,,,,,,,,,,,,,,,2,Brazil,Rio de Janeiro,,-22.06694317,-42.0633655677008,17366189,BRA,BR,76,BRL,33,ChIJw4riypQYmAAR0IMFwRrDSQM,Rio de Janeiro (state),BRRJ,,BRA.19_1,1948731.0,728776.0,14688682.0,727328.2857142857
8afaf004,2023-03-11,2754359,76852,1948731.0,2313502.0,41105750.0,15115122.0,14207828.0,,,,,,,,,,,,,,,,,,,,,,2,Brazil,Rio de Janeiro,,-22.06694317,-42.0633655677008,17366189,BRA,BR,76,BRL,33,ChIJw4riypQYmAAR0IMFwRrDSQM,Rio de Janeiro (state),BRRJ,,BRA.19_1,1948731.0,728776.0,14688682.0,727569.5714285715
8afaf004,2023-03-12,2754359,76852,1948731.0,2313502.0,41105750.0,15115122.0,14207828.0,,,,,,,,,,,,,,,,,,,,,,2,Brazil,Rio de Janeiro,,-22.06694317,-42.0633655677008,17366189,BRA,BR,76,BRL,33,ChIJw4riypQYmAAR0IMFwRrDSQM,Rio de Janeiro (state),BRRJ,,BRA.19_1,1948731.0,728776.0,14688682.0,727810.8571428572
8afaf004,2023-03-13,2754359,76852,1948731.0,2313502.0,41105750.0,15115122.0,14207828.0,,,,,,,,,,,,,,,,,,,,,,2,Brazil,Rio de Janeiro,,-22.06694317,-42.0633655677008,17366189,BRA,BR,76,BRL,33,ChIJw4riypQYmAAR0IMFwRrDSQM,Rio de Janeiro (state),BRRJ,,BRA.19_1,1948731.0,728776.0,14688682.0,728052.1428571428
8afaf004,2023-03-14,2754359,76852,1948731.0,2313502.0,41143068.0,15121637.0,14214610.0,,,,,,,,,,,,,,,,,,,,,,2,Brazil,Rio de Janeiro,,-22.06694317,-42.0633655677008,17366189,BRA,BR,76,BRL,33,ChIJw4riypQYmAAR0IMFwRrDSQM,Rio de Janeiro (state),BRRJ,,BRA.19_1,1948731.0,728776.0,14688682.0,728293.4285714285
8afaf004,2023-03-15,2754359,76852,1948731.0,2313502.0,41143068.0,15121637.0,14214610.0,,,,,,,,,,,,,,,,,,,,,,2,Brazil,Rio de Janeiro,,-22.06694317,-42.0633655677008,17366189,BRA,BR,76,BRL,33,ChIJw4riypQYmAAR0IMFwRrDSQM,Rio de Janeiro (state),BRRJ,,BRA.19_1,1948731.0,728776.0,14688682.0,728534.7142857143
8afaf004,2023-03-16,2754359,76852,1948731.0,2313502.0,41143068.0,15121637.0,14214610.0,,,,,,,,,,,,,,,,,,,,,,2,Brazil,Rio de Janeiro,,-22.06694317,-42.0633655677008,17366189,BRA,BR,76,BRL,33,ChIJw4riypQYmAAR0IMFwRrDSQM,Rio de Janeiro (state),BRRJ,,BRA.19_1,1948731.0,728776.0,14688682.0,728776.0
8afaf004,2023-03-17,2754359,76852,1948731.0,2313502.0,41143068.0,15121637.0,14214610.0,,,,,,,,,,,,,,,,,,,,,,2,Brazil,Rio de Janeiro,,-22.06694317,-42.0633655677008,17366189,BRA,BR,76,BRL,33,ChIJw4riypQYmAAR0IMFwRrDSQM,Rio de Janeiro (state),BRRJ,,BRA.19_1,1948731.0,728776.0,14688682.0,728776.0
8afaf004,2023-03-18,2754359,76852,1948731.0,2313502.0,41143068.0,15121637.0,14214610.0,,,,,,,,,,,,,,,,,,,,,,2,Brazil,Rio de Janeiro,,-22.06694317,-42.0633655677008,17366189,BRA,BR,76,BRL,33,ChIJw4riypQYmAAR0IMFwRrDSQM,Rio de Janeiro (state),BRRJ,,BRA.19_1,1948731.0,728776.0,14688682.0,728776.0
8afaf004,2023-03-19,2754359,76852,1948731.0,2313502.0,41143068.0,15121637.0,14214610.0,,,,,,,,,,,,,,,,,,,,,,2,Brazil,Rio de Janeiro,,-22.06694317,-42.0633655677008,17366189,BRA,BR,76,BRL,33,ChIJw4riypQYmAAR0IMFwRrDSQM,Rio de Janeiro (state),BRRJ,,BRA.19_1,1948731.0,728776.0,14688682.0,728776.0
8afaf004,2023-03-20,2754359,76852,1948731.0,2313502.0,41143068.0,15121637.0,14214610.0,,,,,,,,,,,,,,,,,,,,,,2,Brazil,Rio de Janeiro,,-22.06694317,-42.0633655677008,17366189,BRA,BR,76,BRL,33,ChIJw4riypQYmAAR0IMFwRrDSQM,Rio de Janeiro (state),BRRJ,,BRA.19_1,1948731.0,728776.0,14688682.0,728776.0
8afaf004,2023-03-21,2754359,76852,1948731.0,2313502.0,41143068.0,15121637.0,14214610.0,,,,,,,,,,,,,,,,,,,,,,2,Brazil,Rio de Janeiro,,-22.06694317,-42.0633655677008,17366189,BRA,BR,76,BRL,33,ChIJw4riypQYmAAR0IMFwRrDSQM,Rio de Janeiro (state),BRRJ,,BRA.19_1,1948731.0,728776.0,14688682.0,728776.0
8afaf004,2023-03-22,2754359,76852,1948731.0,2313502.0,41143068.0,15121637.0,14214610.0,,,,,,,,,,,,,,,,,,,,,,2,Brazil,Rio de Janeiro,,-22.06694317,-42.0633655677008,17366189,BRA,BR,76,BRL,33,ChIJw4riypQYmAAR0IMFwRrDSQM,Rio de Janeiro (state),BRRJ,,BRA.19_1,1948731.0,728776.0,14688682.0,728776.0
8afaf004,2023-03-23,2754359,76852,1948731.0,2313502.0,41143068.0,15121637.0,14214610.0,,,,,,,,,,,,,,,,,,,,,,2,Brazil,Rio de Janeiro,,-22.06694317,-42.0633655677008,17366189,BRA,BR,76,BRL,33,ChIJw4riypQYmAAR0IMFwRrDSQM,Rio de Janeiro (state),BRRJ,,BRA.19_1,1948731.0,728776.0,14688682.0,728776.0
